n,red,ir
1097,107090,116024
1098,107100,116027
1099,107121,116065
1100,107102,116066
1101,107122,116084
1102,107111,116087
1103,107145,116089
1104,107130,116105
1105,107110,116079
1106,107115,116022
1107,107098,115984
1108,107065,115917
1109,107064,115863
1110,107026,115805
1111,107028,115779
1112,107010,115749
1113,107021,115750
1114,107006,115742
1115,107018,115767
1116,107015,115761
1117,107009,115796
1118,107018,115828
1119,107040,115847
1120,107030,115835
1121,107026,115876
1122,107008,115870
1123,107045,115885
1124,107033,115875
1125,107050,115903
1126,107053,115919
1127,107058,115941
1128,107079,115929
1129,107056,115947
1130,107065,115917
1131,107078,115926
1132,107047,115918
1133,107066,115908
1134,107028,115873
1135,107030,115884
1136,107031,115876
1137,107036,115874
1138,107014,115854
1139,107025,115888
1140,107031,115881
1141,107048,115898
1142,107028,115909
1143,107045,115931
1144,107039,115910
1145,107042,115958
1146,107043,115974
1147,107084,115976
1148,107042,116015
1149,107062,116040
1150,107056,116038
1151,107063,116046
1152,107053,116063
1153,107068,116069
1154,107057,116076
1155,107065,116087
1156,107057,116092
1157,107071,116127
1158,107070,116107
1159,107076,116122
1160,107086,116107
1161,107070,116097
1162,107048,116038
1163,107055,115991
1164,107014,115924
1165,107011,115890
1166,106974,115808
1167,106982,115782
1168,106961,115738
1169,106972,115734
1170,106946,115687
1171,106972,115696
1172,106943,115686
1173,106956,115715
1174,106938,115699
1175,107001,115749
1176,106948,115721
1177,107014,115768
1178,106956,115741
1179,107009,115793
1180,106963,115745
1181,107052,115820
1182,106971,115779
1183,107039,115853
1184,106999,115804
1185,107054,115890
1186,106980,115836
1187,107066,115945
1188,107008,115878
1189,107051,115933
1190,106998,115865
1191,107082,115931
1192,107020,115883
1193,107062,115912
1194,107023,115903
1195,107073,115955
1196,107041,115940
1197,107072,115983
1198,107036,115985
1199,107052,116025
1200,107069,116024
1201,107068,116079
1202,107063,116061
1203,107076,116101
1204,107082,116103
1205,107081,116116
1206,107055,116127
1207,107073,116137
1208,107071,116141
1209,107089,116162
1210,107075,116181
1211,107087,116185
1212,107075,116208
1213,107104,116234
1214,107082,116244
1215,107088,116236
1216,107079,116240
1217,107102,116255
1218,107063,116243
1219,107077,116242
1220,107061,116189
1221,107025,116150
1222,107036,116083
1223,107012,116023
1224,106979,115937
1225,106960,115887
1226,106971,115879
1227,106973,115835
1228,106941,115818
1229,106977,115825
1230,106956,115834
1231,106960,115832
1232,106952,115842
1233,106954,115853
1234,106956,115852
1235,106977,115856
1236,106947,115839
1237,106972,115869
1238,106967,115878
1239,106984,115896
1240,106979,115896
1241,106981,115935
1242,106999,115944
1243,107013,115968
1244,107030,115942
1245,107023,115985
1246,107033,115947
1247,107053,115971
1248,107025,115944
1249,107031,115937
1250,107034,115942
1251,107042,115955
1252,107028,115962
1253,107028,115977
1254,107047,115982
1255,107053,116017
1256,107054,116018
1257,107045,116046
1258,107046,116027
1259,107068,116047
1260,107035,116066
1261,107050,116086
1262,107037,116069
1263,107027,116076
1264,107025,116104
1265,107011,116114
1266,107023,116129
1267,107032,116140
1268,107018,116148
1269,107030,116134
1270,107013,116132
1271,107025,116118
1272,107015,116126
1273,107020,116123
1274,107023,116083
1275,107010,116095
1276,107004,116057
1277,106985,116069
1278,107033,115947
1279,107053,115971
1280,107025,115944
1281,107031,115937
1282,107034,115942
1283,107042,115955
1284,107028,115962
1285,107028,115977
1286,107047,115982
1287,107053,116017
1288,107054,116018
1289,107045,116046
1290,107046,116027
1291,107068,116047
1292,107035,116066
1293,107050,116086
1294,107037,116069
1295,107027,116076
1296,107025,116104
1297,107011,116114
1298,107023,116129
1299,107032,116140
1300,107018,116148
1301,107030,116134
1302,107013,116132
1303,107025,116118
1304,107015,116126
1305,107020,116123
1306,107023,116083
1307,107010,116095
1308,107004,116057
1309,106985,116069
1310,107008,116083
1311,106998,116075
1312,106979,116049
1313,106996,116052
1314,106990,116001
1315,106960,115989
1316,106934,115888
1317,106935,115828
1318,106909,115756
1319,106900,115724
1320,106871,115669
1321,106872,115642
1322,106870,115601
1323,106862,115594
1324,106839,115598
1325,106860,115596
1326,106867,115591
1327,106881,115634
1328,106856,115617
1329,106892,115661
1330,106911,115629
1331,106885,115631
1332,106910,115647
1333,106918,115688
1334,106920,115660
1335,106926,115698
1336,106914,115715
1337,106947,115734
1338,106929,115740
1339,106928,115701
1340,106953,115729
1341,106937,115738
1342,106888,115732
1343,106908,115753
1344,106876,115766
1345,106922,115777
1346,106900,115797
1347,106904,115809
1348,106912,115829
1349,106919,115832
1350,106905,115829
1351,106921,115861
1352,106877,115833
1353,106916,115872
1354,106924,115887
1355,106926,115897
1356,106932,115883
1357,106932,115895
1358,106925,115905
1359,106959,115924
1360,106930,115944
1361,106950,115942
1362,106918,115927
1363,106939,115945
1364,106947,115940
1365,106972,115956
1366,106945,115968
1367,106940,115974
1368,106931,115956
1369,106947,115734
1370,106921,115956
1371,106927,115968
1372,106920,115957
1373,106934,115968
1374,106925,115963
1375,106916,115971
1376,106915,115996
1377,106945,115973
1378,106936,115987
1379,106934,115985
1380,106933,115970
1381,106937,115904
1382,106884,115827
1383,106895,115761
1384,106872,115686
1385,106861,115683
1386,106848,115657
1387,106859,115651
1388,106829,115644
1389,106828,115652
1390,106853,115663
1391,106857,115682
1392,106869,115708
1393,106857,115728
1394,106856,115719
1395,106892,115786
1396,106874,115774
1397,106883,115819
1398,106894,115813
1399,106881,115847
1400,106897,115856
1401,106894,115876
1402,106876,115903
1403,106899,115888
1404,106904,115903
1405,106918,115939
1406,106872,115957
1407,106908,115954
1408,106915,115941
1409,106919,115966
1410,106930,115944
1411,106923,115955
1412,106908,115924
1413,106894,115908
1414,106888,115904
1415,106889,115892
1416,106867,115892
1417,106895,115904
1418,106865,115876
1419,106866,115885
1420,106877,115870
1421,106889,115894
1422,106888,115874
1423,106893,115854
1424,106887,115865
1425,106904,115870
1426,106863,115870
1427,106893,115886
1428,106863,115897
1429,106886,115931
1430,106877,115930
1431,106878,115904
1432,106878,115932
1433,106903,115910
1434,106880,115924
1435,106889,115914
1436,106903,115941
1437,106909,115921
1438,106901,115951
1439,106943,115959
1440,106930,115946
1441,106925,115957
1442,106911,115928
1443,106896,115898
1444,106920,115798
1445,106890,115762
1446,106878,115731
1447,106872,115688
1448,106884,115659
1449,106862,115638
1450,106841,115635
1451,106833,115628
1452,106840,115634
1453,106851,115636
1454,106870,115641
1455,106848,115664
1456,106873,115675
1457,106846,115701
1458,106871,115704
1459,106860,115735
1460,106882,115748
1461,106898,115770
1462,106890,115800
1463,106885,115807
1464,106872,115811
1465,106880,115814
1466,106872,115809
1467,106872,115830
1468,106879,115815
1469,106878,115827
1470,106871,115802
1471,106866,115816
1472,106890,115824
1473,106868,115811
1474,106869,115826
1475,106880,115809
1476,106880,115807
1477,106891,115815
1478,106885,115807
1479,106892,115817
1480,106871,115833
1481,106877,115829
1482,106882,115855
1483,106897,115859
1484,106868,115862
1485,106904,115887
1486,106895,115899
1487,106885,115909
1488,106921,115910
1489,106906,115925
1490,106893,115931
1491,106901,115937
1492,106912,115975
1493,106894,115957
1494,106897,116000
1495,106897,115988
1496,106920,116002
1497,106900,116018
1498,106921,116044
1499,106916,116074
1500,106918,116051
1501,106874,116058
1502,106893,116004
1503,106859,115952
1504,106841,115879
1505,106801,115811
1506,106779,115744
1507,106781,115710
1508,106769,115699
1509,106779,115659
1510,106744,115685
1511,106771,115668
1512,106758,115691
1513,106774,115683
1514,106761,115708
1515,106773,115713
1516,106763,115711
1517,106775,115729
1518,106745,115708
1519,106748,115749
1520,106757,115750
1521,106763,115777
1522,106758,115795
1523,106780,115793
1524,106771,115821
1525,106769,115815
1526,106750,115810
1527,106787,115815
1528,106770,115811
1529,106773,115831
1530,106777,115824
1531,106772,115836
1532,106748,115835
1533,106734,115850
1534,106759,115866
1535,106774,115856
1536,106781,115885
1537,106777,115896
1538,106775,115889
1539,106787,115909
1540,106765,115912
1541,106776,115930
1542,106784,115917
1543,106781,115903
1544,106799,115947
1545,106821,115925
1546,106827,115934
1547,106810,115926
1548,106833,115909
1549,106807,115844
1550,106812,115823
1551,106817,115785
1552,106833,115765
1553,106817,115740
1554,106796,115708
1555,106836,115726
1556,106820,115721
1557,106814,115703
1558,106813,115720
1559,106793,115733
1560,106814,115726
1561,106817,115745
1562,106804,115744
1563,106785,115689
1564,106788,115659
1565,106744,115571
1566,106731,115531
1567,106717,115461
1568,106703,115416
1569,106676,115380
1570,106668,115384
1571,106679,115387
1572,106654,115416
1573,106668,115410
1574,106677,115442
1575,106674,115462
1576,106698,115468
1577,106698,115488
1578,106702,115498
1579,106717,115516
1580,106702,115528
1581,106706,115527
1582,106711,115532
1583,106709,115552
1584,106734,115572
1585,106738,115584
1586,106753,115584
1587,106732,115586
1588,106751,115625
1589,106744,115638
1590,106743,115645
1591,106743,115654
1592,106747,115667
1593,106762,115638
1594,106757,115647
1595,106747,115630
1596,106773,115670
1597,106744,115571
1598,106762,115701
1599,106789,115707
1600,106772,115710
1601,106783,115697
1602,106790,115708
1603,106789,115689
1604,106832,115701
1605,106815,115690
1606,106832,115707
1607,106850,115670
1608,106854,115697
1609,106861,115682
1610,106866,115712
1611,106874,115716
1612,106895,115728
1613,106864,115746
1614,106875,115764
1615,106885,115769
1616,106874,115776
1617,106880,115778
1618,106904,115809
1619,106894,115838
1620,106908,115834
1621,106888,115833
1622,106912,115866
1623,106874,115904
1624,106888,115877
1625,106908,115886
1626,106915,115901
1627,106894,115845
1628,106878,115811
1629,106868,115723
1630,106870,115651
1631,106830,115564
1632,106847,115522
1633,106811,115459
1634,106809,115432
1635,106796,115426
1636,106832,115396
1637,106830,115421
1638,106835,115440
1639,106839,115461
1640,106833,115459
1641,106821,115476
1642,106857,115499
1643,106844,115495
1644,106855,115521
1645,106864,115514
1646,106878,115510
1647,106839,115533
1648,106864,115564
1649,106845,115547
1650,106850,115584
1651,106829,115600
1652,106859,115629
1653,106837,115654
1654,106832,115673
1655,106834,115664
1656,106846,115652
1657,106825,115685
1658,106847,115683
1659,106844,115669
1660,106844,115677
1661,106817,115682
1662,106820,115710
1663,106823,115697
1664,106803,115689
1665,106827,115722
1666,106821,115724
1667,106804,115735
1668,106817,115746
1669,106825,115769
1670,106835,115776
1671,106821,115795
1672,106837,115814
1673,106805,115822
1674,106822,115835
1675,106815,115846
1676,106825,115875
1677,106832,115881
1678,106821,115883
1679,106819,115900
1680,106818,115920
1681,106819,115945
1682,106825,115957
1683,106841,115998
1684,106843,115972
1685,106808,115995
1686,106830,116010
1687,106823,115968
1688,106810,115942
1689,106800,115872
1690,106776,115811
1691,106742,115706
1692,106735,115650
1693,106694,115619
1694,106701,115580
1695,106665,115558
1696,106698,115560
1697,106678,115547
1698,106687,115536
1699,106680,115586
1700,106699,115588
1701,106690,115603
1702,106701,115620
1703,106715,115631
1704,106720,115661
1705,106716,115641
1706,106726,115660
1707,106716,115670
1708,106757,115686
1709,106723,115687
1710,106728,115687
1711,106744,115708
1712,106754,115742
1713,106762,115735
1714,106776,115766
1715,106772,115766
1716,106775,115774
1717,106764,115805
1718,106784,115769
1719,106772,115790
1720,106795,115789
1721,106788,115799
1722,106785,115786
1723,106751,115793
1724,106782,115797
1725,106791,115787
1726,106798,115825
1727,106762,115832
1728,106779,115840
1729,106795,115840
1730,106799,115863
1731,106773,115886
1732,106824,115917
1733,106799,115880
1734,106782,115921
1735,106795,115919
1736,106791,115933
1737,106775,115948
1738,106789,115959
1739,106818,115944
1740,106799,115958
1741,106831,115961
1742,106810,115987
1743,106820,115971
1744,106793,116024
1745,106803,116018
1746,106810,116018
1747,106799,116037
1748,106800,116050
1749,106808,116082
1750,106844,116073
1751,106811,116102
1752,106838,116132
1753,106809,116124
1754,106815,116121
1755,106789,116089
1756,106793,115999
1757,106774,115898
1758,106713,115841
1759,106715,115718
1760,106674,115674
1761,106649,115618
1762,106659,115584
1763,106648,115578
1764,106648,115587
1765,106630,115580
1766,106655,115585
1767,106661,115634
1768,106680,115609
1769,106673,115622
1770,106684,115644
1771,106694,115622
1772,106694,115649
1773,106692,115633
1774,106721,115625
1775,106703,115654
1776,106709,115667
1777,106707,115671
1778,106749,115705
1779,106724,115739
1780,106754,115731
1781,106763,115751
1782,106757,115793
1783,106754,115795
1784,106771,115822
1785,106752,115823
1786,106763,115848
1787,106781,115875
1788,106784,115882
1789,106781,115880
1790,106776,115892
1791,106778,115909
1792,106773,115912
1793,106763,115908
1794,106786,115938
1795,106786,115941
1796,106790,115937
1797,106784,115955
1798,106793,116001
1799,106786,115964
1800,106793,116019
1801,106778,116013
1802,106798,116043
1803,106795,116044
1804,106808,116075
1805,106811,116077
1806,106833,116092
1807,106811,116090
1808,106802,116118
1809,106815,116128
1810,106831,116128
1811,106828,116127
1812,106843,116166
1813,106849,116159
1814,106839,116182
1815,106807,116183
1816,106853,116217
1817,106850,116209
1818,106849,116234
1819,106845,116211
1820,106865,116232
1821,106851,116232
1822,106866,116247
1823,106845,116254
1824,106882,116267
1825,106867,116240
1826,106881,116276
1827,106842,116219
1828,106790,115937
1829,106797,116082
1830,106797,116011
1831,106721,115942
1832,106742,115889
1833,106695,115850
1834,106697,115845
1835,106692,115820
1836,106707,115868
1837,106693,115852
1838,106718,115885
1839,106726,115907
1840,106716,115933
1841,106717,115937
1842,106740,115981
1843,106743,115977
1844,106764,116009
1845,106773,115984
1846,106766,116017
1847,106747,116009
1848,106781,116033
1849,106767,116025
1850,106791,116038
1851,106757,116066
1852,106773,116098
1853,106794,116103
1854,106802,116140
1855,106798,116111
1856,106801,116122
1857,106789,116146
1858,106811,116144
1859,106801,116136
1860,106811,116170
1861,106801,116172
1862,106802,116190
1863,106795,116194
1864,106813,116218
1865,106832,116232
1866,106834,116261
1867,106840,116266
1868,106845,116290
1869,106851,116287
1870,106829,116323
1871,106848,116340
1872,106864,116351
1873,106849,116352
1874,106859,116390
1875,106854,116378
1876,106882,116399
1877,106872,116423
1878,106881,116460
1879,106879,116429
1880,106896,116446
1881,106884,116443
1882,106885,116481
1883,106892,116490
1884,106901,116525
1885,106904,116539
1886,106923,116527
1887,106883,116542
1888,106937,116557
1889,106899,116553
1890,106920,116558
1891,106909,116553
1892,106919,116584
1893,106914,116582
1894,106943,116588
1895,106940,116606
1896,106931,116622
1897,106920,116630
1898,106952,116639
1899,106948,116653
1900,106934,116670
1901,106956,116655
1902,106950,116668
1903,106948,116669
1904,106933,116565
1905,106909,116508
1906,106881,116408
1907,106854,116300
1908,106817,116221
1909,106775,116161
1910,106786,116140
1911,106763,116124
1912,106781,116105
1913,106761,116087
1914,106766,116114
1915,106747,116128
1916,106785,116134
1917,106787,116132
1918,106776,116173
1919,106780,116168
1920,106805,116175
1921,106807,116197
1922,106815,116198
1923,106785,116218
1924,106793,116249
1925,106786,116244
1926,106787,116273
1927,106829,116302
1928,106806,116339
1929,106821,116354
1930,106845,116352
1931,106824,116330
1932,106846,116363
1933,106811,116383
1934,106853,116330
1935,106823,116334
1936,106825,116366
1937,106815,116327
1938,106822,116333
1939,106810,116337
1940,106830,116315
1941,106821,116319
1942,106814,116335
1943,106840,116311
1944,106819,116355
1945,106822,116348
1946,106847,116357
1947,106829,116358
1948,106835,116378
1949,106824,116378
1950,106859,116385
1951,106820,116406
1952,106852,116408
1953,106821,116408
1954,106837,116402
1955,106844,116406
1956,106861,116438
1957,106827,116445
1958,106850,116440
1959,106869,116444
1960,106875,116469
1961,106860,116476
1962,106888,116464
1963,106840,116496
1964,106871,116531
1965,106859,116505
1966,106863,116528
1967,106875,116524
1968,106855,116528
1969,106851,116472
1970,106828,116385
1971,106779,116294
1972,106798,116200
1973,106741,116139
1974,106740,116089
1975,106727,116035
1976,106719,116035
1977,106709,116012
1978,106712,116025
1979,106693,116008
1980,106719,116032
1981,106726,116044
1982,106724,116097
1983,106727,116091
1984,106735,116122
1985,106721,116136
1986,106746,116160
1987,106735,116178
1988,106769,116182
1989,106737,116217
1990,106742,116234
1991,106747,116268
1992,106766,116293
1993,106796,116307
1994,106790,116318
1995,106796,116330
1996,106793,116326
1997,106786,116314
1998,106800,116330
1999,106772,116328
2000,106798,116304
2001,106785,116293
2002,106782,116317
2003,106767,116307
2004,106797,116320
2005,106778,116317
2006,106797,116349
2007,106796,116351
2008,106788,116342
2009,106804,116359
2010,106824,116380
2011,106784,116375
2012,106813,116410
2013,106812,116407
2014,106818,116446
2015,106804,116426
2016,106828,116466
2017,106806,116465
2018,106830,116475
2019,106821,116472
2020,106857,116514
2021,106812,116483
2022,106850,116498
2023,106840,116512
2024,106845,116528
2025,106828,116536
2026,106843,116533
2027,106837,116537
2028,106867,116561
2029,106844,116554
2030,106859,116569
2031,106841,116566
2032,106839,116539
2033,106833,116470
2034,106799,116381
2035,106759,116290
2036,106755,116202
2037,106729,116140
2038,106716,116088
2039,106689,116037
2040,106691,116036
2041,106692,116012
2042,106703,116029
2043,106677,116035
2044,106687,116061
2045,106709,116099
2046,106703,116113
2047,106708,116120
2048,106719,116144
2049,106742,116159
2050,106830,116475
2051,106738,116177
2052,106733,116175
2053,106737,116203
2054,106754,116208
2055,106766,116250
2056,106753,116274
2057,106766,116302
2058,106780,116316
2059,106779,116314
2060,106780,116342
2061,106778,116348
2062,106768,116355
2063,106777,116329
2064,106795,116348
2065,106771,116333
2066,106771,116319
2067,106757,116347
2068,106775,116365
2069,106766,116365
2070,106790,116363
2071,106779,116378
2072,106780,116391
2073,106786,116387
2074,106799,116419
2075,106797,116427
2076,106808,116464
2077,106800,116442
2078,106820,116491
2079,106809,116483
2080,106816,116503
2081,106816,116510
2082,106796,116504
2083,106816,116518
2084,106833,116515
2085,106816,116537
2086,106815,116551
2087,106818,116525
2088,106828,116560
2089,106829,116560
2090,106829,116565
2091,106823,116568
2092,106842,116580
2093,106821,116577
2094,106846,116601
2095,106833,116604
2096,106836,116582
2097,106846,116571
2098,106812,116545
2099,106790,116427
2100,106775,116343
2101,106710,116225
2102,106703,116157
2103,106674,116114
2104,106675,116065
2105,106673,116068
2106,106653,116042
2107,106657,116044
2108,106675,116067
2109,106663,116072
2110,106669,116120
2111,106694,116120
2112,106683,116146
2113,106695,116172
2114,106689,116178
2115,106712,116196
2116,106693,116222
2117,106701,116237
2118,106701,116253
2119,106691,116243
2120,106693,116275
2121,106733,116301
2122,106721,116308
2123,106727,116300
2124,106702,116329
2125,106713,116346
2126,106751,116328
2127,106739,116328
2128,106743,116345
2129,106724,116332
2130,106747,116340
2131,106727,116313
2132,106733,116311
2133,106731,116313
2134,106725,116315
2135,106739,116311
2136,106719,116302
2137,106724,116331
2138,106723,116333
2139,106734,116334
2140,106760,116314
2141,106760,116335
2142,106728,116332
2143,106759,116329
2144,106751,116318
2145,106744,116331
2146,106741,116354
2147,106765,116351
2148,106762,116379
2149,106763,116371
2150,106776,116393
2151,106776,116395
2152,106758,116427
2153,106774,116415
2154,106757,116445
2155,106760,116450
2156,106770,116469
2157,106780,116459
2158,106771,116428
2159,106769,116399
2160,106728,116316
2161,106705,116202
2162,106667,116131
2163,106637,116063
2164,106638,116009
2165,106624,115959
2166,106615,115952
2167,106645,115937
2168,106643,115984
2169,106643,115943
2170,106659,115977
2171,106682,116001
2172,106638,116007
2173,106664,116025
2174,106661,116061
2175,106653,116101
2176,106683,116115
2177,106669,116145
2178,106673,116155
2179,106658,116206
2180,106679,116216
2181,106685,116224
2182,106690,116238
2183,106706,116276
2184,106740,116284
2185,106736,116298
2186,106708,116288
2187,106714,116311
2188,106716,116300
2189,106716,116306
2190,106706,116308
2191,106725,116304
2192,106714,116312
2193,106735,116289
2194,106699,116323
2195,106731,116349
2196,106715,116334
2197,106727,116339
2198,106766,116361
2199,106730,116386
2200,106736,116401
2201,106736,116409
2202,106752,116421
2203,106763,116445
2204,106774,116460
2205,106782,116479
2206,106787,116471
2207,106755,116484
2208,106761,116521
2209,106750,116526
2210,106777,116547
2211,106798,116562
2212,106779,116577
2213,106784,116593
2214,106802,116579
2215,106793,116619
2216,106813,116603
2217,106810,116617
2218,106805,116614
2219,106821,116629
2220,106819,116630
2221,106824,116647
2222,106793,116602
2223,106777,116511
2224,106741,116370
2225,106722,116290
2226,106669,116192
2227,106665,116120
2228,106642,116085
2229,106644,116052
2230,106644,116026
2231,106635,116038
2232,106642,116081
2233,106642,116104
2234,106643,116129
2235,106652,116170
2236,106666,116180
2237,106692,116214
2238,106677,116211
2239,106687,116247
2240,106686,116272
2241,106692,116277
2242,106715,116291
2243,106705,116310
2244,106719,116328
2245,106731,116328
2246,106757,116353
2247,106752,116370
2248,106730,116371
2249,106731,116367
2250,106746,116372
2251,106770,116368
2252,106744,116358
2253,106736,116353
2254,106736,116326
2255,106726,116338
2256,106726,116345
2257,106741,116361
2258,106732,116374
2259,106739,116377
2260,106741,116404
2261,106744,116430
2262,106746,116422
2263,106752,116457
2264,106761,116489
2265,106763,116510
2266,106760,116532
2267,106783,116560
2268,106758,116543
2269,106781,116568
2270,106677,116211
2271,106687,116247
2272,106802,116584
2273,106799,116614
2274,106788,116604
2275,106815,116638
2276,106795,116649
2277,106825,116667
2278,106823,116666
2279,106823,116708
2280,106809,116671
2281,106795,116700
2282,106836,116690
2283,106812,116704
2284,106821,116676
2285,106807,116639
2286,106785,116553
2287,106744,116450
2288,106697,116352
2289,106685,116265
2290,106662,116208
2291,106641,116159
2292,106627,116167
2293,106637,116143
2294,106641,116136
2295,106653,116162
2296,106640,116166
2297,106655,116187
2298,106655,116201
2299,106672,116250
2300,106683,116266
2301,106706,116285
2302,106689,116301
2303,106718,116335
2304,106710,116337
2305,106732,116392
2306,106722,116393
2307,106739,116435
2308,106759,116449
2309,106770,116483
2310,106771,116462
2311,106763,116469
2312,106756,116472
2313,106773,116508
2314,106753,116479
2315,106758,116478
2316,106747,116444
2317,106735,116480
2318,106747,116482
2319,106727,116478
2320,106722,116491
2321,106731,116503
2322,106720,116511
2323,106739,116525
2324,106718,116525
2325,106747,116565
2326,106725,116577
2327,106745,116599
2328,106736,116632
2329,106742,116669
2330,106726,116699
2331,106768,116731
2332,106763,116731
2333,106784,116750
2334,106779,116774
2335,106795,116763
2336,106775,116767
2337,106834,116760
2338,106808,116759
2339,106812,116750
2340,106814,116773
2341,106841,116752
2342,106791,116746
2343,106818,116709
2344,106794,116661
2345,106797,116594
2346,106752,116486
2347,106728,116428
2348,106711,116342
2349,106711,116290
2350,106699,116283
2351,106708,116236
2352,106677,116235
2353,106689,116243
2354,106670,116270
2355,106691,116280
2356,106677,116324
2357,106685,116342
2358,106689,116356
2359,106741,116390
2360,106701,116420
2361,106724,116427
2362,106709,116449
2363,106759,116478
2364,106726,116501
2365,106783,116540
2366,106767,116554
2367,106752,116559
2368,106769,116565
2369,106777,116566
2370,106749,116532
2371,106776,116565
2372,106751,116533
2373,106774,116510
2374,106738,116520
2375,106768,116515
2376,106787,116499
2377,106758,116497
2378,106752,116479
2379,106771,116500
2380,106742,116525
2381,106773,116555
2382,106759,116536
2383,106795,116577
2384,106742,116575
2385,106784,116582
2386,106747,116585
2387,106788,116587
2388,106757,116601
2389,106769,116610
2390,106767,116634
2391,106807,116634
2392,106765,116609
2393,106775,116650
2394,106788,116649
2395,106812,116650
2396,106783,116674
2397,106800,116696
2398,106823,116690
2399,106811,116724
2400,106791,116720
2401,106811,116716
2402,106779,116698
2403,106772,116629
2404,106739,116498
2405,106726,116419
2406,106666,116309
2407,106664,116254
2408,106641,116160
2409,106632,116149
2410,106640,116118
2411,106638,116128
2412,106629,116136
2413,106635,116156
2414,106619,116171
2415,106647,116207
2416,106657,116222
2417,106665,116251
2418,106661,116258
2419,106682,116277
2420,106676,116272
2421,106690,116332
2422,106695,116338
2423,106685,116375
2424,106710,116376
2425,106714,116418
2426,106735,116452
2427,106728,116465
2428,106728,116465
2429,106716,116487
2430,106742,116484
2431,106743,116481
2432,106724,116469
2433,106724,116479
2434,106711,116438
2435,106719,116460
2436,106722,116461
2437,106725,116472
2438,106710,116475
2439,106733,116483
2440,106723,116489
2441,106740,116485
2442,106713,116496
2443,106726,116499
2444,106717,116490
2445,106719,116492
2446,106716,116480
2447,106729,116486
2448,106714,116493
2449,106700,116501
2450,106705,116499
2451,106728,116505
2452,106721,116513
2453,106723,116514
2454,106707,116491
2455,106746,116525
2456,106718,116536
2457,106742,116550
2458,106728,116541
2459,106758,116566
2460,106755,116549
2461,106722,116507
2462,106697,116427
2463,106697,116339
2464,106624,116242
2465,106634,116144
2466,106592,116074
2467,106572,116010
2468,106557,115966
2469,106553,115979
2470,106530,115972
2471,106549,115965
2472,106554,116005
2473,106560,116030
2474,106558,116047
2475,106577,116070
2476,106597,116070
2477,106588,116103
2478,106592,116109
2479,106601,116131
2480,106614,116142
2481,106607,116178
2482,106610,116201
2483,106620,116235
2484,106613,116240
2485,106622,116263
2486,106638,116259
2487,106650,116263
2488,106635,116266
2489,106625,116266
2490,106628,116236
2491,106642,116249
2492,106755,116549
2493,106722,116507
2494,106637,116232
2495,106631,116255
2496,106609,116264
2497,106627,116272
2498,106631,116280
2499,106643,116313
2500,106637,116297
2501,106631,116311
2502,106641,116339
2503,106643,116345
2504,106628,116374
2505,106651,116359
2506,106638,116366
2507,106665,116386
2508,106646,116397
2509,106667,116397
2510,106669,116417
2511,106694,116429
2512,106681,116442
2513,106697,116466
2514,106699,116452
2515,106690,116472
2516,106730,116462
2517,106733,116473
2518,106701,116467
2519,106729,116462
2520,106706,116429
2521,106693,116354
2522,106662,116252
2523,106626,116154
2524,106598,116085
2525,106577,116029
2526,106542,115993
2527,106540,115937
2528,106533,115929
2529,106523,115951
2530,106526,115958
2531,106564,115986
2532,106542,116008
2533,106552,116024
2534,106573,116053
2535,106581,116069
2536,106572,116055
2537,106588,116103
2538,106568,116135
2539,106590,116150
2540,106585,116185
2541,106584,116213
2542,106571,116261
2543,106579,116266
2544,106572,116267
2545,106588,116288
2546,106573,116301
2547,106592,116318
2548,106582,116327
2549,106582,116332
2550,106598,116336
2551,106582,116317
2552,106595,116304
2553,106578,116343
2554,106615,116315
2555,106604,116315
2556,106614,116323
2557,106625,116342
2558,106636,116336
2559,106631,116328
2560,106647,116346
2561,106662,116353
2562,106652,116366
2563,106650,116359
2564,106651,116378
2565,106647,116393
2566,106660,116405
2567,106653,116428
2568,106642,116433
2569,106662,116463
2570,106682,116474
2571,106644,116493
2572,106651,116500
2573,106647,116531
2574,106670,116545
2575,106668,116578
2576,106674,116578
2577,106653,116589
2578,106671,116610
2579,106693,116563
2580,106643,116518
2581,106647,116388
2582,106578,116323
2583,106563,116211
2584,106554,116142
2585,106567,116103
2586,106541,116051
2587,106560,116046
2588,106531,116036
2589,106524,116058
2590,106544,116061
2591,106535,116108
2592,106561,116109
2593,106564,116131
2594,106564,116169
2595,106584,116199
2596,106584,116238
2597,106603,116250
2598,106609,116249
2599,106626,116295
2600,106602,116314
2601,106641,116353
2602,106648,116349
2603,106645,116370
2604,106661,116368
2605,106634,116356
2606,106654,116357
2607,106648,116384
2608,106649,116333
2609,106670,116355
2610,106658,116321
2611,106640,116347
2612,106657,116328
2613,106665,116351
2614,106670,116350
2615,106653,116373
2616,106666,116371
2617,106653,116385
2618,106643,116404
2619,106675,116419
2620,106661,116419
2621,106662,116430
2622,106672,116423
2623,106698,116425
2624,106692,116449
2625,106716,116454
2626,106697,116458
2627,106699,116459
2628,106682,116448
2629,106704,116458
2630,106677,116477
2631,106703,116471
2632,106706,116480
2633,106692,116478
2634,106700,116490
2635,106700,116494
2636,106726,116479
2637,106694,116499
2638,106728,116492
2639,106681,116468
2640,106679,116422
2641,106657,116375
2642,106619,116289
2643,106591,116186
2644,106561,116094
2645,106532,116045
2646,106551,116000
2647,106487,115986
2648,106501,115986
2649,106527,115983
2650,106528,116004
2651,106520,116041
2652,106534,116068
2653,106545,116084
2654,106535,116114
2655,106549,116132
2656,106552,116156
2657,106577,116196
2658,106576,116227
2659,106612,116248
2660,106608,116288
2661,106621,116314
2662,106618,116333
2663,106642,116344
2664,106633,116370
2665,106638,116380
2666,106636,116371
2667,106630,116399
2668,106641,116383
2669,106649,116408
2670,106650,116381
2671,106639,116415
2672,106665,116408
2673,106645,116413
2674,106655,116424
2675,106663,116424
2676,106658,116445
2677,106655,116489
2678,106661,116487
2679,106678,116501
2680,106667,116507
2681,106685,116514
2682,106677,116542
2683,106700,116533
2684,106699,116538
2685,106717,116556
2686,106703,116554
2687,106719,116563
2688,106704,116572
2689,106730,116590
2690,106697,116606
2691,106712,116590
2692,106710,116597
2693,106721,116617
2694,106707,116608
2695,106719,116605
2696,106706,116608
2697,106686,116599
2698,106682,116610
2699,106690,116567
2700,106675,116540
2701,106650,116462
2702,106626,116362
2703,106573,116228
2704,106561,116140
2705,106529,116054
2706,106526,115992
2707,106502,115953
2708,115920,115920
2709,106509,115920
2710,106509,115920
2711,106527,115951
2712,106528,115968
2713,106540,115957
2714,106559,115988
2715,106573,115993
2716,106699,116538
2717,106589,116053
2718,106602,116073
2719,106619,116100
2720,106640,116127
2721,106634,116154
2722,106623,116190
2723,106608,116215
2724,106644,116240
2725,106625,116266
2726,106628,116258
2727,106590,116297
2728,106598,116319
2729,106572,116317
2730,106585,116298
2731,106558,116315
2732,106581,116301
2733,106561,116308
2734,106552,116323
2735,106555,116342
2736,106550,116343
2737,106566,116374
2738,106564,116411
2739,106563,116413
2740,106561,116440
2741,106558,116458
2742,106550,116463
2743,106582,116485
2744,106600,116482
2745,106592,116500
2746,106607,116506
2747,106628,116488
2748,106629,116516
2749,106621,116523
2750,106629,116530
2751,106651,116549
2752,106645,116535
2753,106679,116546
2754,106666,116571
2755,106647,116584
2756,106669,116599
2757,106652,116608
2758,106658,116586
2759,106668,116582
2760,106627,116570
2761,106637,116534
2762,106603,116414
2763,106588,116315
2764,106524,116237
2765,106524,116158
2766,106499,116089
2767,106473,116038
2768,106475,116017
2769,106463,116021
2770,106477,116013
2771,106491,116025
2772,106495,116018
2773,106491,116031
2774,106502,116076
2775,106511,116096
2776,106497,116117
2777,106537,116132
2778,106515,116154
2779,106526,116189
2780,106527,116215
2781,106529,116225
2782,106530,116255
2783,106524,116299
2784,106570,116284
2785,106546,116311
2786,106540,116307
2787,106534,116296
2788,106522,116314
2789,106542,116291
2790,106521,116275
2791,106528,116283
2792,106526,116286
2793,106519,116300
2794,106530,116285
2795,106538,116307
2796,106531,116291
2797,106543,116310
2798,106579,116321
2799,106558,116346
2800,106577,116301
2801,106556,116332
2802,106548,116342
2803,106551,116359
2804,106540,116386
2805,106534,116410
2806,106538,116438
2807,106521,116462
2808,106554,116487
2809,106564,116523
2810,106568,116535
2811,106567,116536
2812,106583,116547
2813,106580,116565
2814,106560,116572
2815,106580,116584
2816,106580,116563
2817,106567,116498
2818,106515,116401
2819,106521,116331
2820,106479,116254
2821,106467,116215
2822,106459,116178
2823,106456,116138
2824,106463,116135
2825,106453,116135
2826,106444,116157
2827,106473,116174
2828,106458,116187
2829,106502,116230
2830,106503,116239
2831,106530,116244
2832,106518,116279
2833,106504,116280
2834,106521,116288
2835,106551,116331
2836,106525,116367
2837,106529,116367
2838,106553,116403
2839,106569,116445
2840,106566,116459
2841,106577,116461
2842,106586,116477
2843,106568,116462
2844,106589,116453
2845,106593,116448
2846,106572,116460
2847,106559,116440
2848,106579,116443
2849,106577,116465
2850,106570,116433
2851,106563,116438
2852,106563,116429
2853,106576,116429
2854,106569,116431
2855,106569,116454
2856,106558,116440
2857,106606,116450
2858,106558,116447
2859,106577,116482
2860,106588,116445
2861,106566,116434
2862,106541,116425
2863,106542,116418
2864,106546,116365
2865,106539,116358
2866,106538,116326
2867,106535,116330
2868,106492,116335
2869,106529,116365
2870,106512,116365
2871,106508,116387
2872,106489,116393
2873,106498,116348
2874,106449,116327
2875,106421,116235
2876,106414,116135
2877,106380,116046
2878,106367,116001
2879,106355,115932
2880,106316,115912
2881,106343,115872
2882,106347,115857
2883,106362,115868
2884,106347,115856
2885,106398,115859
2886,106383,115872
2887,106401,115889
2888,106405,115880
2889,106415,115865
2890,106429,115861
2891,106462,115838
2892,106470,115839
2893,106490,115869
2894,106499,115883
2895,106501,115881
2896,106483,115878
2897,106506,115898
2898,106508,115892
2899,106512,115903
2900,106491,115928
2901,106520,115894
2902,106497,115921
2903,106503,115906
2904,106493,115888
2905,106504,115879
2906,106481,115871
2907,106467,115871
2908,106462,115909
2909,106469,115918
2910,106470,115936
2911,106451,115972
2912,106453,115993
2913,106462,115984
2914,106462,116007
2915,106454,116036
2916,106441,116055
2917,106466,116094
2918,106459,116125
2919,106458,116164
2920,106483,116186
2921,106497,116224
2922,106484,116255
2923,106497,116265
2924,106487,116297
2925,106486,116289
2926,106495,116300
2927,106499,116303
2928,106496,116297
2929,106489,116281
2930,106471,116204
2931,106442,116113
2932,106410,115987
2933,106408,115912
2934,106497,115921
2935,106335,115654
2936,106276,115518
2937,106235,115382
2938,106203,115353
2939,106215,115338
2940,106218,115394
2941,106246,115428
2942,106245,115495
2943,106300,115568
2944,106318,115638
2945,106324,115682
2946,106329,115734
2947,106346,115757
2948,106340,115796
2949,106377,115827
2950,106382,115843
2951,106369,115878
2952,106390,115901
2953,106382,115915
2954,106409,115929
2955,106406,115959
2956,106391,115951
2957,106394,115948
2958,106419,115966
2959,106413,115937
2960,106417,115932
2961,106427,115922
2962,106402,115936
2963,106408,115933
2964,106412,115945
2965,106431,115928
2966,106410,115934
2967,106405,115967
2968,106416,115964
2969,106398,115981
2970,106410,115989
2971,106407,116001
2972,106415,116028
2973,106439,116047
2974,106424,116047
2975,106436,116076
2976,106453,116078
2977,106454,116071
2978,106443,116088
2979,106456,116098
2980,106435,116106
2981,106462,116135
2982,106455,116147
2983,106447,116179
2984,106463,116177
2985,106473,116186
2986,106469,116199
2987,106476,116151
2988,106424,116098
2989,106402,116019
2990,106380,115868
2991,106337,115796
2992,106297,115665
2993,106282,115511
2994,106212,115399
2995,106199,115342
2996,106188,115331
2997,106214,115341
2998,106220,115371
2999,106233,115433
3000,106256,115486
3001,106277,115515
3002,106262,115583
3003,106310,115580
3004,106303,115640
3005,106324,115649
3006,106325,115672
3007,106316,115700
3008,106337,115723
3009,106319,115786
3010,106343,115786
3011,106345,115824
3012,106324,115874
3013,106363,115885
3014,106326,115902
3015,106313,115935
3016,106343,115945
3017,106341,115964
3018,106344,115967
3019,106354,115994
3020,106328,116009
3021,106369,116033
3022,106342,116026
3023,106363,116053
3024,106339,116062
3025,106347,116055
3026,106373,116058
3027,106387,116048
3028,106369,116061
3029,106400,116050
3030,106388,116032
3031,106381,116054
3032,106390,116032
3033,106372,116022
3034,106372,116034
3035,106382,116043
3036,106389,116019
3037,106403,116037
3038,106383,116035
3039,106377,116037
3040,106405,116056
3041,106411,116063
3042,106403,116060
3043,106402,116063
3044,106408,116071
3045,106402,116083
3046,106393,116061
3047,106386,116039
3048,106355,115931
3049,106327,115833
3050,106276,115659
3051,106207,115428
3052,106100,115136
3053,106100,114945
3054,106032,114811
3055,105988,114709
3056,105994,114666
3057,105981,114680
3058,105987,114736
3059,106024,114758
3060,106033,114836
3061,106046,114905
3062,106049,114970
3063,106102,115062
3064,106146,115128
3065,106169,115216
3066,106157,115292
3067,106205,115363
3068,106207,115444
3069,106220,115501
3070,106229,115543
3071,106257,115573
3072,106243,115575
3073,106234,115603
3074,106235,115601
3075,106237,115612
3076,106243,115598
3077,106223,115601
3078,106237,115591
3079,106256,115590
3080,106226,115611
3081,106240,115625
3082,106258,115634
3083,106249,115633
3084,106247,115648
3085,106263,115668
3086,106265,115664
3087,106271,115696
3088,106275,115695
3089,106272,115729
3090,106286,115720
3091,106300,115748
3092,106271,115758
3093,106287,115793
3094,106299,115782
3095,106286,115787
3096,106283,115813
3097,106306,115813
3098,106305,115825
3099,106322,115861
3100,106331,115862
3101,106339,115850
3102,106331,115862
3103,106351,115890
3104,106354,115888
3105,106378,115885
3106,106360,115870
3107,106370,115856
3108,106349,115785
3109,106318,115704
3110,106259,115500
3111,106150,115219
3112,106054,114953
3113,105991,114775
3114,105955,114636
3115,105927,114567
3116,105902,114583
3117,105900,114591
3118,105919,114618
3119,105939,114653
3120,105947,114732
3121,105986,114783
3122,105981,114848
3123,106024,114910
3124,106031,114957
3125,106054,114998
3126,106058,115030
3127,106089,115092
3128,106098,115139
3129,106127,115161
3130,106123,115187
3131,106131,115202
3132,106146,115165
3133,106112,115088
3134,106089,114997
3135,106071,114955
3136,106033,114895
3137,106016,114847
3138,106004,114854
3139,106025,114850
3140,106014,114852
3141,106009,114878
3142,106016,114904
3143,106038,114921
3144,106050,114948
3145,106047,114976
3146,106065,115077
3147,106098,115116
3148,106128,115214
3149,106119,115252
3150,106151,115352
3151,106193,115414
3152,106210,115471
3153,106229,115488
3154,106242,115530
3155,106245,115554
3156,106252,115573
3157,106279,115594
3158,106272,115615
3159,106276,115629
3160,106270,115642
3161,106290,115652
3162,106284,115653
3163,106303,115696
3164,106322,115702
3165,106301,115706
3166,106319,115723
3167,106292,115720
3168,106293,115680
3169,106262,115585
3170,106206,115397
3171,106114,115115
3172,106012,114816
3173,105942,114625
3174,105914,114487
3175,105870,114415
3176,105856,114372
3177,105849,114356
3178,105858,114370
3179,105877,114392
3180,105886,114451
3181,105909,114490
3182,105942,114547
3183,105952,114592
3184,105953,114633
3185,105979,114683
3186,106013,114745
3187,106031,114784
3188,106045,114866
3189,106039,114921
3190,106076,114955
3191,106083,115006
3192,106091,115033
3193,106102,115071
3194,106103,115068
3195,106109,115050
3196,106082,115068
3197,106084,115084
3198,106057,115059
3199,106092,115084
3200,106071,115075
3201,106077,115108
3202,106091,115127
3203,106092,115175
3204,106107,115174
3205,106118,115221
3206,106097,115254
3207,106142,115298
3208,106131,115320
3209,106140,115328
3210,106155,115352
3211,106158,115392
3212,106153,115410
3213,106171,115438
3214,106179,115449
3215,106192,115480
3216,106200,115508
3217,106203,115535
3218,106215,115557
3219,106212,115567
3220,106227,115614
3221,106227,115626
3222,106258,115630
3223,106211,115645
3224,106239,115670
3225,106246,115709
3226,106252,115683
3227,106221,115689
3228,106239,115628
3229,106177,115534
3230,106131,115364
3231,106043,115050
3232,105956,114775
3233,105869,114566
3234,105849,114439
3235,105779,114381
3236,105783,114331
3237,105814,114364
3238,105804,114392
3239,105841,114467
3240,105868,114518
3241,105887,114595
3242,105901,114690
3243,105939,114804
3244,105992,114890
3245,106012,115005
3246,106039,115105
3247,106069,115156
3248,106069,115231
3249,106103,115309
3250,106114,115368
3251,106119,115397
3252,106144,115441
3253,106164,115432
3254,106168,115475
3255,106177,115456
3256,106161,115454
3257,106165,115473
3258,106166,115453
3259,106165,115491
3260,106162,115457
3261,106158,115502
3262,106174,115518
3263,106177,115543
3264,106165,115546
3265,106181,115585
3266,106167,115595
3267,106177,115600
3268,106202,115641
3269,106228,115652
3270,106202,115676
3271,106223,115707
3272,106234,115720
3273,106238,115734
3274,106240,115752
3275,106226,115780
3276,106252,115802
3277,106235,115816
3278,106253,115853
3279,106227,115870
3280,106248,115894
3281,106268,115913
3282,106288,115920
3283,106268,115962
3284,106274,115972
3285,106286,115977
3286,106263,115931
3287,106274,115863
3288,106205,115763
3289,106176,115630
3290,106167,115529
3291,106109,115435
3292,106083,115314
3293,106053,115217
3294,106053,115184
3295,106050,115217
3296,106065,115293
3297,106050,115339
3298,106105,115390
3299,106099,115476
3300,106147,115506
3301,106113,115549
3302,106157,115582
3303,106163,115618
3304,106175,115657
3305,106183,115693
3306,106192,115725
3307,106223,115784
3308,106194,115811
3309,106209,115841
3310,106235,115860
3311,106245,115855
3312,106217,115866
3313,106233,115857
3314,106251,115845
3315,106217,115867
3316,106249,115852
3317,106240,115840
3318,106226,115817
3319,106215,115853
3320,106237,115834
3321,106235,115848
3322,106258,115867
3323,106248,115890
3324,106246,115904
3325,106258,115930
3326,106290,115954
3327,106269,115952
3328,106276,115973
3329,106285,116000
3330,106308,116020
3331,106305,116011
3332,106314,116040
3333,106310,116054
3334,106305,116056
3335,106307,116086
3336,106358,116077
3337,106326,116101
3338,106326,116124
3339,106340,116148
3340,106346,116166
3341,106338,116163
3342,106357,116140
3343,106312,116075
3344,106269,115987
3345,106240,115852
3346,106217,115768
3347,106187,115646
3348,106173,115581
3349,106141,115525
3350,106157,115530
3351,106137,115501
3352,106161,115552
3353,106147,115567
3354,106182,115587
3355,106176,115602
3356,106190,115648
3357,106201,115665
3358,106191,115706
3359,106197,115720
3360,106208,115761
3361,106232,115771
3362,106231,115820
3363,106245,115840
3364,106248,115887
3365,106247,115893
3366,106272,115902
3367,106276,115913
3368,106287,115905
3369,106287,115884
3370,106289,115865
3371,106270,115826
3372,106275,115810
3373,106279,115806
3374,106269,115775
3375,106265,115744
3376,106277,115761
3377,106271,115765
3378,106266,115753
3379,106277,115759
3380,106275,115791
3381,106295,115820
3382,106294,115819
3383,106288,115872
3384,106289,115890
3385,106297,115911
3386,106281,115919
3387,106311,115918
3388,106312,115954
3389,106310,115963
3390,106313,115983
3391,106326,115997
3392,106340,115985
3393,106329,116002
3394,106339,116027
3395,106325,116041
3396,106342,116024
3397,106323,115993
3398,106306,115901
3399,106288,115779
3400,106235,115643
3401,106159,115390
3402,106091,115112
3403,106016,114917
3404,105953,114734
3405,105917,114633
3406,105902,114582
3407,105890,114560
3408,105896,114547
3409,105898,114576
3410,105892,114620
3411,105921,114671
3412,105928,114720
3413,105923,114761
3414,105939,114796
3415,105961,114855
3416,106000,114911
3417,106006,114983
3418,106024,115051
3419,106034,115145
3420,106066,115235
3421,106063,115313
3422,106077,115334
3423,106077,115372
3424,106089,115404
3425,106095,115405
3426,106090,115413
3427,106093,115435
3428,106096,115455
3429,106098,115434
3430,106108,115457
3431,106098,115462
3432,106142,115481
3433,106134,115477
3434,106131,115489
3435,106137,115502
3436,106132,115515
3437,106150,115503
3438,106143,115536
3439,106164,115551
3440,106170,115563
3441,106152,115525
3442,106150,115573
3443,106150,115567
3444,106156,115590
3445,106171,115594
3446,106170,115616
3447,106182,115626
3448,106180,115639
3449,106194,115664
3450,106168,115626
3451,106165,115570
3452,106121,115506
3453,106093,115361
3454,106025,115123
3455,105908,114886
3456,105861,114668
3457,105793,114506
3458,105785,114427
3459,105720,114397
3460,105776,114409
3461,105751,114396
3462,105755,114445
3463,105779,114484
3464,105780,114538
3465,105829,114589
3466,105825,114648
3467,105861,114718
3468,105863,114776
3469,105915,114826
3470,105916,114911
3471,105924,114980
3472,105960,115063
3473,105970,115110
3474,106006,115159
3475,106002,115222
3476,106032,115217
3477,106026,115232
3478,106052,115270
3479,106035,115268
3480,106068,115256
3481,106042,115245
3482,106038,115278
3483,106069,115284
3484,106032,115283
3485,106052,115314
3486,106045,115311
3487,106067,115327
3488,106066,115339
3489,106045,115359
3490,106067,115384
3491,106063,115407
3492,106085,115431
3493,106090,115434
3494,106084,115465
3495,106117,115483
3496,106099,115509
3497,106098,115529
3498,106096,115554
3499,106127,115551
3500,106112,115592
3501,106134,115599
3502,106147,115602
3503,106145,115620
3504,106143,115650
3505,106133,115634
3506,106127,115597
3507,106110,115529
3508,106055,115441
3509,106008,115281
3510,105951,115033
3511,105863,114766
3512,105789,114579
3513,105769,114433
3514,105689,114360
3515,105721,114340
3516,105706,114350
3517,105713,114364
3518,105721,114409
3519,105751,114437
3520,105764,114470
3521,105787,114508
3522,105769,114578
3523,105810,114628
3524,105850,114646
3525,105831,114731
3526,105873,114808
3527,105877,114885
3528,105900,114937
3529,105930,115011
3530,105957,115050
3531,105965,115088
3532,105988,115130
3533,105985,115153
3534,105969,115161
3535,106001,115151
3536,106000,115161
3537,105997,115176
3538,106010,115168
3539,105974,115167
3540,106027,115171
3541,106021,115169
3542,106015,115180
3543,106008,115233
3544,106016,115239
3545,106044,115256
3546,106037,115267
3547,106035,115285
3548,106036,115322
3549,106044,115322
3550,106063,115336
3551,106060,115363
3552,106056,115386
3553,106061,115390
3554,106071,115434
3555,106082,115450
3556,106078,115441
3557,106099,115483
3558,106090,115495
3559,106084,115486
3560,106100,115508
3561,106114,115515
3562,106114,115527
3563,106111,115549
3564,106126,115570
3565,106120,115559
3566,106107,115603
3567,106123,115566
3568,106112,115536
3569,106070,115427
3570,106018,115283
3571,105956,115042
3572,105879,114733
3573,105753,114476
3574,105689,114282
3575,105654,114213
3576,105668,114148
3577,105641,114151
3578,105639,114173
3579,105655,114200
3580,105657,114244
3581,105709,114287
3582,105693,114322
3583,105744,114394
3584,105737,114437
3585,105758,114501
3586,105793,114556
3587,105814,114641
3588,105846,114730
3589,105866,114825
3590,105904,114912
3591,105908,114978
3592,105935,115056
3593,105960,115103
3594,105958,115142
3595,105985,115146
3596,105982,115163
3597,105981,115201
3598,105989,115211
3599,105998,115239
3600,105999,115223
3601,106007,115234
3602,105978,115256
3603,106026,115259
3604,106017,115304
3605,105996,115309
3606,106017,115338
3607,106046,115341
3608,106034,115362
3609,106066,115375
3610,106066,115403
3611,106055,115421
3612,106074,115433
3613,106077,115432
3614,106065,115454
3615,106078,115470
3616,106067,115483
3617,106072,115478
3618,106090,115487
3619,106077,115482
3620,106085,115526
3621,106091,115522
3622,106076,115528
3623,106108,115536
3624,106120,115555
3625,106084,115550
3626,106098,115574
3627,106116,115575
3628,106113,115579
3629,106106,115616
3630,106127,115629
3631,106135,115636
3632,106124,115628
3633,106120,115581
3634,106065,115477
3635,106049,115377
3636,105990,115197
3637,105919,114922
3638,105825,114701
3639,105762,114498
3640,105696,114355
3641,105693,114302
3642,105679,114271
3643,105678,114266
3644,105682,114260
3645,105713,114276
3646,105708,114306
3647,105726,114327
3648,105739,114368
3649,105745,114389
3650,105754,114402
3651,105782,114422
3652,105773,114445
3653,105771,114479
3654,105795,114546
3655,105831,114622
3656,105842,114697
3657,105889,114768
3658,105913,114820
3659,105925,114876
3660,105939,114918
3661,105943,114906
3662,105955,114931
3663,105963,114928
3664,105935,114900
3665,105961,114897
3666,105919,114898
3667,105945,114888
3668,105942,114874
3669,105929,114909
3670,105932,114949
3671,105939,115002
3672,105964,115016
3673,105968,115086
3674,105985,115138
3675,105989,115165
3676,105990,115218
3677,106016,115244
3678,106013,115291
3679,106024,115293
3680,106028,115281
3681,106037,115328
3682,106037,115338
3683,106042,115352
3684,106057,115377
3685,106077,115407
3686,106059,115419
3687,106083,115421
3688,106047,115472
3689,106103,115459
3690,106090,115501
3691,106099,115487
3692,106099,115523
3693,106109,115504
3694,106099,115454
3695,106062,115384
3696,106037,115270
3697,105981,115051
3698,105871,114777
3699,105811,114550
3700,105723,114352
3701,105680,114246
3702,105682,114177
3703,105668,114165
3704,105666,114186
3705,105689,114209
3706,105676,114259
3707,105732,114270
3708,105720,114320
3709,105726,114351
3710,105746,114398
3711,105768,114423
3712,105745,114468
3713,105791,114512
3714,105816,114587
3715,105828,114658
3716,105883,114734
3717,105877,114788
3718,105916,114861
3719,105921,114893
3720,105924,114942
3721,105944,114981
3722,105939,114980
3723,105942,114973
3724,105938,114984
3725,105948,114990
3726,105957,114982
3727,105961,114992
3728,105942,115029
3729,105971,115037
3730,105976,115061
3731,105969,115074
3732,105965,115123
3733,105988,115144
3734,106007,115152
3735,106011,115186
3736,106021,115225
3737,106004,115254
3738,106028,115297
3739,106035,115305
3740,106034,115333
3741,106036,115358
3742,106039,115365
3743,106054,115406
3744,106047,115416
3745,106065,115422
3746,106058,115448
3747,106069,115471
3748,106082,115481
3749,106088,115517
3750,106082,115517
3751,106071,115548
3752,106107,115550
3753,106095,115560
3754,106103,115575
3755,106094,115518
3756,106065,115452
3757,106052,115336
3758,105962,115153
3759,105894,114855
3760,105799,114613
3761,105737,114416
3762,105695,114285
3763,105676,114237
3764,105656,114211
3765,105660,114239
3766,105680,114270
3767,105711,114322
3768,105714,114384
3769,105759,114463
3770,105768,114529
3771,105801,114588
3772,105815,114651
3773,105845,114760
3774,105885,114811
3775,105872,114895
3776,105917,114990
3777,105946,115058
3778,105963,115134
3779,105968,115150
3780,105992,115183
3781,105988,115217
3782,105999,115227
3783,105998,115220
3784,106009,115238
3785,105990,115247
3786,106011,115235
3787,105977,115248
3788,106029,115249
3789,106030,115258
3790,106001,115262
3791,106021,115281
3792,106023,115294
3793,106036,115305
3794,106037,115325
3795,106050,115341
3796,106056,115373
3797,106070,115387
3798,106080,115423
3799,106088,115462
3800,106069,115434
3801,106079,115443
3802,106094,115483
3803,106104,115476
3804,106077,115471
3805,106117,115498
3806,106102,115502
3807,106103,115509
3808,106096,115538
3809,106105,115543
3810,106116,115557
3811,106126,115591
3812,106111,115607
3813,106098,115596
3814,106133,115631
3815,106129,115626
3816,106122,115648
3817,106142,115655
3818,106135,115659
3819,106143,115645
3820,106093,115560
3821,106085,115499
3822,106044,115360
3823,106003,115237
3824,105909,114977
3825,105861,114796
3826,105798,114611
3827,105740,114514
3828,105739,114438
3829,105762,114418
3830,105760,114458
3831,105761,114479
3832,105786,114546
3833,105810,114621
3834,105836,114700
3835,105865,114784
3836,105870,114856
3837,105905,114911
3838,105920,114978
3839,105966,115000
3840,105952,115050
3841,105974,115117
3842,105945,115142
3843,105988,115182
3844,105988,115199
3845,106001,115211
3846,105996,115205
3847,106015,115194
3848,106017,115191
3849,106012,115200
3850,105992,115200
3851,106003,115200
3852,106014,115199
3853,105995,115206
3854,105994,115222
3855,106015,115241
3856,106010,115257
3857,106037,115275
3858,106038,115292
3859,106057,115299
3860,106054,115329
3861,106074,115366
3862,106067,115374
3863,106092,115378
3864,106095,115398
3865,106093,115423
3866,106092,115448
3867,106084,115475
3868,106121,115487
3869,106125,115515
3870,106121,115529
3871,106134,115553
3872,106121,115592
3873,106139,115589
3874,106142,115645
3875,106157,115640
3876,106142,115654
3877,106163,115642
3878,106151,115681
3879,106163,115686
3880,106149,115668
3881,106133,115661
3882,106138,115598
3883,106091,115494
3884,106064,115364
3885,105982,115159
3886,105878,114880
3887,105806,114653
3888,105772,114469
3889,105730,114372
3890,105700,114336
3891,105706,114334
3892,105722,114330
3893,105742,114361
3894,105768,114421
3895,105771,114463
3896,105780,114491
3897,105816,114543
3898,105813,114597
3899,105831,114640
3900,105853,114700
3901,105878,114735
3902,105901,114810
3903,105939,114912
3904,105955,114985
3905,105999,115047
3906,105990,115087
3907,106008,115137
3908,106020,115150
3909,106020,115151
3910,106003,115189
3911,106030,115191
3912,105997,115202
3913,106001,115175
3914,106034,115195
3915,105984,115210
3916,106018,115216
3917,106020,115271
3918,106030,115278
3919,106050,115294
3920,106066,115335
3921,106056,115325
3922,106069,115376
3923,106091,115388
3924,106078,115417
3925,106084,115426
3926,106098,115427
3927,106117,115451
3928,106094,115469
3929,106093,115514
3930,106112,115528
3931,106116,115544
3932,106147,115566
3933,106132,115598
3934,106147,115617
3935,106159,115637
3936,106135,115671
3937,106145,115680
3938,106165,115702
3939,106152,115711
3940,106168,115738
3941,106210,115725
3942,106189,115776
3943,106201,115745
3944,106168,115685
3945,106169,115572
3946,106107,115452
3947,106082,115290
3948,105988,115060
3949,105906,114836
3950,105840,114663
3951,105813,114517
3952,105801,114449
3953,105796,114417
3954,105785,114444
3955,105798,114463
3956,105806,114507
3957,105848,114557
3958,105836,114624
3959,105881,114697
3960,105881,114776
3961,105923,114828
3962,105929,114893
3963,105960,114975
3964,105985,115033
3965,105993,115081
3966,106008,115159
3967,106031,115183
3968,106046,115214
3969,106035,115214
3970,106046,115239
3971,106068,115262
3972,106064,115264
3973,106042,115255
3974,106024,115252
3975,106056,115245
3976,106056,115264
3977,106059,115275
3978,106046,115296
3979,106083,115291
3980,106069,115318
3981,106091,115362
3982,106074,115371
3983,106111,115385
3984,106109,115420
3985,106114,115450
3986,106115,115447
3987,106117,115489
3988,106111,115484
3989,106138,115528
3990,106149,115537
3991,106131,115549
3992,106136,115570
3993,106164,115603
3994,106168,115618
3995,106172,115632
3996,106180,115635
3997,106177,115646
3998,106191,115675
3999,106196,115668
4000,106196,115680
4001,106210,115704
4002,106226,115707
4003,106213,115732
4004,106230,115743
4005,106228,115780
4006,106237,115781
4007,106221,115815
4008,106222,115807
4009,106218,115787
4010,106181,115690
4011,106171,115564
4012,106120,115437
4013,106059,115245
4014,105986,114994
4015,105912,114824
4016,105882,114668
4017,105868,114591
4018,105842,114589
4019,105847,114582
4020,105878,114623
4021,105899,114673
4022,105926,114741
4023,105930,114824
4024,105976,114874
4025,106015,114947
4026,106010,115019
4027,106042,115082
4028,106064,115126
4029,106078,115187
4030,106098,115246
4031,106094,115294
4032,106139,115320
4033,106133,115355
4034,106135,115374
4035,106153,115377
4036,106146,115418
4037,106141,115405
4038,106149,115413
4039,106141,115406
4040,106140,115408
4041,106149,115420
4042,106125,115441
4043,106154,115448
4044,106140,115460
4045,106157,115487
4046,106149,115504
4047,106168,115531
4048,106175,115537
4049,106164,115576
4050,106189,115585
4051,106200,115604
4052,106187,115609
4053,106220,115674
4054,106197,115665
4055,106206,115681
4056,106213,115705
4057,106229,115718
4058,106241,115748
4059,106259,115767
4060,106247,115759
4061,106263,115787
4062,106258,115790
4063,106268,115794
4064,106291,115791
4065,106283,115787
4066,106301,115825
4067,106323,115802
4068,106325,115798
4069,106347,115778
4070,106353,115790
4071,106373,115798
4072,106382,115778
4073,106379,115803
4074,106374,115793
4075,106363,115750
4076,106330,115646
4077,106283,115525
4078,106235,115351
4079,106131,115065
4080,106063,114865
4081,105994,114668
4082,105951,114565
4083,105924,114524
4084,105937,114515
4085,105953,114570
4086,105947,114639
4087,106004,114730
4088,106034,114845
4089,106081,114978
4090,106091,115078
4091,106127,115151
4092,106147,115214
4093,106169,115278
4094,106202,115329
4095,106205,115342
4096,106209,115399
4097,106250,115421
4098,106233,115450
4099,106238,115477
4100,106256,115476
4101,106216,115497
4102,106253,115503
4103,106225,115504
4104,106229,115500
4105,106232,115495
4106,106242,115519
4107,106224,115506
4108,106226,115520
4109,106216,115526
4110,106242,115552
4111,106237,115561
4112,106234,115568
4113,106233,115598
4114,106271,115605
4115,106244,115621
4116,106273,115659
4117,106272,115680
4118,106280,115713
4119,106253,115706
4120,106296,115729
4121,106270,115719
4122,106278,115743
4123,106285,115765
4124,106291,115755
4125,106317,115782
4126,106310,115791
4127,106300,115788
4128,106304,115796
4129,106319,115820
4130,106298,115844
4131,106315,115855
4132,106319,115866
4133,106309,115867
4134,106319,115908
4135,106336,115906
4136,106341,115925
4137,106324,115922
4138,106300,115854
4139,106259,115768
4140,106222,115652
4141,106200,115492
4142,106134,115307
4143,106061,115083
4144,106000,114940
4145,105950,114827
4146,105965,114741
4147,105945,114754
4148,105958,114773
4149,105971,114835
4150,106000,114911
4151,106025,114990
4152,106089,115069
4153,106081,115185
4154,106122,115250
4155,106118,115337
4156,106150,115383
4157,106154,115443
4158,106172,115507
4159,106197,115521
4160,106214,115548
4161,106211,115596
4162,106212,115634
4163,106204,115620
4164,106216,115639
4165,106202,115641
4166,106218,115621
4167,106209,115594
4168,106196,115590
4169,106184,115590
4170,106198,115582
4171,106213,115585
4172,106202,115595
4173,106204,115624
4174,106212,115614
4175,106188,115652
4176,106192,115669
4177,106228,115670
4178,106250,115703
4179,106237,115718
4180,106253,115737
4181,106231,115750
4182,106256,115775
4183,106257,115775
4184,106265,115823
4185,106277,115818
4186,106275,115862
4187,106285,115864
4188,106269,115909
4189,106300,115904
4190,106305,115913
4191,106284,115918
4192,106313,115945
4193,106302,115956
4194,106332,115979
4195,106294,115935
4196,106306,115904
4197,106250,115802
4198,106206,115675
4199,106172,115545
4200,106120,115339
4201,106050,115133
4202,106011,114997
4203,105964,114875
4204,105954,114836
4205,105948,114833
4206,105948,114822
4207,105953,114905
4208,105979,114966
4209,106001,115078
4210,106027,115166
4211,106087,115256
4212,106112,115323
4213,106104,115367
4214,106145,115433
4215,106157,115487
4216,106168,115521
4217,106197,115561
4218,106200,115611
4219,106207,115626
4220,106214,115657
4221,106199,115636
4222,106232,115652
4223,106206,115669
4224,106201,115651
4225,106218,115636
4226,106196,115640
4227,106210,115632
4228,106219,115641
4229,106209,115652
4230,106223,115651
4231,106231,115663
4232,106225,115672
4233,106240,115710
4234,106248,115711
4235,106241,115733
4236,106235,115743
4237,106253,115751
4238,106270,115788
4239,106275,115806
4240,106272,115824
4241,106254,115834
4242,106305,115850
4243,106263,115874
4244,106290,115893
4245,106290,115927
4246,106299,115956
4247,106304,115955
4248,106315,115974
4249,106308,115997
4250,106340,116010
4251,106308,116028
4252,106327,116031
4253,106322,115999
4254,106316,115942
4255,106261,115814
4256,106219,115653
4257,106171,115481
4258,106059,115199
4259,105994,115004
4260,105936,114825
4261,105890,114693
4262,105863,114643
4263,105876,114641
4264,105884,114633
4265,105901,114688
4266,105942,114751
4267,105952,114836
4268,105974,114902
4269,105998,114987
4270,106012,115063
4271,106039,115133
4272,106064,115198
4273,106062,115256
4274,106094,115321
4275,106122,115363
4276,106115,115424
4277,106150,115442
4278,106150,115493
4279,106161,115517
4280,106177,115518
4281,106178,115543
4282,106184,115558
4283,106168,115554
4284,106176,115542
4285,106173,115554
4286,106172,115562
4287,106178,115568
4288,106186,115582
4289,106180,115596
4290,106206,115638
4291,106199,115642
4292,106217,115646
4293,106202,115660
4294,106215,115681
4295,106219,115715
4296,106261,115718
4297,106227,115735
4298,106228,115770
4299,106244,115786
4300,106261,115806
4301,106263,115816
4302,106260,115821
4303,106262,115871
4304,106292,115885
4305,106285,115914
4306,106299,115925
4307,106321,115937
4308,106291,115951
4309,106303,115981
4310,106328,115992
4311,106301,116016
4312,106302,115988
4313,106292,115923
4314,106267,115848
4315,106210,115741
4316,106163,115569
4317,106107,115324
4318,106037,115069
4319,105931,114861
4320,105907,114733
4321,105845,114656
4322,105856,114618
4323,105869,114620
4324,105860,114645
4325,105881,114712
4326,105897,114798
4327,105941,114838
4328,105956,114934
4329,105995,115006
4330,106001,115085
4331,106055,115175
4332,106037,115226
4333,106090,115262
4334,106075,115305
4335,106109,115375
4336,106113,115399
4337,106096,115433
4338,106139,115498
4339,106134,115505
4340,106133,115499
4341,106133,115543
4342,106157,115509
4343,106140,115510
4344,106154,115511
4345,106142,115517
4346,106171,115516
4347,106142,115526
4348,106153,115546
4349,106176,115557
4350,106176,115546
4351,106175,115583
4352,106178,115638
4353,106169,115615
4354,106175,115639
4355,106183,115681
4356,106176,115686
4357,106184,115694
4358,106217,115711
4359,106218,115743
4360,106216,115762
4361,106245,115759
4362,106214,115789
4363,106227,115791
4364,106238,115835
4365,106212,115841
4366,106240,115855
4367,106251,115882
4368,106265,115882
4369,106243,115906
4370,106270,115925
4371,106247,115909
4372,106227,115865
4373,106202,115746
4374,106165,115599
4375,106107,115456
4376,106017,115182
4377,105965,114956
4378,105883,114766
4379,105852,114641
4380,105843,114607
4381,105819,114592
4382,105839,114603
4383,105856,114653
4384,105859,114717
4385,105876,114785
4386,105933,114869
4387,105948,114933
4388,105963,115000
4389,105991,115066
4390,106017,115126
4391,106018,115189
4392,106052,115250
4393,106056,115282
4394,106062,115341
4395,106100,115386
4396,106087,115410
4397,106112,115413
4398,106082,115445
4399,106112,115463
4400,106106,115464
4401,106114,115451
4402,106126,115466
4403,106102,115474
4404,106106,115443
4405,106113,115468
4406,106119,115471
4407,106117,115481
4408,106139,115510
4409,106145,115513
4410,106148,115534
4411,106154,115554
4412,106152,115572
4413,106162,115583
4414,106176,115617
4415,106162,115645
4416,106164,115659
4417,106188,115669
4418,106195,115704
4419,106189,115728
4420,106208,115718
4421,106196,115756
4422,106189,115774
4423,106219,115766
4424,106190,115785
4425,106210,115812
4426,106221,115835
4427,106224,115839
4428,106251,115856
4429,106221,115869
4430,106248,115875
4431,106241,115895
4432,106262,115895
4433,106262,115906
4434,106263,115910
4435,106264,115915
4436,106237,115841
4437,106220,115736
4438,106186,115615
4439,106113,115388
4440,106016,115091
4441,105931,114858
4442,105853,114654
4443,105828,114541
4444,105813,114480
4445,105798,114454
4446,105777,114455
4447,105814,114474
4448,105809,114519
4449,105828,114556
4450,105839,114585
4451,105859,114639
4452,105879,114676
4453,105879,114751
4454,105909,114756
4455,105915,114810
4456,105929,114881
4457,105947,114932
4458,105967,115003
4459,105996,115081
4460,106024,115144
4461,106020,115173
4462,106053,115204
4463,106032,115219
4464,106039,115240
4465,106054,115235
4466,106040,115243
4467,106063,115232
4468,106070,115227
4469,106064,115241
4470,106051,115253
4471,106059,115281
4472,106080,115304
4473,106080,115330
4474,106064,115341
4475,106091,115383
4476,106094,115408
4477,106115,115410
4478,106109,115459
4479,106135,115485
4480,106118,115497
4481,106150,115523
4482,106142,115558
4483,106140,115574
4484,106159,115583
4485,106169,115612
4486,106176,115624
4487,106177,115613
4488,106188,115660
4489,106201,115654
4490,106190,115671
4491,106219,115695
4492,106177,115689
4493,106201,115706
4494,106222,115722
4495,106214,115730
4496,106226,115739
4497,106222,115746
4498,106218,115770
4499,106243,115767
4500,106224,115815
4501,106233,115854
4502,106236,115858
4503,106251,115871
4504,106259,115892
4505,106220,115853
4506,106193,115768
4507,106166,115631
4508,106108,115459
4509,105993,115132
4510,105903,114842
4511,105845,114593
4512,105798,114440
4513,105795,114357
4514,105759,114317
4515,105762,114326
4516,105775,114336
4517,105809,114360
4518,105797,114397
4519,105812,114419
4520,105821,114464
4521,105838,114442
4522,105832,114464
4523,105854,114475
4524,105834,114474
4525,105865,114492
4526,105844,114506
4527,105867,114534
4528,105876,114629
4529,105913,114682
4530,105940,114755
4531,105960,114827
4532,105971,114906
4533,105996,114946
4534,106004,114973
4535,106005,115009
4536,106020,115009
4537,106032,115030
4538,105995,115046
4539,106034,115041
4540,106012,115060
4541,106021,115049
4542,106030,115075
4543,106037,115123
4544,106071,115144
4545,106082,115177
4546,106083,115211
4547,106105,115237
4548,106106,115262
4549,106125,115293
4550,106135,115342
4551,106151,115389
4552,106151,115392
4553,106144,115436
4554,106146,115468
4555,106179,115494
4556,106152,115515
4557,106191,115539
4558,106162,115543
4559,106178,115564
4560,106156,115589
4561,106188,115612
4562,106165,115609
4563,106200,115647
4564,106201,115651
4565,106185,115689
4566,106209,115697
4567,106187,115704
4568,106225,115712
4569,106213,115716
4570,106199,115730
4571,106222,115734
4572,106224,115757
4573,106263,115768
4574,106242,115766
4575,106258,115791
4576,106262,115786
4577,106277,115750
4578,106231,115692
4579,106193,115566
4580,106130,115361
4581,106026,115028
4582,105929,114765
4583,105858,114501
4584,105803,114345
4585,105776,114226
4586,105748,114193
4587,105737,114158
4588,105744,114163
4589,105729,114180
4590,105767,114208
4591,105790,114243
4592,105770,114315
4593,105799,114303
4594,105833,114335
4595,105819,114345
4596,105815,114366
4597,105858,114376
4598,105814,114391
4599,105851,114402
4600,105893,114464
4601,105887,114517
4602,105921,114588
4603,105922,114648
4604,105952,114731
4605,105958,114782
4606,105948,114848
4607,105984,114912
4608,105972,114919
4609,105980,114935
4610,105977,114955
4611,105978,114978
4612,105982,114991
4613,105981,114996
4614,105986,115039
4615,106012,115051
4616,106007,115076
4617,106037,115107
4618,106037,115138
4619,106052,115184
4620,106083,115221
4621,106093,115226
4622,106095,115256
4623,106101,115285
4624,106109,115320
4625,106118,115361
4626,106107,115362
4627,106127,115407
4628,106134,115412
4629,106134,115430
4630,106153,115478
4631,106155,115493
4632,106149,115507
4633,106170,115545
4634,106146,115542
4635,106153,115586
4636,106165,115582
4637,106178,115570
4638,106182,115621
4639,106178,115608
4640,106168,115627
4641,106189,115632
4642,106174,115635
4643,106170,115668
4644,106195,115664
4645,106210,115669
4646,106200,115669
4647,106199,115697
4648,106215,115697
4649,106202,115725
4650,106196,115719
4651,106205,115745
4652,106206,115767
4653,106210,115748
4654,106193,115699
4655,106195,115620
4656,106141,115457
4657,106047,115172
4658,105933,114874
4659,105848,114614
4660,105767,114363
4661,105754,114261
4662,105729,114196
4663,105732,114188
4664,105714,114180
4665,105716,114202
4666,105706,114239
4667,105740,114297
4668,105766,114330
4669,105787,114362
4670,105804,114402
4671,105815,114429
4672,105811,114458
4673,105848,114504
4674,105855,114553
4675,105858,114626
4676,105882,114714
4677,105939,114805
4678,105932,114911
4679,105986,114994
4680,105974,115040
4681,106000,115067
4682,106037,115095
4683,106027,115107
4684,106009,115115
4685,106015,115125
4686,106017,115122
4687,106027,115143
4688,106048,115157
4689,106057,115182
4690,106042,115183
4691,106074,115221
4692,106048,115239
4693,106068,115282
4694,106071,115314
4695,106116,115329
4696,106104,115361
4697,106128,115382
4698,106130,115413
4699,106128,115441
4700,106150,115451
4701,106145,115484
4702,106164,115505
4703,106156,115517
4704,106174,115564
4705,106195,115574
4706,106176,115617
4707,106183,115626
4708,106204,115658
4709,106179,115653
4710,106206,115695
4711,106223,115695
4712,106203,115726
4713,106205,115715
4714,106199,115759
4715,106208,115785
4716,106206,115805
4717,106186,115804
4718,106188,115829
4719,106204,115852
4720,106200,115855
4721,106210,115875
4722,106219,115902
4723,106217,115901
4724,106229,115928
4725,106256,115926
4726,106241,115947
4727,106259,115967
4728,106247,115975
4729,106259,115969
4730,106237,115971
4731,106250,115961
4732,106238,115921
4733,106221,115817
4734,106158,115635
4735,106098,115437
4736,105985,115071
4737,105891,114811
4738,105824,114601
4739,105766,114424
4740,105735,114350
4741,105739,114332
4742,105710,114340
4743,105714,114393
4744,105743,114448
4745,105769,114524
4746,105791,114604
4747,105835,114677
4748,105861,114802
4749,105898,114884
4750,105911,114984
4751,105961,115072
4752,105965,115107
4753,105998,115191
4754,106009,115239
4755,106007,115313
4756,106056,115340
4757,106049,115365
4758,106047,115387
4759,106065,115397
4760,106021,115420
4761,106049,115411
4762,106060,115403
4763,106047,115395
4764,106063,115403
4765,106062,115391
4766,106054,115408
4767,106056,115430
4768,106053,115440
4769,106083,115437
4770,106097,115473
4771,106089,115487
4772,106093,115492
4773,106100,115527
4774,106101,115552
4775,106123,115579
4776,106137,115564
4777,106133,115600
4778,106136,115617
4779,106159,115629
4780,106149,115653
4781,106156,115663
4782,106179,115667
4783,106182,115686
4784,106161,115709
4785,106191,115706
4786,106179,115743
4787,106182,115729
4788,106211,115787
4789,106204,115771
4790,106186,115802
4791,106189,115796
4792,106188,115828
4793,106218,115845
4794,106203,115861
4795,106187,115852
4796,106207,115887
4797,106237,115863
4798,106181,115836
4799,106145,115756
4800,106119,115618
4801,106090,115490
4802,106037,115291
4803,105947,115084
4804,105909,114912
4805,105863,114773
4806,105833,114706
4807,105848,114671
4808,105809,114690
4809,105830,114694
4810,105867,114749
4811,105902,114858
4812,105930,114947
4813,105945,115035
4814,105966,115125
4815,106005,115200
4816,106012,115254
4817,106039,115284
4818,106050,115356
4819,106060,115423
4820,106086,115441
4821,106081,115463
4822,106093,115486
4823,106104,115509
4824,106094,115516
4825,106077,115521
4826,106090,115498
4827,106072,115504
4828,106075,115523
4829,106054,115520
4830,106071,115525
4831,106065,115533
4832,106083,115521
4833,106069,115551
4834,106084,115564
4835,106105,115575
4836,106082,115561
4837,106109,115611
4838,106100,115624
4839,106108,115656
4840,106117,115666
4841,106127,115682
4842,106128,115694
4843,106152,115709
4844,106150,115734
4845,106166,115753
4846,106176,115753
4847,106175,115740
4848,106175,115785
4849,106181,115786
4850,106188,115772
4851,106193,115789
4852,106212,115805
4853,106211,115828
4854,106216,115837
4855,106212,115841
4856,106240,115859
4857,106190,115877
4858,106218,115865
4859,106235,115894
4860,106233,115896
4861,106199,115832
4862,106168,115717
4863,106119,115586
4864,106049,115374
4865,105944,115032
4866,105852,114767
4867,105768,114553
4868,105753,114406
4869,105710,114365
4870,105710,114321
4871,105708,114317
4872,105716,114360
4873,105725,114406
4874,105760,114462
4875,105770,114512
4876,105807,114564
4877,105798,114601
4878,105848,114663
4879,105852,114715
4880,105868,114771
4881,105900,114806
4882,105923,114891
4883,105929,114987
4884,105961,115079
4885,105991,115160
4886,106009,115195
4887,105994,115233
4888,106023,115254
4889,106000,115282
4890,106028,115294
4891,106008,115295
4892,106016,115283
4893,106021,115288
4894,106036,115292
4895,106043,115297
4896,106036,115310
4897,106038,115325
4898,106020,115323
4899,106043,115363
4900,106059,115395
4901,106049,115425
4902,106089,115441
4903,106071,115452
4904,106101,115502
4905,106099,115519
4906,106100,115549
4907,106111,115567
4908,106128,115588
4909,106137,115603
4910,106144,115618
4911,106147,115635
4912,106159,115663
4913,106140,115668
4914,106171,115669
4915,106169,115712
4916,106166,115725
4917,106168,115726
4918,106153,115753
4919,106176,115772
4920,106195,115809
4921,106171,115811
4922,106211,115820
4923,106204,115826
4924,106209,115834
4925,106196,115850
4926,106193,115801
4927,106177,115727
4928,106132,115585
4929,106054,115373
4930,105964,115061
4931,105862,114795
4932,105806,114560
4933,105752,114409
4934,105721,114321
4935,105692,114286
4936,105724,114285
4937,105715,114305
4938,105725,114343
4939,105757,114378
4940,105741,114433
4941,105775,114467
4942,105783,114506
4943,105799,114527
4944,105816,114584
4945,105814,114592
4946,105847,114626
4947,105831,114657
4948,105856,114704
4949,105885,114789
4950,105908,114840
4951,105960,114977
4952,105985,115029
4953,105975,115067
4954,106021,115125
4955,106013,115136
4956,106014,115163
4957,106020,115154
4958,106040,115178
4959,106007,115196
4960,106025,115200
4961,106013,115224
4962,106038,115238
4963,106027,115244
4964,106050,115258
4965,106039,115285
4966,106069,115311
4967,106066,115342
4968,106066,115368
4969,106079,115415
4970,106116,115431
4971,106100,115470
4972,106102,115497
4973,106126,115503
4974,106119,115546
4975,106136,115557
4976,106143,115567
4977,106139,115569
4978,106143,115612
4979,106146,115597
4980,106138,115627
4981,106158,115634
4982,106194,115658
4983,106177,115662
4984,106163,115688
4985,106198,115684
4986,106194,115703
4987,106189,115735
4988,106209,115744
4989,106198,115777
4990,106190,115780
4991,106201,115782
4992,106201,115763
4993,106177,115675
4994,106135,115568
4995,106085,115377
4996,106012,115061
4997,105903,114794
4998,105851,114559
4999,105765,114381
5000,105745,114331
5001,105732,114241
5002,105706,114228
5003,105717,114233
5004,105730,114260
5005,105735,114312
5006,105753,114360
5007,105786,114399
5008,105775,114429
5009,105799,114462
5010,105793,114529
5011,105809,114550
5012,105805,114597
5013,105819,114633
5014,105844,114700
5015,105883,114788
5016,105929,114860
5017,105919,114973
5018,105940,115023
5019,105962,115091
5020,105997,115151
5021,105982,115173
5022,106012,115192
5023,106024,115198
5024,106022,115192
5025,105998,115192
5026,106023,115199
5027,106014,115179
5028,106020,115196
5029,106044,115229
5030,106028,115246
5031,106036,115282
5032,106068,115326
5033,106061,115340
5034,106075,115361
5035,106048,115392
5036,106104,115420
5037,106090,115429
5038,106103,115442
5039,106136,115468
5040,106118,115505
5041,106139,115546
5042,106139,115552
5043,106144,115573
5044,106156,115600
5045,106133,115612
5046,106155,115643
5047,106174,115651
5048,106159,115654
5049,106164,115681
5050,106182,115708
5051,106175,115739
5052,106197,115741
5053,106198,115756
5054,106198,115772
5055,106198,115802
5056,106204,115824
5057,106223,115841
5058,106219,115852
5059,106218,115863
5060,106238,115863
5061,106203,115808
5062,106152,115678
5063,106106,115519
5064,106038,115260
5065,105938,114973
5066,105847,114708
5067,105755,114519
5068,105754,114416
5069,105714,114362
5070,105715,114313
5071,105717,114350
5072,105726,114390
5073,105750,114424
5074,105749,114487
5075,105773,114554
5076,105787,114604
5077,105793,114678
5078,105828,114729
5079,105825,114761
5080,105861,114833
5081,105889,114893
5082,105911,114962
5083,105922,115050
5084,105952,115134
5085,105988,115179
5086,106000,115237
5087,105998,115258
5088,106012,115278
5089,105994,115274
5090,106005,115303
5091,105990,115293
5092,105996,115289
5093,106016,115314
5094,106012,115296
5095,106022,115314
5096,106029,115310
5097,106015,115337
5098,106033,115380
5099,106033,115414
5100,106025,115427
5101,106043,115426
5102,106065,115472
5103,106066,115492
5104,106076,115531
5105,106098,115544
5106,106064,115558
5107,106094,115586
5108,106114,115613
5109,106106,115636
5110,106108,115657
5111,106105,115697
5112,106121,115698
5113,106138,115716
5114,106147,115734
5115,106132,115762
5116,106152,115774
5117,106151,115794
5118,106139,115809
5119,106170,115809
5120,106160,115835
5121,106135,115854
5122,106166,115907
5123,106182,115892
5124,106183,115904
5125,106179,115921
5126,106193,115946
5127,106175,115931
5128,106176,115889
5129,106110,115751
5130,106106,115644
5131,106034,115469
5132,105963,115237
5133,105901,115007
5134,105837,114842
5135,105809,114694
5136,105758,114642
5137,105758,114605
5138,105765,114614
5139,105801,114679
5140,105808,114732
5141,105817,114790
5142,105863,114884
5143,105889,114971
5144,105893,115067
5145,105932,115122
5146,105943,115199
5147,105947,115258
5148,105972,115327
5149,105990,115358
5150,106005,115411
5151,106025,115428
5152,106041,115477
5153,106036,115511
5154,106066,115488
5155,106041,115514
5156,106044,115515
5157,106028,115506
5158,106055,115504
5159,106032,115478
5160,106061,115462
5161,106034,115491
5162,106054,115488
5163,106070,115498
5164,106066,115526
5165,106042,115518
5166,106074,115532
5167,106083,115564
5168,106079,115584
5169,106084,115597
5170,106108,115620
5171,106088,115644
5172,106084,115657
5173,106095,115664
5174,106119,115686
5175,106118,115690
5176,106124,115706
5177,106108,115718
5178,106122,115718
5179,106137,115725
5180,106099,115741
5181,106134,115779
5182,106123,115777
5183,106137,115780
5184,106146,115808
5185,106130,115816
5186,106147,115806
5187,106133,115778
5188,106111,115730
5189,106067,115639
5190,106050,115491
5191,105962,115259
5192,105878,114983
5193,105795,114767
5194,105754,114596
5195,105727,114504
5196,105703,114463
5197,105706,114439
5198,105693,114436
5199,105717,114467
5200,105713,114506
5201,105737,114560
5202,105784,114601
5203,105815,114669
5204,105802,114707
5205,105805,114786
5206,105858,114831
5207,105894,114904
5208,105907,115024
5209,105945,115115
5210,105969,115183
5211,106003,115238
5212,105985,115269
5213,106024,115282
5214,106025,115308
5215,106032,115324
5216,106041,115279
5217,106005,115274
5218,106010,115274
5219,105989,115264
5220,105998,115248
5221,105999,115230
5222,105992,115281
5223,105969,115266
5224,106007,115325
5225,106022,115330
5226,106038,115352
5227,106058,115400
5228,106030,115451
5229,106055,115471
5230,106044,115491
5231,106078,115518
5232,106061,115567
5233,106081,115591
5234,106091,115603
5235,106083,115639
5236,106098,115653
5237,106086,115687
5238,106103,115699
5239,106138,115727
5240,106125,115750
5241,106151,115767
5242,106116,115786
5243,106159,115807
5244,106124,115837
5245,106154,115834
5246,106160,115848
5247,106158,115876
5248,106168,115843
5249,106199,115845
5250,106122,115737
5251,106088,115601
5252,106020,115407
5253,105942,115055
5254,105844,114763
5255,105750,114525
5256,105717,114367
5257,105687,114280
5258,105668,114212
5259,105670,114208
5260,105659,114201
5261,105669,114220
5262,105680,114253
5263,105691,114278
5264,105702,114295
5265,105711,114324
5266,105715,114369
5267,105717,114391
5268,105732,114403
5269,105750,114417
5270,105726,114441
5271,105748,114492
5272,105753,114518
5273,105795,114608
5274,105799,114660
5275,105798,114726
5276,105809,114752
5277,105844,114796
5278,105840,114805
5279,105834,114826
5280,105846,114860
5281,105856,114862
5282,105864,114862
5283,105853,114886
5284,105881,114896
5285,105881,114926
5286,105885,114970
5287,105896,114975
5288,105904,115046
5289,105940,115103
5290,105953,115136
5291,105968,115184
5292,105963,115231
5293,106005,115273
5294,105996,115288
5295,106021,115354
5296,106019,115371
5297,106030,115402
5298,106033,115423
5299,106030,115446
5300,106051,115460
5301,106042,115511
5302,106048,115504
5303,106055,115558
5304,106083,115564
5305,106084,115590
5306,106087,115631
5307,106092,115638
5308,106085,115641
5309,106113,115662
5310,106092,115660
5311,106107,115651
5312,106074,115548
5313,106049,115409
5314,105953,115108
5315,105848,114803
5316,105744,114510
5317,105677,114307
5318,105617,114155
5319,105609,114100
5320,105571,114032
5321,105590,114013
5322,105584,114020
5323,105592,114049
5324,105626,114066
5325,105633,114096
5326,105637,114112
5327,105637,114117
5328,105668,114150
5329,105669,114162
5330,105674,114185
5331,105687,114221
5332,105720,114234
5333,105711,114294
5334,105730,114359
5335,105752,114398
5336,105771,114452
5337,105776,114489
5338,105775,114529
5339,105787,114553
5340,105805,114580
5341,105804,114572
5342,105794,114584
5343,105806,114605
5344,105773,114634
5345,105790,114689
5346,105809,114716
5347,105797,114798
5348,105816,114868
5349,105833,114959
5350,105855,115016
5351,105882,115112
5352,105908,115171
5353,105926,115208
5354,105949,115249
5355,105975,115272
5356,105986,115305
5357,105999,115306
5358,106010,115335
5359,105992,115344
5360,106035,115374
5361,106049,115373
5362,106056,115382
5363,106064,115399
5364,106059,115425
5365,106064,115425
5366,106059,115421
5367,106060,115447
5368,106029,115474
5369,106051,115513
5370,106049,115525
5371,106060,115564
5372,106034,115562
5373,106044,115572
5374,106032,115598
5375,106059,115593
5376,106014,115536
5377,106007,115433
5378,105944,115304
5379,105837,115018
5380,105751,114704
5381,105653,114428
5382,105583,114269
5383,105589,114146
5384,105556,114101
5385,105567,114100
5386,105559,114092
5387,105620,114142
5388,105615,114148
5389,105634,114211
5390,105656,114283
5391,105685,114332
5392,105687,114392
5393,105731,114445
5394,105732,114509
5395,105762,114566
5396,105758,114644
5397,105783,114720
5398,105838,114797
5399,105858,114891
5400,105849,114956
5401,105913,114988
5402,105889,115033
5403,105895,115060
5404,105894,115076
5405,105907,115080
5406,105895,115090
5407,105885,115072
5408,105870,115088
5409,105884,115097
5410,105886,115092
5411,105901,115132
5412,105895,115138
5413,105897,115172
5414,105917,115211
5415,105940,115235
5416,105942,115266
5417,105956,115282
5418,105941,115333
5419,105979,115363
5420,105959,115369
5421,105966,115411
5422,105999,115412
5423,105983,115437
5424,106004,115461
5425,106028,115492
5426,106002,115491
5427,106009,115514
5428,106016,115551
5429,106016,115582
5430,106057,115592
5431,106047,115603
5432,106041,115628
5433,106083,115621
5434,106024,115676
5435,106083,115659
5436,106061,115697
5437,106088,115698
5438,106054,115752
5439,106092,115747
5440,106093,115745
5441,106058,115696
5442,106037,115607
5443,106006,115453
5444,105946,115265
5445,105850,115004
5446,105786,114765
5447,105716,114560
5448,105671,114441
5449,105653,114398
5450,105661,114389
5451,105642,114415
5452,105690,114456
5453,105680,114534
5454,105734,114615
5455,105761,114673
5456,105793,114832
5457,105835,114923
5458,105852,114996
5459,105891,115077
5460,105889,115161
5461,105915,115213
5462,105936,115268
5463,105955,115320
5464,105996,115350
5465,105985,115356
5466,105975,115376
5467,105983,115395
5468,106001,115416
5469,105978,115413
5470,105974,115423
5471,105988,115407
5472,105989,115407
5473,105977,115427
5474,105998,115443
5475,105999,115447
5476,106011,115466
5477,105985,115486
5478,106015,115525
5479,106025,115548
5480,106005,115555
5481,106039,115586
5482,106039,115641
5483,106043,115637
5484,106045,115664
5485,106068,115685
5486,106047,115724
5487,106077,115729
5488,106106,115763
5489,106083,115785
5490,106081,115782
5491,106112,115821
5492,106107,115844
5493,106097,115838
5494,106119,115858
5495,106116,115879
5496,106128,115887
5497,106140,115911
5498,106149,115931
5499,106135,115931
5500,106163,115966
5501,106158,115955
5502,106148,115979
5503,106171,115990
5504,106171,115998
5505,106157,115954
5506,106124,115885
5507,106078,115740
5508,106041,115583
5509,106005,115410
5510,105923,115165
5511,105852,114990
5512,105802,114848
5513,105788,114755
5514,105756,114722
5515,105758,114760
5516,105768,114806
5517,105813,114914
5518,105863,114998
5519,105872,115089
5520,105916,115188
5521,105919,115253
5522,105949,115348
5523,105948,115375
5524,105993,115441
5525,106005,115519
5526,106019,115552
5527,106028,115599
5528,106047,115641
5529,106036,115667
5530,106039,115649
5531,106048,115660
5532,106028,115637
5533,106026,115630
5534,106046,115635
5535,106041,115597
5536,106036,115589
5537,106025,115603
5538,106043,115596
5539,106035,115596
5540,106043,115632
5541,106040,115631
5542,106058,115658
5543,105852,114990
5544,106061,115689
5545,106076,115710
5546,106075,115735
5547,106071,115761
5548,106079,115769
5549,106091,115808
5550,106095,115826
5551,106117,115833
5552,106118,115848
5553,106115,115893
5554,106134,115896
5555,106124,115930
5556,106114,115945
5557,106130,115940
5558,106139,115976
5559,106153,115973
5560,106156,115994
5561,106167,116014
5562,106169,116012
5563,106151,116028
5564,106152,115960
5565,106123,115845
5566,106065,115727
5567,106037,115579
5568,105982,115371
5569,105893,115156
5570,105863,115000
5571,105786,114885
5572,105766,114821
5573,105757,114799
5574,105734,114811
5575,105783,114852
5576,105799,114921
5577,105868,115012
5578,105874,115127
5579,105909,115225
5580,105930,115277
5581,105944,115368
5582,105969,115436
5583,105991,115498
5584,106011,115560
5585,106017,115584
5586,106030,115632
5587,106037,115656
5588,106041,115631
5589,106036,115656
5590,106035,115642
5591,106027,115652
5592,106039,115645
5593,106032,115630
5594,106025,115629
5595,106022,115617
5596,106035,115627
5597,106031,115624
5598,106043,115621
5599,106050,115642
5600,106044,115670
5601,106077,115708
5602,106065,115688
5603,106078,115706
5604,106065,115713
5605,106083,115740
5606,106091,115757
5607,106091,115796
5608,106104,115827
5609,106109,115832
5610,106106,115866
5611,106109,115850
5612,106139,115881
5613,106114,115909
5614,106144,115915
5615,106129,115932
5616,106158,115937
5617,106129,115972
5618,106193,115985
5619,106140,115986
5620,106168,115961
5621,106132,115916
5622,106078,115791
5623,106053,115631
5624,105988,115436
5625,105910,115124
5626,105814,114897
5627,105740,114722
5628,105705,114614
5629,105708,114562
5630,105690,114548
5631,105705,114582
5632,105713,114623
5633,105724,114685
5634,105758,114756
5635,105780,114840
5636,105832,114920
5637,105859,115020
5638,105883,115113
5639,105913,115180
5640,105929,115261
5641,105946,115321
5642,105972,115387
5643,105992,115399
5644,106008,115451
5645,106038,115476
5646,106027,115478
5647,106013,115488
5648,106010,115497
5649,106004,115481
5650,106027,115479
5651,105996,115474
5652,106018,115452
5653,106014,115452
5654,106015,115463
5655,106017,115491
5656,106028,115483
5657,106004,115502
5658,106040,115544
5659,106020,115546
5660,106038,115585
5661,106042,115587
5662,106049,115594
5663,106076,115617
5664,106064,115646
5665,106063,115667
5666,106095,115690
5667,106066,115674
5668,106062,115710
5669,106074,115703
5670,106100,115725
5671,106094,115731
5672,106086,115765
5673,106105,115787
5674,106082,115800
5675,106108,115825
5676,106120,115834
5677,106101,115831
5678,106130,115817
5679,106117,115767
5680,106073,115645
5681,105991,115439
5682,105924,115111
5683,105776,114811
5684,105726,114561
5685,105641,114368
5686,105610,114275
5687,105593,114234
5688,105597,114225
5689,105577,114246
5690,105614,114287
5691,105628,114324
5692,105624,114355
5693,105639,114387
5694,105674,114449
5695,105674,114488
5696,105702,114521
5697,105702,114553
5698,105718,114582
5699,105713,114607
5700,105723,114671
5701,105759,114742
5702,105799,114817
5703,105836,114892
5704,105849,114943
5705,105871,115008
5706,105886,115076
5707,105888,115070
5708,105897,115108
5709,105897,115113
5710,105907,115095
5711,105924,115105
5712,105916,115099
5713,105927,115095
5714,105931,115095
5715,105916,115122
5716,105953,115140
5717,105951,115204
5718,105970,115228
5719,105970,115254
5720,105983,115295
5721,105985,115325
5722,106034,115343
5723,106027,115386
5724,106034,115412
5725,106025,115431
5726,106062,115452
5727,106051,115468
5728,106073,115519
5729,106069,115528
5730,106083,115555
5731,106087,115576
5732,106105,115591
5733,106100,115610
5734,106110,115626
5735,106094,115636
5736,106110,115656
5737,106104,115676
5738,106090,115647
5739,106083,115609
5740,106064,115504
5741,105980,115288
5742,105887,114911
5743,105768,114596
5744,105699,114342
5745,105632,114189
5746,105591,114066
5747,105559,114024
5748,105596,113998
5749,105556,114005
5750,105584,114023
5751,105573,114042
5752,105611,114067
5753,105605,114096
5754,105619,114152
5755,105608,114154
5756,105643,114171
5757,105636,114200
5758,105632,114240
5759,106051,115468
5760,105663,114312
5761,105663,114360
5762,105693,114414
5763,105711,114498
5764,105739,114570
5765,105754,114630
5766,105767,114655
5767,105768,114710
5768,105802,114737
5769,105790,114768
5770,105808,114759
5771,105798,114767
5772,105795,114782
5773,105806,114781
5774,105796,114810
5775,105793,114829
5776,105826,114866
5777,105838,114887
5778,105853,114946
5779,105862,114990
5780,105870,115057
5781,105890,115088
5782,105899,115125
5783,105902,115145
5784,105925,115198
5785,105909,115213
5786,105936,115266
5787,105955,115276
5788,105937,115325
5789,105951,115349
5790,105955,115396
5791,105930,115405
5792,105968,115456
5793,105963,115478
5794,105980,115506
5795,105957,115512
5796,105982,115555
5797,105970,115566
5798,105994,115572
5799,106007,115592
5800,105999,115615
5801,105991,115607
5802,105998,115608
5803,105992,115550
5804,105959,115447
5805,105914,115265
5806,105812,114935
5807,105694,114594
5808,105586,114334
5809,105521,114162
5810,105496,114038
5811,105456,113980
5812,105454,113955
5813,105452,113982
5814,105471,113974
5815,105480,114010
5816,105506,114058
5817,105532,114109
5818,105530,114142
5819,105560,114176
5820,105550,114213
5821,105600,114241
5822,105575,114271
5823,105617,114317
5824,105645,114389
5825,105682,114461
5826,105696,114557
5827,105730,114640
5828,105749,114729
5829,105790,114791
5830,105789,114861
5831,105812,114869
5832,105793,114904
5833,105801,114886
5834,105809,114889
5835,105784,114907
5836,105823,114885
5837,105793,114888
5838,105796,114907
5839,105805,114919
5840,105837,114954
5841,105792,114975
5842,105826,115006
5843,105822,115031
5844,105867,115047
5845,105870,115077
5846,105868,115125
5847,105893,115128
5848,105888,115158
5849,105872,115178
5850,105908,115227
5851,105909,115240
5852,105917,115253
5853,105911,115291
5854,105926,115315
5855,105960,115330
5856,105951,115353
5857,105956,115364
5858,105947,115408
5859,105960,115421
5860,105960,115439
5861,105964,115452
5862,105995,115477
5863,105966,115487
5864,105983,115500
5865,105975,115459
5866,105943,115402
5867,105892,115284
5868,105830,115033
5869,105739,114710
5870,105623,114423
5871,105533,114189
5872,105503,114058
5873,105472,113975
5874,105468,113968
5875,105482,113946
5876,105472,113980
5877,105521,113997
5878,105496,114032
5879,105528,114091
5880,105561,114144
5881,105565,114172
5882,105579,114215
5883,105571,114259
5884,105598,114294
5885,105623,114346
5886,105642,114436
5887,105689,114498
5888,105691,114616
5889,105722,114692
5890,105782,114769
5891,105775,114841
5892,105788,114862
5893,105790,114874
5894,105781,114878
5895,105792,114875
5896,105785,114879
5897,105764,114849
5898,105793,114840
5899,105763,114860
5900,105784,114874
5901,105820,114895
5902,105805,114911
5903,105825,114942
5904,105830,114966
5905,105865,115012
5906,105850,115070
5907,105890,115102
5908,105863,115125
5909,105886,115136
5910,105896,115166
5911,105920,115187
5912,105917,115226
5913,105936,115247
5914,105939,115270
5915,105936,115289
5916,105919,115304
5917,105949,115327
5918,105972,115349
5919,105952,115366
5920,105940,115406
5921,105964,115418
5922,105967,115449
5923,105979,115462
5924,105974,115482
5925,105994,115508
5926,105989,115532
5927,106000,115526
5928,106015,115562
5929,106008,115542
5930,106022,115570
5931,106009,115602
5932,106007,115585
5933,106009,115573
5934,105978,115462
5935,105944,115314
5936,105860,115068
5937,105744,114725
5938,105643,114429
5939,105563,114192
5940,105511,114003
5941,105469,113930
5942,105463,113909
5943,105472,113912
5944,105453,113927
5945,105447,113933
5946,105470,113967
5947,105490,113990
5948,105502,114011
5949,105485,114029
5950,105502,114057
5951,105506,114057
5952,105532,114084
5953,105518,114079
5954,105514,114117
5955,105532,114138
5956,105580,114215
5957,105590,114278
5958,105603,114356
5959,105633,114412
5960,105657,114478
5961,105646,114495
5962,105639,114463
5963,105636,114444
5964,105603,114413
5965,105597,114348
5966,105576,114330
5967,105576,114272
5968,105560,114317
5969,105554,114322
5970,105566,114329
5971,105589,114377
5972,105626,114425
5973,105649,114506
5974,105659,114578
5975,105472,113912
5976,105718,114731
5977,105746,114821
5978,105775,114843
5979,105785,114892
5980,105791,114927
5981,105827,114969
5982,105824,114994
5983,105827,115023
5984,105827,115052
5985,105830,115077
5986,105842,115092
5987,105841,115132
5988,105873,115130
5989,105854,115145
5990,105867,115163
5991,105885,115185
5992,105868,115216
5993,105882,115231
5994,105850,115232
5995,105874,115264
5996,105897,115247
5997,105889,115256
5998,105869,115202
5999,105828,115060
6000,105743,114816
6001,105640,114471
6002,105531,114192
6003,105480,113966
6004,105435,113808
6005,105401,113729
6006,105385,113673
6007,105370,113653
6008,105384,113619
6009,105358,113667
6010,105367,113697
6011,105419,113712
6012,105387,113724
6013,105413,113753
6014,105406,113753
6015,105396,113779
6016,105397,113769
6017,105400,113798
6018,105389,113784
6019,105425,113813
6020,105414,113850
6021,105456,113889
6022,105470,113918
6023,105454,113951
6024,105466,113949
6025,105480,113943
6026,105483,113957
6027,105441,113956
6028,105448,113941
6029,105438,113922
6030,105433,113933
6031,105433,113936
6032,105422,113926
6033,105448,113976
6034,105443,113971
6035,105472,114012
6036,105456,114046
6037,105489,114110
6038,105460,114162
6039,105519,114212
6040,105511,114283
6041,105556,114363
6042,105577,114441
6043,105603,114485
6044,105609,114574
6045,105666,114682
6046,105663,114706
6047,105675,114756
6048,105692,114819
6049,105705,114880
6050,105712,114899
6051,105746,114943
6052,105720,114992
6053,105760,115013
6054,105757,115066
6055,105792,115074
6056,105784,115089
6057,105787,115102
6058,105790,115141
6059,105792,115167
6060,105807,115160
6061,105847,115187
6062,105819,115164
6063,105819,115172
6064,105842,115192
6065,105826,115191
6066,105831,115194
6067,105867,115228
6068,105840,115248
6069,105843,115228
6070,105842,115144
6071,105803,115009
6072,105669,114689
6073,105572,114314
6074,105450,113984
6075,105382,113756
6076,105318,113629
6077,105325,113528
6078,105280,113482
6079,105246,113445
6080,105266,113442
6081,105268,113456
6082,105275,113474
6083,105282,113499
6084,105302,113512
6085,105299,113484
6086,105279,113525
6087,105286,113536
6088,105294,113540
6089,105295,113548
6090,105302,113568
6091,105326,113578
6092,105305,113614
6093,105344,113697
6094,105377,113763
6095,105405,113825
6096,105417,113886
6097,105432,113905
6098,105455,113929
6099,105449,113950
6100,105428,113968
6101,105438,113952
6102,105427,113969
6103,105476,113953
6104,105455,113953
6105,105467,113965
6106,105457,113994
6107,105478,114011
6108,105486,114046
6109,105497,114092
6110,105530,114142
6111,105525,114189
6112,105561,114254
6113,105581,114312
6114,105583,114370
6115,105628,114425
6116,105627,114498
6117,105665,114559
6118,105680,114652
6119,105693,114687
6120,105701,114713
6121,105734,114745
6122,105749,114801
6123,105720,114816
6124,105723,114855
6125,105772,114869
6126,105747,114882
6127,105790,114916
6128,105753,114949
6129,105789,114938
6130,105777,114973
6131,105801,114982
6132,105773,115012
6133,105803,115011
6134,105793,115033
6135,105815,115080
6136,105829,115073
6137,105830,115075
6138,105838,115098
6139,105840,115126
6140,105839,115152
6141,105865,115197
6142,105862,115195
6143,105870,115228
6144,105892,115221
6145,105884,115215
6146,105846,115080
6147,105792,114883
6148,105677,114519
6149,105601,114202
6150,105483,113978
6151,105436,113802
6152,105378,113725
6153,105393,113648
6154,105349,113639
6155,105357,113639
6156,105354,113648
6157,105364,113686
6158,105377,113713
6159,105391,113764
6160,105392,113768
6161,105414,113793
6162,105420,113822
6163,105443,113825
6164,105454,113852
6165,105472,113897
6166,105476,113938
6167,105502,113999
6168,105504,114056
6169,105538,114142
6170,105553,114196
6171,105582,114225
6172,105589,114252
6173,105595,114298
6174,105574,114290
6175,105578,114265
6176,105584,114271
6177,105540,114289
6178,105529,114303
6179,105548,114312
6180,105543,114361
6181,105563,114426
6182,105580,114473
6183,105610,114549
6184,105614,114623
6185,105616,114708
6186,105655,114787
6187,105682,114815
6188,105701,114895
6189,105709,114914
6190,105719,114947
6191,105745,114964
6192,105392,113768
6193,105768,115037
6194,105784,115049
6195,105776,115086
6196,105789,115105
6197,105828,115133
6198,105806,115153
6199,105826,115189
6200,105839,115226
6201,105843,115229
6202,105852,115257
6203,105852,115288
6204,105861,115297
6205,105882,115329
6206,105851,115350
6207,105877,115376
6208,105865,115404
6209,105887,115425
6210,105873,115439
6211,105871,115454
6212,105876,115484
6213,105906,115495
6214,105890,115513
6215,105903,115535
6216,105892,115563
6217,105897,115537
6218,105906,115584
6219,105925,115585
6220,105900,115590
6221,105915,115549
6222,105884,115474
6223,105841,115342
6224,105792,115158
6225,105701,114869
6226,105588,114553
6227,105475,114286
6228,105422,114115
6229,105389,114023
6230,105356,114022
6231,105376,114026
6232,105383,114062
6233,105409,114112
6234,105433,114166
6235,105472,114237
6236,105482,114315
6237,105496,114372
6238,105522,114458
6239,105557,114500
6240,105547,114555
6241,105604,114579
6242,105612,114660
6243,105648,114728
6244,105666,114804
6245,105697,114832
6246,105702,114906
6247,105703,114934
6248,105745,114942
6249,105710,114979
6250,105734,114972
6251,105742,114995
6252,105740,114999
6253,105740,115031
6254,105749,115016
6255,105746,115048
6256,105769,115039
6257,105757,115090
6258,105796,115116
6259,105784,115148
6260,105803,115174
6261,105823,115190
6262,105806,115233
6263,105841,115240
6264,105847,115254
6265,105852,115293
6266,105863,115315
6267,105858,115342
6268,105903,115337
6269,105901,115350
6270,105913,115382
6271,105899,115417
6272,105908,115397
6273,105918,115422
6274,105919,115414
6275,105908,115438
6276,105924,115424
6277,105932,115448
6278,105954,115453
6279,105933,115484
6280,105936,115471
6281,105929,115477
6282,105936,115504
6283,105923,115483
6284,105948,115488
6285,105919,115506
6286,105921,115515
6287,105917,115510
6288,105928,115528
6289,105956,115545
6290,105945,115551
6291,105941,115528
6292,105931,115560
6293,105946,115552
6294,105941,115576
6295,105932,115613
6296,105910,115618
6297,105903,115613
6298,105886,115567
6299,105841,115460
6300,105799,115298
6301,105734,115035
6302,105616,114716
6303,105505,114431
6304,105455,114257
6305,105416,114172
6306,105425,114105
6307,105368,114097
6308,105415,114112
6309,105408,114146
6310,105408,114210
6311,105428,114257
6312,105479,114346
6313,105511,114405
6314,105488,114465
6315,105551,114566
6316,105555,114638
6317,105583,114699
6318,105620,114827
6319,105624,114879
6320,105662,114964
6321,105655,115010
6322,105694,115037
6323,105682,115072
6324,105666,115070
6325,105695,115040
6326,105688,115047
6327,105671,115011
6328,105676,115024
6329,105689,115001
6330,105710,114998
6331,105694,114987
6332,105690,114998
6333,105725,114980
6334,105735,115028
6335,105727,115049
6336,105747,115072
6337,105771,115107
6338,105750,115151
6339,105759,115185
6340,105796,115214
6341,105803,115236
6342,105811,115282
6343,105787,115320
6344,105827,115341
6345,105821,115368
6346,105848,115392
6347,105844,115405
6348,105837,115439
6349,105851,115443
6350,105839,115480
6351,105862,115473
6352,105862,115517
6353,105879,115508
6354,105880,115528
6355,105879,115549
6356,105898,115572
6357,105899,115597
6358,105890,115612
6359,105901,115642
6360,105944,115631
6361,105918,115657
6362,105934,115653
6363,105948,115702
6364,105959,115695
6365,105933,115704
6366,105973,115694
6367,105948,115642
6368,105932,115541
6369,105887,115417
6370,105834,115253
6371,105768,115058
6372,105693,114845
6373,105640,114689
6374,105599,114546
6375,105588,114474
6376,105574,114465
6377,105584,114505
6378,105614,114545
6379,105647,114599
6380,105651,114711
6381,105699,114815
6382,105719,114914
6383,105773,114985
6384,105780,115051
6385,105800,115105
6386,105826,115147
6387,105850,115182
6388,105866,115238
6389,105862,115261
6390,105869,115309
6391,105868,115315
6392,105882,115349
6393,105857,115346
6394,105861,115344
6395,105871,115347
6396,105875,115349
6397,105846,115342
6398,105861,115340
6399,105851,115323
6400,105861,115355
6401,105832,115343
6402,105868,115346
6403,105856,115377
6404,105843,115387
6405,105885,115395
6406,105897,115413
6407,105888,115446
6408,105905,115453
6409,105895,115465
6410,105614,114545
6411,105910,115517
6412,105932,115510
6413,105940,115542
6414,105936,115556
6415,105947,115571
6416,105951,115582
6417,105967,115598
6418,105984,115622
6419,105986,115609
6420,105980,115626
6421,105983,115659
6422,105990,115672
6423,105988,115696
6424,106001,115731
6425,106013,115742
6426,106003,115756
6427,105989,115782
6428,106002,115804
6429,106022,115807
6430,106014,115814
6431,106003,115781
6432,105980,115712
6433,105932,115534
6434,105881,115374
6435,105838,115146
6436,105739,114871
6437,105672,114663
6438,105613,114525
6439,105579,114405
6440,105567,114390
6441,105588,114398
6442,105625,114415
6443,105590,114486
6444,105642,114546
6445,105656,114641
6446,105687,114723
6447,105700,114819
6448,105747,114907
6449,105777,114999
6450,105811,115070
6451,105799,115123
6452,105834,115191
6453,105834,115242
6454,105863,115285
6455,105870,115315
6456,105877,115320
6457,105872,115347
6458,105877,115374
6459,105864,115348
6460,105871,115357
6461,105870,115340
6462,105850,115351
6463,105875,115339
6464,105858,115335
6465,105882,115339
6466,105876,115361
6467,105873,115365
6468,105890,115394
6469,105884,115416
6470,105904,115440
6471,105892,115455
6472,105903,115503
6473,105937,115501
6474,105908,115563
6475,105912,115603
6476,105926,115605
6477,105937,115628
6478,105954,115656
6479,105948,115686
6480,105979,115685
6481,105964,115713
6482,105968,115710
6483,105985,115731
6484,105973,115744
6485,105968,115740
6486,105978,115739
6487,105987,115750
6488,105995,115781
6489,105989,115778
6490,105983,115807
6491,106001,115770
6492,106007,115794
6493,105990,115741
6494,105951,115671
6495,105939,115544
6496,105883,115415
6497,105824,115247
6498,105771,115007
6499,105734,114877
6500,105666,114765
6501,105628,114652
6502,105637,114654
6503,105666,114665
6504,105690,114687
6505,105701,114763
6506,105737,114846
6507,105739,114930
6508,105778,115015
6509,105813,115093
6510,105838,115146
6511,105845,115210
6512,105875,115243
6513,105866,115296
6514,105886,115339
6515,105903,115351
6516,105895,115353
6517,105908,115372
6518,105915,115373
6519,105913,115378
6520,105920,115362
6521,105903,115338
6522,105896,115316
6523,105876,115304
6524,105892,115273
6525,105874,115230
6526,105856,115225
6527,105849,115219
6528,105859,115217
6529,105867,115202
6530,105885,115232
6531,105851,115224
6532,105885,115271
6533,105886,115299
6534,105909,115336
6535,105898,115349
6536,105894,115396
6537,105924,115414
6538,105897,115458
6539,105932,115469
6540,105923,115478
6541,105921,115492
6542,105945,115514
6543,105939,115551
6544,105921,115553
6545,105972,115564
6546,105967,115581
6547,105959,115587
6548,105923,115587
6549,105947,115546
6550,105910,115478
6551,105873,115358
6552,105848,115118
6553,105706,114853
6554,105652,114581
6555,105569,114365
6556,105510,114272
6557,105482,114208
6558,105513,114174
6559,105503,114184
6560,105501,114227
6561,105531,114265
6562,105564,114341
6563,105566,114401
6564,105589,114502
6565,105622,114571
6566,105682,114686
6567,105674,114780
6568,105705,114885
6569,105724,114911
6570,105782,114971
6571,105768,115042
6572,105789,115047
6573,105784,115063
6574,105805,115042
6575,105770,115070
6576,105787,115040
6577,105778,115044
6578,105795,115048
6579,105773,115041
6580,105781,115028
6581,105790,115049
6582,105766,115052
6583,105789,115093
6584,105798,115106
6585,105790,115139
6586,105811,115160
6587,105810,115188
6588,105830,115237
6589,105842,115254
6590,105844,115295
6591,105863,115315
6592,105867,115366
6593,105882,115404
6594,105883,115429
6595,105888,115425
6596,105896,115448
6597,105907,115489
6598,105922,115511
6599,105918,115546
6600,105934,115549
6601,105949,115588
6602,105937,115603
6603,105922,115600
6604,105930,115602
6605,105920,115566
6606,105903,115481
6607,105838,115307
6608,105761,115060
6609,105633,114701
6610,105527,114401
6611,105438,114189
6612,105402,114037
6613,105365,113976
6614,105357,113946
6615,105349,113936
6616,105359,113961
6617,105377,113997
6618,105373,114014
6619,105398,114055
6620,105420,114129
6621,105448,114196
6622,105448,114226
6623,105468,114286
6624,105510,114348
6625,105531,114422
6626,105535,114510
6627,105595,114596
6628,105637,114687
6629,105907,115489
6630,105651,114798
6631,105693,114839
6632,105703,114893
6633,105711,114875
6634,105706,114889
6635,105704,114871
6636,105690,114882
6637,105707,114868
6638,105686,114887
6639,105705,114885
6640,105693,114879
6641,105706,114909
6642,105708,114928
6643,105708,114948
6644,105740,114978
6645,105735,115028
6646,105758,115049
6647,105762,115085
6648,105782,115125
6649,105754,115160
6650,105764,115204
6651,105789,115229
6652,105783,115283
6653,105773,115310
6654,105793,115351
6655,105805,115385
6656,105783,115424
6657,105815,115435
6658,105820,115443
6659,105812,115428
6660,105808,115342
6661,105776,115231
6662,105700,115032
6663,105609,114741
6664,105502,114459
6665,105426,114243
6666,105380,114076
6667,105364,114004
6668,105328,113972
6669,105357,113968
6670,105349,114010
6671,105364,114060
6672,105391,114098
6673,105426,114128
6674,105419,114179
6675,105439,114223
6676,105477,114274
6677,105483,114317
6678,105500,114390
6679,105539,114469
6680,105575,114537
6681,105603,114618
6682,105642,114694
6683,105658,114753
6684,105675,114773
6685,105697,114799
6686,105710,114802
6687,105700,114816
6688,105683,114830
6689,105695,114816
6690,105686,114815
6691,105682,114819
6692,105702,114835
6693,105681,114885
6694,105713,114901
6695,105718,114923
6696,105712,114980
6697,105727,115021
6698,105741,115077
6699,105718,115099
6700,105738,115133
6701,105747,115164
6702,105756,115187
6703,105771,115206
6704,105781,115245
6705,105761,115260
6706,105792,115269
6707,105793,115291
6708,105800,115320
6709,105788,115349
6710,105817,115360
6711,105825,115384
6712,105808,115385
6713,105805,115361
6714,105784,115304
6715,105758,115167
6716,105665,114946
6717,105569,114635
6718,105465,114332
6719,105386,114127
6720,105345,114003
6721,105312,113914
6722,105316,113884
6723,105312,113892
6724,105315,113924
6725,105323,113955
6726,105341,114003
6727,105360,114035
6728,105417,114075
6729,105385,114123
6730,105404,114165
6731,105421,114210
6732,105466,114257
6733,105466,114306
6734,105492,114376
6735,105528,114501
6736,105553,114609
6737,105583,114668
6738,105622,114753
6739,105644,114793
6740,105634,114845
6741,105641,114880
6742,105661,114882
6743,105666,114878
6744,105665,114876
6745,105681,114875
6746,105667,114879
6747,105683,114909
6748,105687,114905
6749,105670,114945
6750,105676,114951
6751,105726,114991
6752,105688,115034
6753,105712,115060
6754,105724,115109
6755,105728,115128
6756,105747,115159
6757,105737,115218
6758,105749,115235
6759,105763,115264
6760,105777,115308
6761,105795,115313
6762,105764,115347
6763,105785,115349
6764,105805,115352
6765,105788,115388
6766,105790,115397
6767,105821,115408
6768,105827,115406
6769,105784,115362
6770,105779,115276
6771,105721,115113
6772,105611,114788
6773,105493,114445
6774,105407,114163
6775,105343,113978
6776,105307,113857
6777,105277,113808
6778,105257,113813
6779,105275,113822
6780,105280,113858
6781,105302,113907
6782,105292,113944
6783,105321,114002
6784,105348,114025
6785,105342,114085
6786,105350,114128
6787,105373,114127
6788,105392,114169
6789,105425,114233
6790,105431,114259
6791,105452,114344
6792,105483,114431
6793,105499,114497
6794,105511,114538
6795,105526,114568
6796,105534,114606
6797,105545,114604
6798,105552,114635
6799,105565,114611
6800,105545,114626
6801,105544,114606
6802,105549,114614
6803,105565,114637
6804,105559,114652
6805,105593,114681
6806,105594,114689
6807,105592,114733
6808,105593,114772
6809,105654,114795
6810,105641,114837
6811,105657,114867
6812,105671,114856
6813,105690,114877
6814,105693,114855
6815,105718,114855
6816,105706,114871
6817,105716,114897
6818,105740,114938
6819,105764,114961
6820,105771,114969
6821,105757,114989
6822,105770,115019
6823,105768,115053
6824,105770,115057
6825,105775,115084
6826,105750,115114
6827,105804,115153
6828,105791,115179
6829,105803,115204
6830,105784,115216
6831,105780,115170
6832,105748,115079
6833,105684,114855
6834,105545,114496
6835,105413,114147
6836,105371,113891
6837,105293,113751
6838,105252,113650
6839,105233,113607
6840,105229,113599
6841,105229,113600
6842,105244,113642
6843,105268,113701
6844,105256,113725
6845,105690,114877
6846,105300,113819
6847,105304,113834
6848,105310,113865
6849,105318,113896
6850,105333,113938
6851,105352,113982
6852,105364,114036
6853,105372,114101
6854,105423,114178
6855,105429,114232
6856,105432,114263
6857,105435,114269
6858,105443,114304
6859,105451,114299
6860,105420,114269
6861,105435,114248
6862,105428,114239
6863,105408,114255
6864,105411,114229
6865,105440,114238
6866,105423,114272
6867,105439,114297
6868,105447,114323
6869,105466,114364
6870,105485,114453
6871,105501,114489
6872,105533,114587
6873,105547,114638
6874,105578,114693
6875,105588,114735
6876,105592,114783
6877,105618,114847
6878,105635,114855
6879,105652,114891
6880,105635,114914
6881,105672,114933
6882,105671,114931
6883,105673,114945
6884,105656,114916
6885,105672,114923
6886,105663,114906
6887,105662,114911
6888,105646,114903
6889,105657,114871
6890,105666,114863
6891,105651,114884
6892,105625,114839
6893,105650,114868
6894,105640,114887
6895,105666,114903
6896,105660,114925
6897,105642,114880
6898,105607,114775
6899,105519,114529
6900,105398,114189
6901,105319,113929
6902,105241,113760
6903,105212,113651
6904,105187,113557
6905,105163,113522
6906,105175,113527
6907,105191,113551
6908,105177,113597
6909,105210,113614
6910,105232,113655
6911,105259,113698
6912,105238,113729
6913,105245,113756
6914,105277,113788
6915,105258,113802
6916,105272,113818
6917,105264,113857
6918,105309,113892
6919,105303,113945
6920,105347,113993
6921,105334,114040
6922,105348,114077
6923,105355,114086
6924,105341,114067
6925,105358,114087
6926,105336,114038
6927,105333,114014
6928,105318,114007
6929,105330,113996
6930,105321,113967
6931,105316,113984
6932,105334,113968
6933,105321,113997
6934,105344,114032
6935,105358,114023
6936,105361,114072
6937,105370,114090
6938,105396,114094
6939,105371,114142
6940,105399,114156
6941,105405,114198
6942,105450,114200
6943,105429,114250
6944,105448,114275
6945,105446,114308
6946,105472,114344
6947,105486,114358
6948,105513,114338
6949,105544,114389
6950,105523,114437
6951,105539,114464
6952,105562,114509
6953,105575,114522
6954,105599,114577
6955,105620,114592
6956,105607,114629
6957,105621,114690
6958,105623,114712
6959,105675,114730
6960,105635,114779
6961,105653,114795
6962,105663,114819
6963,105665,114866
6964,105662,114878
6965,105685,114913
6966,105696,114890
6967,105659,114851
6968,105596,114662
6969,105471,114319
6970,105357,113950
6971,105249,113676
6972,105188,113494
6973,105138,113397
6974,105115,113319
6975,105093,113287
6976,105096,113285
6977,105118,113287
6978,105119,113316
6979,105123,113304
6980,105106,113334
6981,105140,113387
6982,105154,113410
6983,105144,113441
6984,105168,113443
6985,105174,113475
6986,105176,113491
6987,105184,113523
6988,105194,113611
6989,105217,113647
6990,105231,113704
6991,105250,113760
6992,105281,113757
6993,105301,113786
6994,105262,113802
6995,105256,113815
6996,105279,113787
6997,105291,113767
6998,105253,113778
6999,105274,113776
7000,105270,113771
7001,105257,113783
7002,105270,113810
7003,105275,113848
7004,105292,113878
7005,105312,113937
7006,105304,113985
7007,105312,114038
7008,105346,114104
7009,105362,114173
7010,105378,114245
7011,105401,114324
7012,105411,114404
7013,105464,114461
7014,105470,114536
7015,105485,114573
7016,105516,114647
7017,105505,114647
7018,105516,114699
7019,105532,114697
7020,105542,114745
7021,105546,114746
7022,105578,114772
7023,105570,114775
7024,105577,114775
7025,105569,114806
7026,105597,114819
7027,105595,114808
7028,105591,114805
7029,105602,114833
7030,105596,114858
7031,105621,114860
7032,105624,114885
7033,105629,114884
7034,105635,114927
7035,105635,114939
7036,105648,114948
7037,105648,114946
7038,105655,114947
7039,105633,114897
7040,105577,114746
7041,105468,114374
7042,105357,114038
7043,105244,113746
7044,105150,113562
7045,105125,113459
7046,105111,113390
7047,105096,113368
7048,105094,113380
7049,105116,113397
7050,105099,113436
7051,105130,113498
7052,105118,113525
7053,105143,113564
7054,105175,113631
7055,105175,113665
7056,105185,113708
7057,105208,113707
7058,105205,113741
7059,105230,113816
7060,105252,113828
7061,105269,113862
7062,105259,113887
7063,105266,113864
7064,105239,113875
7065,105251,113830
7066,105635,114927
7067,105231,113760
7068,105232,113750
7069,105234,113704
7070,105211,113704
7071,105208,113696
7072,105233,113714
7073,105261,113750
7074,105248,113804
7075,105274,113839
7076,105289,113917
7077,105289,113947
7078,105306,114025
7079,105349,114103
7080,105355,114161
7081,105357,114230
7082,105401,114314
7083,105427,114393
7084,105425,114446
7085,105461,114520
7086,105481,114554
7087,105503,114598
7088,105525,114635
7089,105528,114670
7090,105517,114711
7091,105553,114723
7092,105562,114772
7093,105574,114797
7094,105565,114814
7095,105566,114868
7096,105601,114861
7097,105590,114924
7098,105614,114934
7099,105594,114906
7100,105561,114835
7101,105527,114687
7102,105423,114381
7103,105313,114054
7104,105194,113783
7105,105168,113592
7106,105132,113528
7107,105099,113485
7108,105100,113480
7109,105111,113475
7110,105138,113481
7111,105137,113526
7112,105170,113557
7113,105181,113630
7114,105185,113640
7115,105215,113672
7116,105203,113704
7117,105249,113719
7118,105247,113735
7119,105296,113801
7120,105299,113872
7121,105346,113947
7122,105351,113971
7123,105361,114048
7124,105392,114097
7125,105379,114113
