n,red,ir
7546,112842,122759
7547,112799,122749
7548,112794,122730
7549,112821,122741
7550,112813,122745
7551,112796,122740
7552,112819,122741
7553,112831,122759
7554,112838,122774
7555,112793,122741
7556,112805,122764
7557,112829,122764
7558,112812,122752
7559,112792,122728
7560,112825,122747
7561,112813,122745
7562,112836,122749
7563,112807,122732
7564,112809,122765
7565,112817,122736
7566,112810,122734
7567,112821,122757
7568,112809,122747
7569,112798,122743
7570,112809,122723
7571,112814,122730
7572,112810,122723
7573,112817,122754
7574,112804,122740
7575,112802,122736
7576,112799,122761
7577,112831,122746
7578,112812,122757
7579,112822,122747
7580,112799,122736
7581,112800,122744
7582,112791,122766
7583,112816,122714
7584,112828,122758
7585,112790,122751
7586,112799,122761
7587,112829,122756
7588,112799,122755
7589,112824,122773
7590,112832,122758
7591,112839,122743
7592,112811,122743
7593,112816,122721
7594,112812,122721
7595,112812,122721
7596,112825,122735
7597,112814,122744
7598,112825,122757
7599,112822,122746
7600,112821,122723
7601,112813,122743
7602,112817,122740
7603,112826,122740
7604,112858,122751
7605,112831,122748
7606,112815,122758
7607,112813,122750
7608,112831,122757
7609,112824,122744
7610,112810,122753
7611,112823,122757
7612,112814,122754
7613,112856,122757
7614,112830,122775
7615,112834,122775
7616,112843,122790
7617,112834,122767
7618,112829,122801
7619,112829,122753
7620,112824,122769
7621,112821,122779
7622,112823,122774
7623,112857,122802
7624,112830,122778
7625,112855,122777
7626,112821,122791
7627,112826,122784
7628,112823,122791
7629,112797,122781
7630,112822,122788
7631,112801,122780
7632,112793,122778
7633,112835,122784
7634,112806,122773
7635,112821,122763
7636,112797,122783
7637,112789,122779
7638,112809,122759
7639,112800,122773
7640,112808,122762
7641,112807,122785
7642,112797,122754
7643,112817,122775
7644,112809,122771
7645,112805,122784
7646,112790,122782
7647,112802,122761
7648,112799,122770
7649,112787,122773
7650,112786,122776
7651,112812,122770
7652,112792,122762
7653,112805,122805
7654,112823,122772
7655,112806,122793
7656,112797,122772
7657,112819,122792
7658,112801,122776
7659,112814,122804
7660,112811,122810
7661,112817,122809
7662,112839,122808
7663,112851,122839
7664,112835,122822
7665,112838,122823
7666,112821,122811
7667,112817,122810
7668,112825,122798
7669,112811,122776
7670,112839,122793
7671,112835,122801
7672,112849,122815
7673,112835,122816
7674,112854,122810
7675,112851,122834
7676,112857,122816
7677,112868,122822
7678,112866,122822
7679,112870,122850
7680,112872,122840
7681,112886,122834
7682,112877,122867
7683,112886,122847
7684,112874,122852
7685,112897,122870
7686,112890,122883
7687,112903,122891
7688,112907,122910
7689,112941,122905
7690,112944,122928
7691,112961,122965
7692,112961,122980
7693,112955,122997
7694,112976,122988
7695,112966,122994
7696,112951,122969
7697,112953,122989
7698,112958,122981
7699,112960,122949
7700,112959,122984
7701,112930,122947
7702,112936,122967
7703,112941,122978
7704,112933,122952
7705,112916,122949
7706,112936,122947
7707,112918,122954
7708,112920,122950
7709,112901,122951
7710,112907,122933
7711,112917,122923
7712,112896,122911
7713,112876,122924
7714,112849,122900
7715,112864,122902
7716,112881,122894
7717,112884,122921
7718,112859,122885
7719,112877,122882
7720,112862,122903
7721,112874,122891
7722,112836,122859
7723,112874,122879
7724,112854,122852
7725,112844,122852
7726,112826,122861
7727,112828,122864
7728,112833,122834
7729,112839,122862
7730,112829,122837
7731,112845,122859
7732,112828,122877
7733,112842,122851
7734,112834,122850
7735,112802,122855
7736,112815,122829
7737,112817,122844
7738,112799,122851
7739,112806,122850
7740,112818,122854
7741,112796,122842
7742,112790,122847
7743,112806,122845
7744,112817,122851
7745,112803,122829
7746,112785,122838
7747,112803,122829
7748,112801,122825
7749,112804,122835
7750,112807,122839
7751,112801,122818
7752,112822,122835
7753,112811,122844
7754,112797,122789
7755,112802,122788
7756,112779,122805
7757,112793,122804
7758,112778,122808
7759,112780,122803
7760,112763,122788
7761,112760,122798
7762,112776,122789
7763,112768,122781
7764,112750,122771
7765,112753,122787
7766,112736,122770
7767,112741,122782
7768,112749,122796
7769,112738,122777
7770,112731,122787
7771,112744,122767
7772,112738,122754
7773,112732,122755
7774,112713,122754
7775,112733,122755
7776,112714,122753
7777,112732,122763
7778,112723,122737
7779,112723,122738
7780,112709,122725
7781,112711,122751
7782,112722,122727
7783,112713,122756
7784,112724,122757
7785,112733,122772
7786,112721,122763
7787,112727,122772
7788,112724,122757
7789,112744,122751
7790,112740,122779
7791,112730,122752
7792,112745,122760
7793,112738,122779
7794,112721,122770
7795,112742,122753
7796,112745,122782
7797,112740,122769
7798,112749,122797
7799,112761,122805
7800,112753,122800
7801,112772,122813
7802,112764,122809
7803,112756,122798
7804,112751,122791
7805,112776,122803
7806,112800,122817
7807,112743,122818
7808,112760,122797
7809,112759,122826
7810,112764,122788
7811,112767,122786
7812,112780,122780
7813,112763,122790
7814,112772,122785
7815,112768,122790
7816,112781,122779
7817,112776,122787
7818,112797,122799
7819,112752,122807
7820,112780,122807
7821,112751,122816
7822,112767,122814
7823,112765,122796
7824,112776,122804
7825,112784,122815
7826,112754,122807
7827,112801,122821
7828,112810,122822
7829,112767,122842
7830,112768,122818
7831,112777,122802
7832,112757,122827
7833,112759,122817
7834,112761,122813
7835,112779,122824
7836,112765,122816
7837,112770,122809
7838,112778,122818
7839,112765,122815
7840,112772,122819
7841,112770,122815
7842,112778,122811
7843,112777,122827
7844,112767,122836
7845,112791,122822
7846,112794,122826
7847,112777,122831
7848,112774,122829
7849,112772,122824
7850,112771,122855
7851,112761,122860
7852,112762,122834
7853,112748,122840
7854,112765,122849
7855,112761,122861
7856,112780,122839
7857,112742,122836
7858,112782,122860
7859,112773,122843
7860,112762,122828
7861,112753,122831
7862,112741,122833
7863,112763,122836
7864,112749,122818
7865,112727,122838
7866,112732,122807
7867,112729,122824
7868,112730,122828
7869,112718,122816
7870,112694,122801
7871,112721,122792
7872,112713,122786
7873,112704,122801
7874,112709,122789
7875,112711,122807
7876,112705,122789
7877,112749,122784
7878,112741,122779
7879,112712,122761
7880,112707,122766
7881,112717,122756
7882,112690,122751
7883,112679,122732
7884,112695,122739
7885,112679,122735
7886,112687,122746
7887,112706,122762
7888,112680,122763
7889,112694,122740
7890,112677,122752
7891,112690,122738
7892,112690,122750
7893,112683,122748
7894,112698,122752
7895,112669,122745
7896,112683,122739
7897,112669,122751
7898,112671,122734
7899,112651,122726
7900,112672,122728
7901,112661,122718
7902,112661,122731
7903,112665,122729
7904,112653,122730
7905,112648,122734
7906,112667,122734
7907,112683,122727
7908,112675,122769
7909,112676,122760
7910,112718,122789
7911,112716,122802
7912,112704,122785
7913,112705,122777
7914,112705,122802
7915,112705,122798
7916,112712,122788
7917,112731,122781
7918,112710,122814
7919,112726,122805
7920,112734,122838
7921,112740,122844
7922,112745,122840
7923,112747,122848
7924,112749,122850
7925,112741,122851
7926,112749,122844
7927,112742,122848
7928,112745,122863
7929,112760,122880
7930,112768,122887
7931,112786,122877
7932,112773,122873
7933,112762,122879
7934,112777,122925
7935,112775,122915
7936,112791,122886
7937,112802,122884
7938,112751,122882
7939,112747,122841
7940,112774,122858
7941,112742,122850
7942,112761,122847
7943,112740,122836
7944,112731,122838
7945,112757,122833
7946,112740,122826
7947,112755,122822
7948,112765,122827
7949,112773,122810
7950,112771,122816
7951,112762,122789
7952,112759,122791
7953,112760,122817
7954,112756,122810
7955,112776,122821
7956,112722,122817
7957,112733,122809
7958,112746,122809
7959,112722,122818
7960,112722,122798
7961,112758,122816
7962,112737,122838
7963,112746,122812
7964,112764,122826
7965,112745,122842
7966,112719,122813
7967,112758,122830
7968,112754,122844
7969,112733,122825
7970,112764,122864
7971,112719,122856
7972,112714,122834
7973,112719,122844
7974,112743,122830
7975,112743,122843
7976,112716,122819
7977,112723,122837
7978,112729,122807
7979,112711,122801
7980,112705,122833
7981,112718,122831
7982,112716,122823
7983,112726,122822
7984,112703,122818
7985,112695,122809
7986,112709,122820
7987,112711,122808
7988,112697,122822
7989,112689,122822
7990,112709,122812
7991,112698,122818
7992,112703,122814
7993,112722,122841
7994,112712,122860
7995,112723,122827
7996,112726,122839
7997,112719,122864
7998,112715,122848
7999,112714,122832
8000,112697,122847
8001,112708,122838
8002,112722,122845
8003,112715,122861
8004,112726,122868
8005,112766,122878
8006,112760,122905
8007,112770,122891
8008,112754,122892
8009,112771,122911
8010,112755,122932
8011,112780,122890
8012,112790,122885
8013,112778,122905
8014,112770,122903
8015,112763,122908
8016,112775,122894
8017,112770,122896
8018,112769,122905
8019,112768,122887
8020,112779,122875
8021,112777,122895
8022,112753,122888
8023,112755,122884
8024,112770,122902
8025,112747,122893
8026,112771,122873
8027,112757,122896
8028,112740,122876
8029,112737,122873
8030,112737,122871
8031,112742,122859
8032,112723,122887
8033,112741,122889
8034,112741,122886
8035,112741,122868
8036,112763,122869
8037,112761,122890
8038,112740,122867
8039,112728,122866
8040,112759,122821
8041,112746,122817
8042,112741,122810
8043,112743,122831
8044,112745,122804
8045,112734,122849
8046,112761,122821
8047,112761,122835
8048,112752,122821
8049,112753,122863
8050,112764,122874
8051,112747,122865
8052,112781,122898
8053,112781,122873
8054,112763,122865
8055,112763,122882
8056,112766,122854
8057,112777,122859
8058,112763,122865
8059,112778,122877
8060,112763,122886
8061,112788,122921
8062,112807,122933
8063,112812,122936
8064,112800,122932
8065,112787,122918
8066,112808,122936
8067,112819,122935
8068,112795,122934
8069,112804,122934
8070,112805,122930
8071,112804,122960
8072,112815,122956
8073,112795,122940
8074,112810,122948
8075,112797,122945
8076,112794,122932
8077,112805,122960
8078,112793,122948
8079,112780,122924
8080,112787,122970
8081,112799,122947
8082,112775,122952
8083,112778,122944
8084,112784,122940
8085,112808,122938
8086,112807,122966
8087,112787,122968
8088,112828,122979
8089,112777,122960
8090,112812,122978
8091,112793,122951
8092,112795,122958
8093,112768,122946
8094,112787,122955
8095,112794,122950
8096,112803,122955
8097,112784,122940
8098,112763,122944
8099,112781,122942
8100,112783,122952
8101,112771,122940
8102,112766,122946
8103,112789,122955
8104,112801,122947
8105,112763,122947
8106,112780,122940
8107,112775,122922
8108,112757,122933
8109,112774,122955
8110,112765,122933
8111,112750,122930
8112,112773,122951
8113,112760,122947
8114,112780,122943
8115,112768,122942
8116,112758,122934
8117,112764,122921
8118,112788,122889
8119,112757,122891
8120,112758,122874
8121,112768,122845
8122,112749,122838
8123,112740,122826
8124,112739,122831
8125,112747,122831
8126,112765,122837
8127,112748,122822
8128,112731,122831
8129,112733,122832
8130,112741,122821
8131,112746,122832
8132,112740,122835
8133,112737,122836
8134,112746,122820
8135,112737,122820
8136,112748,122852
8137,112733,122843
8138,112733,122848
8139,112766,122865
8140,112745,122867
8141,112733,122883
8142,112749,122860
8143,112753,122867
8144,112739,122875
8145,112741,122882
8146,112775,122881
8147,112739,122891
8148,112737,122893
8149,112764,122884
8150,112782,122881
8151,112739,122882
8152,112748,122880
8153,112754,122888
8154,112761,122883
8155,112761,122871
8156,112770,122878
8157,112759,122887
8158,112769,122920
8159,112744,122901
8160,112767,122914
8161,112757,122923
8162,112756,122888
8163,112772,122918
8164,112762,122898
8165,112760,122888
8166,112770,122939
8167,112762,122905
8168,112754,122913
8169,112736,122887
8170,112751,122901
8171,112743,122889
8172,112735,122903
8173,112750,122890
8174,112743,122909
8175,112733,122893
8176,112756,122902
8177,112750,122937
8178,112761,122905
8179,112762,122896
8180,112738,122882
8181,112722,122907
8182,112730,122892
8183,112727,122914
8184,112730,122900
8185,112734,122904
8186,112748,122933
8187,112738,122928
8188,112730,122908
8189,112733,122916
8190,112735,122911
8191,112737,122911
8192,112746,122890
8193,112753,122843
8194,112722,122832
8195,112690,122790
8196,112704,122785
8197,112704,122788
8198,112703,122784
8199,112686,122821
8200,112703,122797
8201,112709,122808
8202,112714,122799
8203,112700,122835
8204,112696,122826
8205,112714,122823
8206,112721,122844
8207,112718,122838
8208,112717,122839
8209,112701,122841
8210,112714,122849
8211,112707,122839
8212,112712,122861
8213,112713,122841
8214,112700,122835
8215,112705,122826
8216,112695,122834
8217,112710,122854
8218,112699,122861
8219,112700,122857
8220,112698,122831
8221,112677,122833
8222,112720,122849
8223,112702,122852
8224,112679,122854
8225,112690,122834
8226,112697,122852
8227,112708,122848
8228,112714,122871
8229,112681,122829
8230,112698,122858
8231,112683,122849
8232,112699,122840
8233,112698,122847
8234,112694,122851
8235,112691,122855
8236,112688,122853
8237,112713,122866
8238,112701,122856
8239,112697,122881
8240,112699,122856
8241,112724,122862
8242,112692,122854
8243,112701,122854
8244,112701,122879
8245,112700,122869
8246,112704,122881
8247,112686,122875
8248,112698,122863
8249,112703,122857
8250,112678,122869
8251,112697,122843
8252,112671,122857
8253,112682,122851
8254,112697,122863
8255,112698,122885
8256,112692,122865
8257,112692,122868
8258,112701,122873
8259,112697,122880
8260,112662,122855
8261,112692,122847
8262,112678,122889
8263,112688,122849
8264,112681,122870
8265,112703,122872
8266,112698,122881
8267,112675,122872
8268,112670,122868
8269,112696,122882
8270,112710,122873
8271,112687,122869
8272,112673,122887
8273,112699,122859
8274,112682,122863
8275,112683,122870
8276,112687,122894
8277,112690,122885
8278,112688,122861
8279,112692,122870
8280,112687,122846
8281,112672,122839
8282,112693,122836
8283,112682,122849
8284,112687,122825
8285,112684,122801
8286,112676,122789
8287,112662,122766
8288,112691,122801
8289,112662,122782
8290,112673,122800
8291,112663,122777
8292,112670,122816
8293,112662,122801
8294,112650,122796
8295,112677,122827
8296,112659,122825
8297,112673,122823
8298,112673,122846
8299,112666,122852
8300,112661,122827
8301,112663,122849
8302,112684,122844
8303,112676,122850
8304,112651,122849
8305,112666,122857
8306,112645,122823
8307,112686,122864
8308,112660,122845
8309,112673,122855
8310,112666,122887
8311,112662,122884
8312,112703,122887
8313,112654,122876
8314,112665,122875
8315,112669,122895
8316,112667,122876
8317,112669,122872
8318,112676,122868
8319,112669,122887
8320,112677,122868
8321,112676,122895
8322,112671,122895
8323,112680,122878
8324,112671,122894
8325,112662,122864
8326,112685,122866
8327,112673,122861
8328,112676,122877
8329,112656,122884
8330,112697,122889
8331,112683,122884
8332,112689,122910
8333,112682,122892
8334,112672,122914
8335,112663,122906
8336,112663,122895
8337,112676,122898
8338,112680,122913
8339,112666,122904
8340,112672,122904
8341,112663,122903
8342,112657,122906
8343,112684,122914
8344,112681,122898
8345,112678,122909
8346,112670,122903
8347,112653,122915
8348,112684,122914
8349,112688,122900
8350,112680,122887
8351,112681,122884
8352,112684,122901
8353,112700,122927
8354,112683,122937
8355,112690,122948
8356,112701,122903
8357,112667,122922
8358,112686,122902
8359,112699,122930
8360,112685,122909
8361,112689,122938
8362,112693,122920
8363,112695,122915
8364,112704,122959
8365,112678,122931
8366,112671,122912
8367,112704,122910
8368,112679,122905
8369,112700,122920
8370,112691,122910
8371,112675,122912
8372,112698,122868
8373,112663,122876
8374,112693,122871
8375,112692,122912
8376,112677,122895
8377,112689,122878
8378,112680,122898
8379,112692,122910
8380,112683,122903
8381,112674,122909
8382,112672,122901
8383,112675,122881
8384,112688,122879
8385,112674,122887
8386,112646,122905
8387,112696,122927
8388,112688,122914
8389,112670,122916
8390,112667,122918
8391,112678,122904
8392,112663,122900
8393,112648,122916
8394,112675,122890
8395,112660,122895
8396,112667,122877
8397,112680,122906
8398,112663,122890
8399,112657,122887
8400,112662,122916
8401,112669,122904
8402,112688,122918
8403,112663,122928
8404,112674,122914
8405,112678,122922
8406,112659,122908
8407,112681,122904
8408,112663,122909
8409,112663,122921
8410,112675,122932
8411,112675,122915
8412,112673,122926
8413,112675,122921
8414,112658,122923
8415,112660,122947
8416,112671,122925
8417,112668,122923
8418,112657,122935
8419,112674,122913
8420,112632,122933
8421,112689,122921
8422,112661,122925
8423,112656,122936
8424,112664,122932
8425,112669,122934
8426,112667,122956
8427,112679,122958
8428,112676,122957
8429,112686,122972
8430,112658,122951
8431,112679,122940
8432,112693,122959
8433,112686,122957
8434,112688,122968
8435,112697,122954
8436,112682,122979
8437,112689,122963
8438,112690,122971
8439,112688,122982
8440,112689,122965
8441,112661,122947
8442,112673,122959
8443,112667,122953
8444,112676,122970
8445,112662,122959
8446,112659,122962
8447,112672,122936
8448,112682,122941
8449,112676,122925
8450,112662,122896
8451,112676,122891
8452,112663,122881
8453,112659,122872
8454,112668,122854
8455,112647,122858
8456,112654,122890
8457,112667,122912
8458,112655,122885
8459,112653,122895
8460,112667,122883
8461,112659,122895
8462,112677,122916
8463,112664,122888
8464,112669,122921
8465,112656,122903
8466,112682,122902
8467,112701,122931
8468,112675,122928
8469,112702,122954
8470,112677,122926
8471,112710,122931
8472,112672,122928
8473,112687,122944
8474,112693,122960
8475,112670,122970
8476,112677,122943
8477,112684,122949
8478,112692,122976
8479,112690,122973
8480,112693,122975
8481,112693,122970
8482,112709,123001
8483,112698,122985
8484,112703,123007
8485,112715,122982
8486,112725,122988
8487,112749,122999
8488,112715,123000
8489,112724,123014
8490,112742,123012
8491,112724,123011
8492,112728,123005
8493,112763,123038
8494,112726,123012
8495,112717,123029
8496,112706,123004
8497,112723,123003
8498,112700,122997
8499,112716,123011
8500,112720,123001
8501,112740,123013
8502,112710,123009
8503,112700,123005
8504,112740,123003
8505,112713,123004
8506,112714,123006
8507,112741,123018
8508,112706,123003
8509,112679,122973
8510,112699,122996
8511,112695,122981
8512,112671,122981
8513,112683,122974
8514,112672,122997
8515,112710,122993
8516,112687,123005
8517,112677,122996
8518,112689,122992
8519,112679,122983
8520,112676,122990
8521,112682,122965
8522,112658,122979
8523,112668,122981
8524,112658,122968
8525,112672,122977
8526,112675,122999
8527,112675,123004
8528,112652,123002
8529,112675,123002
8530,112682,122980
8531,112683,122991
8532,112655,122977
8533,112647,122967
8534,112655,122955
8535,112671,122955
8536,112664,122937
8537,112662,122938
8538,112654,122926
8539,112660,122938
8540,112659,122940
8541,112666,122948
8542,112671,122951
8543,112660,122948
8544,112649,122949
8545,112663,122927
8546,112642,122949
8547,112678,122963
8548,112676,122958
8549,112642,122945
8550,112643,122939
8551,112669,122951
8552,112652,122938
8553,112626,122947
8554,112647,122955
8555,112648,122967
8556,112650,122947
8557,112631,122978
8558,112656,122950
8559,112639,122961
8560,112662,122939
8561,112649,122947
8562,112632,122970
8563,112643,122959
8564,112632,122957
8565,112656,122954
8566,112644,122941
8567,112664,122951
8568,112647,122957
8569,112647,122967
8570,112644,122950
8571,112654,122971
8572,112647,122960
8573,112675,122976
8574,112656,122970
8575,112665,122957
8576,112658,122940
8577,112648,122981
8578,112652,122975
8579,112655,122953
8580,112657,122945
8581,112635,122945
8582,112655,122966
8583,112633,122941
8584,112638,122947
8585,112618,122943
8586,112618,122947
8587,112633,122935
8588,112634,122935
8589,112635,122970
8590,112632,122983
8591,112615,122971
8592,112620,122946
8593,112638,122937
8594,112630,122942
8595,112636,122934
8596,112611,122951
8597,112614,122926
8598,112615,122949
8599,112621,122949
8600,112637,122950
8601,112626,122956
8602,112610,123004
8603,112618,122956
8604,112627,122970
8605,112631,122944
8606,112620,122949
8607,112618,122963
8608,112631,122964
8609,112611,122952
8610,112638,122940
8611,112615,122979
8612,112629,122952
8613,112612,122947
8614,112632,122950
8615,112625,122945
8616,112620,122945
8617,112604,122940
8618,112627,122947
8619,112616,122942
8620,112589,122911
8621,112607,122927
8622,112623,122890
8623,112623,122898
8624,112622,122899
8625,112593,122900
8626,112623,122910
8627,112625,122886
8628,112608,122918
8629,112600,122923
8630,112609,122913
8631,112593,122905
8632,112612,122925
8633,112601,122936
8634,112618,122921
8635,112623,122934
8636,112603,122922
8637,112608,122953
8638,112611,122938
8639,112595,122913
8640,112615,122923
8641,112594,122944
8642,112611,122943
8643,112602,122941
8644,112602,122930
8645,112626,122949
8646,112599,122950
8647,112594,122931
8648,112608,122948
8649,112582,122947
8650,112583,122938
8651,112595,122962
8652,112619,122928
8653,112603,122957
8654,112621,122959
8655,112606,122962
8656,112586,122934
8657,112621,122955
8658,112602,122960
8659,112594,122952
8660,112613,122953
8661,112623,122974
8662,112605,122951
8663,112603,122965
8664,112595,122951
8665,112593,122943
8666,112608,122957
8667,112596,122944
8668,112600,122960
8669,112608,122952
8670,112609,122964
8671,112594,122950
8672,112584,122955
8673,112595,122959
8674,112601,122975
8675,112604,122953
8676,112608,122965
8677,112609,122978
8678,112611,122969
8679,112611,122996
8680,112595,122986
8681,112609,123007
8682,112609,122983
8683,112658,123003
8684,112621,122977
8685,112622,122984
8686,112623,122989
8687,112639,122970
8688,112643,122998
8689,112613,122984
8690,112627,123012
8691,112637,122996
8692,112620,122989
8693,112630,122967
8694,112620,122974
8695,112612,122955
8696,112608,122991
8697,112630,122984
8698,112615,122979
8699,112622,123002
8700,112623,122985
8701,112623,123004
8702,112629,122947
8703,112619,122965
8704,112618,122959
8705,112615,122937
8706,112626,122935
8707,112620,122938
8708,112638,122939
8709,112625,122959
8710,112619,122943
8711,112597,122964
8712,112615,122975
8713,112608,122971
8714,112626,122962
8715,112593,122958
8716,112593,122961
8717,112609,122951
8718,112618,122954
8719,112633,122946
8720,112617,122949
8721,112635,122974
8722,112605,122983
8723,112618,122971
8724,112605,122959
8725,112625,122967
8726,112603,122974
8727,112594,122968
8728,112579,122970
8729,112622,122974
8730,112626,122980
8731,112602,122967
8732,112618,122986
8733,112605,122977
8734,112616,122963
8735,112606,122983
8736,112626,122975
8737,112628,122994
8738,112611,122993
8739,112633,122998
8740,112624,122996
8741,112612,122996
8742,112587,122994
8743,112630,122988
8744,112621,122999
8745,112606,122992
8746,112604,122976
8747,112618,122979
8748,112600,123011
8749,112618,122995
8750,112611,123030
8751,112640,122991
8752,112612,123019
8753,112597,123007
8754,112594,122989
8755,112601,122989
8756,112624,123009
8757,112603,122995
8758,112618,122998
8759,112626,123003
8760,112593,122998
8761,112619,123008
8762,112606,122999
8763,112617,123007
8764,112629,123025
8765,112604,123030
8766,112618,123016
8767,112590,123008
8768,112614,123008
8769,112597,123010
8770,112601,123008
8771,112624,123005
8772,112597,123002
8773,112632,123030
8774,112624,123056
8775,112625,123035
8776,112624,123024
8777,112628,123023
8778,112639,123002
8779,112624,122997
8780,112623,123006
8781,112616,123013
8782,112637,122987
8783,112629,123002
8784,112647,123028
8785,112624,123028
8786,112629,123001
8787,112638,123004
8788,112597,122995
8789,112619,123015
8790,112631,123008
8791,112603,123019
8792,112605,123014
8793,112603,123004
8794,112615,123042
8795,112638,123032
8796,112654,123024
8797,112633,123023
8798,112615,123030
8799,112627,123049
8800,112621,123014
8801,112636,123029
8802,112635,123013
8803,112649,123054
8804,112625,123019
8805,112618,123018
8806,112631,123021
8807,112639,123026
8808,112627,123038
8809,112624,123025
8810,112634,123023
8811,112640,123019
8812,112624,123015
8813,112624,123045
8814,112633,123040
8815,112638,123018
8816,112628,123056
8817,112628,123018
8818,112619,123024
8819,112632,123044
8820,112616,123037
8821,112637,123037
8822,112639,123026
8823,112621,123052
8824,112634,123031
8825,112612,123005
8826,112616,123017
8827,112642,123034
8828,112638,123049
8829,112608,123035
8830,112603,123033
8831,112632,123027
8832,112603,123022
8833,112628,123058
8834,112613,123053
8835,112631,123038
8836,112603,123030
8837,112620,123047
8838,112618,123046
8839,112629,123036
8840,112628,123043
8841,112634,123048
8842,112627,123050
8843,112621,123058
8844,112598,123048
8845,112600,123030
8846,112608,123060
8847,112633,123067
8848,112615,123064
8849,112626,123052
8850,112622,123043
8851,112638,123027
8852,112632,123047
8853,112626,123039
8854,112638,123045
8855,112622,123034
8856,112633,123003
8857,112630,123004
8858,112599,122989
8859,112606,123003
8860,112627,122989
8861,112609,123004
8862,112605,123003
8863,112610,123014
8864,112624,123025
8865,112612,123046
8866,112620,123017
8867,112606,123024
8868,112605,123033
8869,112617,123043
8870,112597,123035
8871,112611,123037
8872,112615,123037
8873,112629,123039
8874,112615,123044
8875,112636,123050
8876,112623,123050
8877,112614,123065
8878,112636,123053
8879,112629,123046
8880,112639,123046
8881,112617,123042
8882,112599,123046
8883,112617,123056
8884,112599,123053
8885,112603,123048
8886,112586,123036
8887,112599,123035
8888,112601,123065
8889,112590,123040
8890,112613,123049
8891,112619,123049
8892,112637,123066
8893,112608,123077
8894,112617,123070
8895,112636,123086
8896,112609,123067
8897,112616,123065
8898,112612,123050
8899,112618,123056
8900,112615,123064
8901,112598,123053
8902,112612,123058
8903,112584,123068
8904,112609,123074
8905,112608,123054
8906,112595,123075
8907,112597,123067
8908,112602,123048
8909,112611,123068
8910,112608,123081
8911,112603,123074
8912,112597,123089
8913,112613,123056
8914,112618,123064
8915,112599,123074
8916,112619,123057
8917,112618,123069
8918,112622,123058
8919,112628,123073
8920,112605,123049
8921,112619,123051
8922,112621,123091
8923,112647,123069
8924,112622,123052
8925,112614,123063
8926,112594,123065
8927,112605,123073
8928,112611,123067
8929,112609,123065
8930,112622,123069
8931,112603,123086
8932,112619,123056
8933,112606,123069
8934,112621,123082
8935,112592,123064
8936,112603,123070
8937,112583,123052
8938,112577,123047
8939,112600,123048
8940,112582,123050
8941,112603,123049
8942,112590,123033
8943,112598,123040
8944,112593,123009
8945,112594,123027
8946,112588,123007
8947,112581,122999
8948,112585,122977
8949,112590,122999
8950,112584,123012
8951,112628,123073
8952,112605,123049
8953,112619,123051
8954,112621,123091
8955,112647,123069
8956,112622,123052
8957,112614,123063
8958,112594,123065
8959,112605,123073
8960,112611,123067
8961,112609,123065
8962,112622,123069
8963,112603,123086
8964,112619,123056
8965,112606,123069
8966,112621,123082
8967,112592,123064
8968,112603,123070
8969,112583,123052
8970,112577,123047
8971,112600,123048
8972,112582,123050
8973,112603,123049
8974,112590,123033
8975,112598,123040
8976,112593,123009
8977,112594,123027
8978,112588,123007
8979,112581,122999
8980,112585,122977
8981,112590,122999
8982,112584,123012
8983,112606,123028
8984,112609,123011
8985,112586,123011
8986,112594,123019
8987,112600,123010
8988,112587,123015
8989,112578,123018
8990,112594,123063
8991,112586,123037
8992,112573,123033
8993,112588,123067
8994,112598,123053
8995,112581,123060
8996,112577,123046
8997,112592,123036
8998,112579,123053
8999,112576,123033
9000,112594,123051
9001,112585,123058
9002,112592,123056
9003,112588,123051
9004,112558,123069
9005,112570,123063
9006,112580,123051
9007,112586,123044
9008,112603,123045
9009,112575,123060
9010,112583,123062
9011,112599,123049
9012,112588,123055
9013,112565,123047
9014,112563,123050
9015,112599,123048
9016,112567,123046
9017,112580,123058
9018,112578,123055
9019,112585,123065
9020,112578,123048
9021,112592,123086
9022,112590,123071
9023,112567,123071
9024,112576,123067
9025,112579,123080
9026,112579,123064
9027,112563,123074
9028,112580,123081
9029,112581,123087
9030,112584,123062
9031,112568,123064
9032,112567,123075
9033,112603,123100
9034,112596,123066
9035,112586,123096
9036,112576,123099
9037,112602,123082
9038,112596,123100
9039,112608,123102
9040,112605,123087
9041,112628,123091
9042,112594,123096
9043,112619,123084
9044,112595,123077
9045,112595,123069
9046,112592,123099
9047,112588,123107
9048,112590,123074
9049,112610,123113
9050,112607,123106
9051,112599,123093
9052,112602,123098
9053,112617,123119
9054,112633,123108
9055,112610,123127
9056,112611,123124
9057,112616,123156
9058,112620,123119
9059,112628,123140
9060,112624,123111
9061,112631,123128
9062,112620,123127
9063,112606,123141
9064,112618,123124
9065,112611,123108
9066,112620,123141
9067,112599,123151
9068,112599,123124
9069,112604,123149
9070,112613,123137
9071,112614,123117
9072,112597,123097
9073,112612,123085
9074,112625,123111
9075,112617,123092
9076,112626,123078
9077,112620,123094
9078,112612,123085
9079,112623,123093
9080,112621,123105
9081,112618,123085
9082,112614,123091
9083,112605,123085
9084,112575,123098
9085,112599,123094
9086,112612,123085
9087,112611,123100
9088,112604,123100
9089,112589,123089
9090,112600,123089
9091,112600,123069
9092,112592,123117
9093,112596,123083
9094,112586,123088
9095,112599,123103
9096,112585,123102
9097,112590,123106
9098,112607,123104
9099,112593,123090
9100,112593,123092
9101,112598,123101
9102,112610,123104
9103,112570,123105
9104,112597,123078
9105,112588,123105
9106,112587,123104
9107,112569,123083
9108,112576,123113
9109,112606,123115
9110,112570,123118
9111,112558,123107
9112,112577,123077
9113,112560,123094
9114,112550,123081
9115,112545,123082
9116,112545,123081
9117,112534,123074
9118,112530,123062
9119,112532,123052
9120,112518,123073
9121,112534,123079
9122,112518,123046
9123,112511,123062
9124,112525,123057
9125,112526,123033
9126,112523,123045
9127,112511,123059
9128,112507,123041
9129,112507,123033
9130,112524,123034
9131,112522,123030
9132,112495,123033
9133,112505,123019
9134,112500,123045
9135,112505,123047
9136,112489,123033
9137,112507,123045
9138,112493,123043
9139,112486,123029
9140,112494,123049
9141,112493,123020
9142,112508,123038
9143,112493,123026
9144,112500,123032
9145,112504,123039
9146,112492,123040
9147,112491,123024
9148,112485,123022
9149,112496,123026
9150,112497,123052
9151,112499,123012
9152,112498,123024
9153,112501,123021
9154,112495,123037
9155,112495,123009
9156,112506,123020
9157,112494,123001
9158,112504,123001
9159,112505,123005
9160,112502,122978
9161,112514,123002
9162,112512,122977
9163,112513,122967
9164,112507,122986
9165,112503,122992
9166,112516,123005
9167,112494,122998
9168,112494,122998
9169,112491,123009
9170,112511,122997
9171,112489,123001
9172,112499,122998
9173,112486,123011
9174,112487,123025
9175,112499,123009
9176,112512,123011
9177,112524,123020
9178,112507,123027
9179,112499,123007
9180,112522,123009
9181,112493,123015
9182,112517,123016
9183,112503,123029
9184,112494,123020
9185,112508,123033
9186,112533,123032
9187,112505,123019
9188,112521,123023
9189,112505,123005
9190,112502,123046
9191,112487,123014
9192,112494,123000
9193,112528,123030
9194,112490,123030
9195,112501,123017
9196,112507,123022
9197,112507,123027
9198,112495,123012
9199,112502,123030
9200,112482,123025
9201,112510,123038
9202,112499,123024
9203,112510,123023
9204,112521,123044
9205,112491,123030
9206,112519,123037
9207,112500,123023
9208,112510,123032
9209,112499,123042
9210,112507,123046
9211,112510,123052
9212,112497,123051
9213,112520,123055
9214,112490,123017
9215,112490,123050
9216,112495,123035
9217,112490,123021
9218,112509,123039
9219,112495,123016
9220,112501,123036
9221,112504,123050
9222,112502,123050
9223,112494,123050
9224,112496,123041
9225,112483,123060
9226,112471,123051
9227,112490,123063
9228,112488,123040
9229,112492,123057
9230,112514,123058
9231,112500,123067
9232,112486,123035
9233,112474,123044
9234,112471,123032
9235,112494,123023
9236,112478,123045
9237,112478,123036
9238,112478,123031
9239,112475,123019
9240,112493,123013
9241,112474,123035
9242,112472,123002
9243,112485,123005
9244,112482,123005
9245,112479,122991
9246,112461,122985
9247,112482,122983
9248,112469,122977
9249,112472,122981
9250,112448,122983
9251,112472,122979
9252,112478,122994
9253,112463,122989
9254,112465,122992
9255,112453,123003
9256,112458,123010
9257,112460,122983
9258,112494,123017
9259,112458,123010
9260,112464,123012
9261,112475,122994
9262,112467,123018
9263,112468,123011
9264,112477,123008
9265,112478,123000
9266,112469,123025
9267,112479,123004
9268,112485,123019
9269,112470,123040
9270,112472,123022
9271,112505,123050
9272,112504,123050
9273,112482,123010
9274,112496,123031
9275,112479,123007
9276,112486,123021
9277,112487,123033
9278,112506,123044
9279,112520,123036
9280,112490,123038
9281,112493,123042
9282,112508,123036
9283,112499,123041
9284,112505,123047
9285,112517,123068
9286,112498,123047
9287,112508,123062
9288,112485,123050
9289,112503,123053
9290,112526,123047
9291,112507,123043
9292,112490,123045
9293,112511,123034
9294,112492,123050
9295,112480,123048
9296,112513,123067
9297,112507,123063
9298,112491,123039
9299,112487,123035
9300,112499,123045
9301,112483,123084
9302,112499,123056
9303,112497,123050
9304,112484,123060
9305,112487,123034
9306,112481,123055
9307,112501,123048
9308,112484,123039
9309,112489,123064
9310,112484,123038
9311,112490,123053
9312,112488,123056
9313,112507,123069
9314,112504,123040
9315,112492,123051
9316,112488,123053
9317,112481,123067
9318,112504,123072
9319,112503,123054
9320,112491,123064
9321,112490,123056
9322,112494,123061
9323,112488,123068
9324,112501,123073
9325,112483,123047
9326,112480,123063
9327,112490,123040
9328,112486,123066
9329,112486,123069
9330,112496,123051
9331,112495,123059
9332,112492,123055
9333,112491,123035
9334,112497,123030
9335,112501,123055
9336,112482,123000
9337,112497,123037
9338,112482,123034
9339,112506,123028
9340,112505,123054
9341,112489,123051
9342,112490,123070
9343,112501,123063
9344,112499,123054
9345,112496,123056
9346,112500,123036
9347,112499,123042
9348,112489,123041
9349,112497,123060
9350,112486,123079
9351,112501,123076
9352,112486,123060
9353,112502,123064
9354,112490,123067
9355,112471,123077
9356,112498,123060
9357,112488,123066
9358,112482,123062
9359,112489,123080
9360,112489,123073
9361,112491,123083
9362,112484,123073
9363,112488,123080
9364,112499,123069
9365,112493,123089
9366,112486,123070
9367,112500,123079
9368,112469,123049
9369,112502,123073
9370,112478,123086
9371,112492,123095
9372,112508,123093
9373,112513,123092
9374,112470,123086
9375,112499,123087
9376,112493,123086
9377,112470,123082
9378,112512,123094
9379,112511,123088
9380,112483,123093
9381,112498,123099
9382,112489,123096
9383,112507,123079
9384,112476,123078
9385,112507,123113
9386,112491,123096
9387,112479,123089
9388,112508,123078
9389,112496,123102
9390,112515,123091
9391,112514,123067
9392,112490,123068
9393,112509,123115
9394,112513,123115
9395,112507,123086
9396,112481,123108
9397,112514,123101
9398,112494,123077
9399,112504,123082
9400,112491,123083
9401,112511,123090
9402,112493,123081
9403,112511,123092
9404,112494,123095
9405,112500,123082
9406,112502,123078
9407,112492,123103
9408,112493,123086
9409,112473,123070
9410,112475,123091
9411,112479,123088
9412,112477,123079
9413,112503,123074
9414,112485,123084
9415,112474,123066
9416,112477,123085
9417,112478,123072
9418,112482,123054
9419,112477,123047
9420,112466,123054
9421,112487,123043
9422,112504,123071
9423,112493,123052
9424,112478,123035
9425,112491,123050
9426,112470,123047
9427,112474,123037
9428,112478,123063
9429,112469,123041
9430,112516,123054
9431,112469,123045
9432,112449,123050
9433,112483,123041
9434,112463,123048
9435,112465,123032
9436,112475,123042
9437,112455,123037
9438,112475,123042
9439,112450,123022
9440,112456,123024
9441,112460,123040
9442,112474,123048
9443,112471,123043
9444,112479,123027
9445,112481,123067
9446,112475,123050
9447,112465,123044
9448,112458,123053
9449,112464,123049
9450,112493,123057
9451,112459,123062
9452,112465,123055
9453,112448,123046
9454,112460,123048
9455,112443,123068
9456,112460,123062
9457,112470,123103
9458,112442,123054
9459,112474,123047
9460,112451,123070
9461,112459,123054
9462,112453,123058
9463,112453,123077
9464,112440,123044
9465,112462,123076
9466,112436,123046
9467,112486,123092
9468,112471,123067
9469,112450,123075
9470,112474,123059
9471,112454,123059
9472,112448,123061
9473,112465,123078
9474,112433,123078
9475,112450,123067
9476,112461,123064
9477,112476,123073
9478,112475,123066
9479,112441,123066
9480,112458,123058
9481,112483,123049
9482,112447,123056
9483,112449,123049
9484,112448,123051
9485,112458,123053
9486,112441,123058
9487,112457,123075
9488,112435,123076
9489,112435,123067
9490,112447,123064
9491,112444,123084
9492,112429,123067
9493,112447,123087
9494,112459,123062
9495,112440,123058
9496,112463,123074
9497,112463,123064
9498,112458,123039
9499,112445,123039
9500,112460,123018
9501,112465,123038
9502,112440,123037
9503,112446,123041
9504,112442,123026
9505,112464,123045
9506,112437,123044
9507,112454,123020
9508,112441,123033
9509,112446,123031
9510,112449,123058
9511,112460,123035
9512,112443,123026
9513,112435,123051
9514,112435,123040
9515,112439,123015
9516,112436,123055
9517,112452,123047
9518,112458,123053
9519,112470,123063
9520,112457,123043
9521,112464,123060
9522,112452,123067
9523,112459,123080
9524,112438,123077
9525,112444,123036
9526,112458,123041
9527,112464,123038
9528,112461,123065
9529,112426,123057
9530,112440,123071
9531,112433,123057
9532,112467,123056
9533,112433,123060
9534,112440,123062
9535,112448,123058
9536,112457,123069
9537,112468,123064
9538,112448,123080
9539,112446,123076
9540,112474,123075
9541,112465,123075
9542,112445,123090
9543,112450,123095
9544,112455,123082
9545,112470,123068
9546,112451,123072
9547,112440,123064
9548,112438,123068
9549,112467,123094
9550,112462,123071
9551,112436,123079
9552,112467,123077
9553,112442,123074
9554,112463,123076
9555,112464,123066
9556,112457,123085
9557,112447,123076
9558,112429,123071
9559,112441,123064
9560,112464,123092
9561,112445,123090
9562,112465,123075
9563,112452,123095
9564,112472,123091
9565,112431,123066
9566,112447,123085
9567,112450,123104
9568,112442,123086
9569,112445,123060
9570,112449,123084
9571,112436,123066
9572,112456,123090
9573,112435,123070
9574,112436,123092
9575,112422,123077
9576,112433,123090
9577,112450,123090
9578,112458,123054
9579,112436,123062
9580,112428,123064
9581,112453,123056
9582,112432,123066
9583,112468,123066
9584,112474,123063
9585,112445,123055
9586,112432,123063
9587,112446,123059
9588,112466,123055
9589,112467,123067
9590,112469,123058
9591,112467,123063
9592,112478,123083
9593,112441,123062
9594,112436,123081
9595,112439,123075
9596,112452,123075
9597,112451,123069
9598,112427,123049
9599,112474,123070
9600,112419,123065
9601,112454,123099
9602,112440,123077
9603,112458,123084
9604,112450,123064
9605,112445,123089
9606,112428,123062
9607,112465,123073
9608,112466,123098
9609,112471,123091
9610,112428,123082
9611,112450,123089
9612,112453,123098
9613,112455,123095
9614,112453,123078
9615,112450,123091
9616,112449,123078
9617,112452,123089
9618,112444,123101
9619,112462,123096
9620,112453,123095
9621,112468,123105
9622,112485,123106
9623,112466,123101
9624,112460,123108
9625,112462,123082
9626,112468,123087
9627,112462,123093
9628,112450,123079
9629,112451,123084
9630,112453,123093
9631,112448,123086
9632,112458,123080
9633,112449,123097
9634,112467,123097
9635,112439,123071
9636,112456,123097
9637,112444,123090
9638,112445,123065
9639,112447,123091
9640,112449,123090
9641,112442,123099
9642,112442,123091
9643,112443,123073
9644,112445,123088
9645,112442,123089
9646,112433,123109
9647,112439,123093
9648,112452,123108
9649,112444,123096
9650,112447,123096
9651,112456,123092
9652,112435,123103
9653,112449,123099
9654,112468,123118
9655,112447,123114
9656,112436,123107
9657,112442,123100
9658,112450,123113
9659,112431,123100
9660,112439,123107
9661,112458,123104
9662,112429,123106
9663,112443,123121
9664,112445,123075
9665,112449,123113
9666,112446,123103
9667,112452,123063
9668,112437,123076
9669,112445,123064
9670,112439,123061
9671,112426,123053
9672,112441,123032
9673,112443,123034
9674,112465,123062
9675,112432,123057
9676,112447,123052
9677,112439,123067
9678,112434,123066
9679,112425,123066
9680,112414,123048
9681,112408,123074
9682,112407,123039
9683,112438,123071
9684,112431,123085
9685,112435,123091
9686,112397,123054
9687,112421,123067
9688,112409,123061
9689,112414,123062
9690,112412,123053
9691,112434,123081
9692,112445,123089
9693,112434,123049
9694,112430,123084
9695,112415,123088
9696,112421,123091
9697,112422,123096
9698,112416,123088
9699,112414,123078
9700,112416,123070
9701,112433,123067
9702,112426,123072
9703,112437,123089
9704,112445,123075
9705,112412,123067
9706,112445,123116
9707,112426,123081
9708,112415,123105
9709,112418,123099
9710,112425,123107
9711,112429,123092
9712,112401,123098
9713,112422,123087
9714,112436,123106
9715,112416,123108
9716,112433,123112
9717,112429,123120
9718,112434,123116
9719,112438,123098
9720,112424,123091
9721,112406,123088
9722,112419,123118
9723,112434,123101
9724,112428,123107
9725,112420,123104
9726,112431,123117
9727,112433,123100
9728,112433,123110
9729,112451,123126
9730,112444,123112
9731,112431,123107
9732,112436,123128
9733,112443,123093
9734,112447,123109
9735,112428,123096
9736,112443,123111
9737,112436,123117
9738,112435,123087
9739,112427,123074
9740,112423,123097
9741,112431,123073
9742,112440,123078
9743,112430,123083
9744,112405,123099
9745,112438,123094
9746,112431,123087
9747,112420,123081
9748,112415,123086
9749,112412,123106
9750,112425,123096
9751,112475,123120
9752,112424,123095
9753,112431,123107
9754,112427,123075
9755,112433,123082
9756,112427,123091
9757,112458,123082
9758,112432,123116
9759,112409,123075
9760,112427,123049
9761,112434,123096
9762,112441,123091
9763,112437,123079
9764,112434,123068
9765,112425,123070
9766,112448,123109
9767,112449,123075
9768,112425,123079
9769,112450,123090
9770,112449,123074
9771,112428,123079
9772,112432,123083
9773,112425,123077
9774,112425,123078
9775,112423,123073
9776,112441,123085
9777,112444,123093
9778,112387,123078
9779,112430,123069
9780,112425,123120
9781,112412,123106
9782,112425,123096
9783,112431,123100
9784,112423,123079
9785,112458,123097
9786,112425,123068
9787,112429,123091
9788,112429,123110
9789,112436,123090
9790,112422,123073
9791,112413,123084
9792,112425,123091
9793,112433,123107
9794,112433,123090
9795,112432,123085
9796,112412,123087
9797,112456,123104
9798,112437,123104
9799,112434,123116
9800,112425,123101
9801,112437,123135
9802,112424,123110
9803,112426,123102
9804,112399,123109
9805,112439,123103
9806,112405,123110
9807,112440,123088
9808,112411,123124
9809,112440,123127
9810,112394,123115
9811,112414,123129
9812,112437,123112
9813,112425,123120
9814,112440,123122
9815,112426,123118
9816,112418,123146
9817,112403,123120
9818,112454,123143
9819,112434,123122
9820,112413,123107
9821,112430,123114
9822,112460,123121
9823,112403,123092
9824,112424,123112
9825,112423,123134
9826,112420,123122
9827,112432,123130
9828,112410,123109
9829,112410,123106
9830,112390,123115
9831,112409,123106
9832,112412,123124
9833,112408,123114
9834,112407,123115
9835,112393,123109
9836,112401,123111
9837,112426,123097
9838,112394,123091
9839,112417,123101
9840,112418,123105
9841,112414,123109
9842,112411,123123
9843,112415,123129
9844,112414,123087
9845,112406,123090
9846,112411,123060
9847,112413,123038
9848,112404,123076
9849,112402,123074
9850,112427,123077
9851,112434,123093
9852,112446,123044
9853,112420,123099
9854,112417,123082
9855,112457,123081
9856,112445,123096
9857,112431,123063
9858,112438,123096
9859,112428,123090
9860,112432,123089
9861,112409,123125
9862,112426,123090
9863,112443,123086
9864,112438,123084
9865,112441,123101
9866,112432,123079
9867,112415,123089
9868,112419,123092
9869,112432,123107
9870,112428,123109
9871,112420,123122
9872,112422,123095
9873,112412,123089
9874,112433,123092
9875,112401,123099
9876,112413,123092
9877,112423,123097
9878,112419,123079
9879,112407,123104
9880,112417,123100
9881,112410,123099
9882,112410,123114
9883,112430,123104
9884,112445,123092
9885,112411,123089
9886,112400,123080
9887,112419,123111
9888,112412,123082
9889,112393,123106
9890,112416,123109
9891,112397,123091
9892,112408,123088
9893,112410,123101
9894,112391,123117
9895,112398,123093
9896,112393,123112
9897,112407,123082
9898,112414,123092
9899,112412,123083
9900,112414,123121
9901,112418,123091
9902,112400,123113
9903,112417,123095
9904,112405,123120
9905,112396,123119
9906,112413,123108
9907,112430,123106
9908,112385,123106
9909,112422,123120
9910,112396,123118
9911,112395,123113
9912,112398,123112
9913,112408,123109
9914,112403,123125
9915,112387,123120
9916,112391,123115
9917,112386,123115
9918,112406,123113
9919,112403,123110
9920,112404,123112
9921,112378,123124
9922,112391,123122
9923,112384,123115
9924,112398,123102
9925,112383,123115
9926,112387,123088
9927,112392,123129
9928,112399,123120
9929,112399,123114
9930,112374,123102
9931,112361,123110
9932,112372,123112
9933,112374,123124
9934,112379,123120
9935,112382,123111
9936,112376,123118
9937,112367,123111
9938,112382,123099
9939,112355,123105
9940,112380,123067
9941,112372,123068
9942,112373,123060
9943,112373,123069
9944,112367,123034
9945,112370,123058
9946,112376,123058
9947,112364,123062
9948,112387,123088
9949,112378,123077
9950,112398,123071
9951,112376,123086
9952,112390,123069
9953,112386,123089
9954,112394,123102
9955,112379,123099
9956,112403,123065
9957,112395,123083
9958,112382,123093
9959,112394,123087
9960,112380,123098
9961,112409,123091
9962,112400,123088
9963,112381,123097
9964,112423,123091
9965,112402,123103
9966,112410,123113
9967,112405,123106
9968,112421,123106
9969,112413,123122
9970,112429,123113
9971,112434,123151
9972,112437,123132
9973,112442,123119
9974,112411,123122
9975,112439,123136
9976,112422,123128
9977,112415,123126
9978,112444,123144
9979,112424,123134
9980,112443,123158
9981,112418,123125
9982,112451,123155
9983,112439,123155
9984,112448,123154
9985,112453,123163
9986,112416,123147
9987,112432,123158
9988,112436,123140
9989,112414,123159
9990,112443,123143
9991,112436,123142
9992,112430,123154
9993,112426,123155
9994,112431,123162
9995,112452,123171
9996,112441,123165
9997,112441,123141
9998,112427,123129
9999,112429,123138
10000,112414,123132
10001,112427,123157
10002,112414,123161
10003,112426,123117
10004,112425,123156
10005,112424,123170
10006,112415,123137
10007,112431,123145
10008,112439,123157
10009,112412,123154
10010,112444,123144
10011,112424,123134
10012,112417,123143
10013,112445,123172
10014,112426,123164
10015,112428,123150
10016,112439,123156
10017,112432,123153
10018,112444,123165
10019,112434,123154
10020,112434,123176
10021,112436,123167
10022,112422,123170
10023,112419,123161
10024,112435,123196
10025,112437,123174
10026,112444,123191
10027,112427,123172
10028,112438,123161
10029,112402,123176
10030,112443,123170
10031,112416,123185
10032,112461,123174
10033,112457,123167
10034,112454,123143
10035,112431,123157
10036,112440,123175
10037,112425,123166
10038,112433,123157
10039,112431,123150
10040,112424,123170
10041,112438,123163
10042,112452,123164
10043,112417,123165
10044,112417,123163
10045,112421,123176
10046,112410,123167
10047,112439,123164
10048,112446,123162
10049,112423,123173
10050,112450,123196
10051,112462,123172
10052,112443,123174
10053,112434,123182
10054,112441,123177
10055,112440,123199
10056,112427,123191
10057,112437,123181
10058,112430,123158
10059,112452,123167
10060,112409,123192
10061,112440,123177
10062,112431,123180
10063,112425,123186
10064,112440,123182
10065,112462,123192
10066,112429,123178
10067,112460,123217
10068,112429,123192
10069,112453,123203
10070,112450,123171
10071,112447,123183
10072,112447,123193
10073,112440,123193
10074,112479,123213
10075,112474,123210
10076,112456,123222
10077,112463,123202
10078,112448,123179
10079,112450,123159
10080,112441,123212
10081,112457,123180
10082,112455,123195
10083,112460,123209
10084,112487,123175
10085,112453,123184
10086,112470,123189
10087,112472,123178
10088,112463,123181
10089,112458,123177
10090,112450,123168
10091,112452,123199
10092,112414,123166
10093,112431,123152
10094,112439,123176
10095,112449,123179
10096,112457,123174
10097,112446,123153
10098,112424,123180
10099,112445,123156
10100,112428,123158
10101,112427,123151
10102,112403,123129
10103,112447,123174
10104,112412,123170
10105,112440,123152
10106,112430,123133
10107,112441,123143
10108,112436,123159
10109,112433,123142
10110,112431,123150
10111,112415,123138
10112,112435,123137
10113,112447,123125
10114,112432,123117
10115,112412,123127
10116,112425,123139
10117,112444,123152
10118,112415,123128
10119,112439,123122
10120,112413,123135
10121,112452,123141
10122,112432,123134
10123,112425,123121
10124,112407,123145
10125,112426,123148
10126,112444,123123
10127,112420,123133
10128,112404,123129
10129,112424,123102
10130,112437,123137
10131,112425,123138
10132,112425,123137
10133,112446,123161
10134,112442,123153
10135,112435,123123
10136,112454,123143
10137,112442,123144
10138,112411,123131
10139,112444,123141
10140,112424,123140
10141,112426,123130
10142,112428,123127
10143,112405,123121
10144,112389,123132
10145,112421,123128
10146,112413,123137
10147,112390,123110
10148,112392,123107
10149,112378,123110
10150,112388,123118
10151,112429,123124
10152,112398,123096
10153,112375,123099
10154,112386,123095
10155,112367,123132
10156,112365,123092
10157,112398,123130
10158,112379,123104
10159,112370,123094
10160,112382,123098
10161,112361,123073
10162,112386,123098
10163,112365,123083
10164,112384,123098
10165,112373,123088
10166,112362,123085
10167,112384,123075
10168,112374,123098
10169,112377,123086
10170,112376,123111
10171,112357,123086
10172,112355,123084
10173,112362,123091
10174,112344,123059
10175,112351,123069
10176,112353,123088
10177,112351,123090
10178,112361,123078
10179,112340,123088
10180,112357,123046
10181,112321,123056
10182,112355,123066
10183,112346,123061
10184,112327,123050
10185,112337,123044
10186,112340,123060
10187,112318,123055
10188,112329,123061
10189,112339,123051
10190,112331,123044
10191,112351,123042
10192,112356,123064
10193,112339,123038
10194,112357,123037
10195,112349,123045
10196,112351,123039
10197,112379,123045
10198,112370,123033
10199,112372,123035
10200,112366,123041
10201,112366,123011
10202,112339,123000
10203,112357,123020
10204,112357,123047
10205,112355,123043
10206,112370,123040
10207,112369,123026
10208,112379,123060
10209,112365,123038
10210,112375,123021
10211,112369,123031
10212,112376,123047
10213,112352,123024
10214,112353,123040
10215,112364,123039
10216,112361,123033
10217,112342,123062
10218,112353,123055
10219,112370,123061
10220,112356,123049
10221,112366,123050
10222,112374,123072
10223,112373,123075
10224,112408,123090
10225,112367,123093
10226,112400,123079
10227,112393,123075
10228,112372,123066
10229,112408,123104
10230,112369,123070
10231,112371,123086
10232,112404,123113
10233,112389,123098
10234,112385,123083
10235,112393,123085
10236,112393,123090
10237,112414,123096
10238,112388,123074
10239,112392,123076
10240,112379,123060
10241,112396,123089
10242,112391,123093
10243,112409,123081
10244,112394,123094
10245,112391,123081
10246,112415,123094
10247,112395,123110
10248,112383,123102
10249,112373,123083
10250,112395,123088
10251,112393,123112
10252,112391,123116
10253,112411,123115
10254,112429,123107
10255,112394,123113
10256,112391,123107
10257,112378,123120
10258,112379,123128
10259,112395,123121
10260,112400,123119
10261,112419,123120
10262,112401,123121
10263,112366,123117
10264,112413,123128
10265,112385,123123
10266,112407,123148
10267,112416,123128
10268,112397,123138
10269,112409,123114
10270,112419,123146
10271,112402,123117
10272,112412,123137
10273,112391,123145
10274,112415,123154
10275,112411,123129
10276,112421,123156
10277,112394,123151
10278,112418,123158
10279,112405,123132
10280,112424,123144
10281,112380,123135
10282,112426,123144
10283,112412,123151
10284,112428,123160
10285,112414,123140
10286,112434,123153
10287,112416,123168
10288,112425,123163
10289,112435,123133
10290,112432,123144
10291,112452,123141
10292,112418,123116
10293,112423,123133
10294,112431,123115
10295,112428,123124
10296,112449,123158
10297,112440,123146
10298,112440,123127
10299,112453,123138
10300,112437,123149
10301,112443,123164
10302,112446,123163
10303,112444,123129
10304,112473,123159
10305,112451,123125
10306,112450,123167
10307,112471,123159
10308,112458,123165
10309,112467,123157
10310,112469,123162
10311,112490,123159
10312,112470,123168
10313,112470,123154
10314,112470,123176
10315,112487,123170
10316,112476,123165
10317,112474,123171
10318,112465,123184
10319,112469,123178
10320,112484,123177
10321,112467,123170
10322,112466,123153
10323,112456,123163
10324,112463,123186
10325,112455,123161
10326,112462,123172
10327,112453,123197
10328,112455,123162
10329,112477,123182
10330,112459,123201
10331,112448,123178
10332,112482,123189
10333,112474,123165
10334,112459,123181
10335,112479,123168
10336,112469,123167
10337,112463,123159
10338,112452,123165
10339,112468,123181
10340,112459,123191
10341,112462,123175
10342,112482,123182
10343,112461,123194
10344,112469,123183
10345,112477,123196
10346,112468,123198
10347,112471,123154
10348,112460,123161
10349,112462,123196
10350,112477,123178
10351,112481,123194
10352,112454,123175
10353,112471,123174
10354,112463,123193
10355,112479,123176
10356,112495,123181
10357,112472,123191
10358,112460,123184
10359,112477,123197
10360,112457,123178
10361,112464,123197
10362,112462,123189
10363,112470,123184
10364,112475,123200
10365,112445,123180
10366,112480,123175
10367,112478,123201
10368,112449,123197
10369,112478,123195
10370,112476,123214
10371,112483,123213
10372,112478,123227
10373,112502,123223
10374,112478,123239
10375,112494,123221
10376,112499,123251
10377,112489,123224
10378,112483,123231
10379,112492,123242
10380,112480,123231
10381,112514,123229
10382,112504,123240
10383,112506,123232
10384,112506,123229
10385,112489,123220
10386,112488,123226
10387,112483,123224
10388,112497,123235
10389,112509,123236
10390,112476,123229
10391,112481,123206
10392,112479,123232
10393,112465,123197
10394,112479,123210
10395,112465,123208
10396,112482,123225
10397,112477,123197
10398,112461,123200
10399,112479,123218
10400,112475,123184
10401,112467,123203
10402,112497,123214
10403,112475,123213
10404,112480,123204
10405,112459,123214
10406,112479,123208
10407,112457,123204
10408,112459,123198
10409,112454,123194
10410,112465,123175
10411,112466,123209
10412,112465,123184
10413,112483,123214
10414,112473,123202
10415,112497,123210
10416,112486,123209
10417,112483,123220
10418,112501,123213
10419,112476,123214
10420,112515,123241
10421,112502,123210
10422,112517,123251
10423,112506,123243
10424,112546,123233
10425,112502,123214
10426,112527,123214
10427,112503,123240
10428,112527,123213
10429,112534,123220
10430,112530,123256
10431,112530,123253
10432,112526,123230
10433,112536,123260
10434,112519,123230
10435,112515,123238
10436,112528,123229
10437,112505,123223
10438,112502,123220
10439,112525,123231
10440,112509,123238
10441,112470,123219
10442,112510,123234
10443,112509,123226
10444,112513,123221
10445,112529,123251
10446,112509,123236
10447,112500,123222
10448,112508,123217
10449,112496,123226
10450,112484,123211
10451,112524,123224
10452,112508,123230
10453,112497,123198
10454,112502,123193
10455,112505,123220
10456,112516,123223
10457,112526,123226
10458,112509,123224
10459,112513,123217
10460,112517,123201
10461,112503,123192
10462,112500,123213
10463,112489,123192
10464,112487,123193
10465,112496,123189
10466,112497,123208
10467,112522,123217
10468,112513,123202
10469,112533,123212
10470,112516,123198
10471,112514,123195
10472,112504,123187
10473,112497,123185
10474,112504,123220
10475,112509,123226
10476,112493,123210
10477,112482,123201
10478,112497,123196
10479,112497,123183
10480,112505,123200
10481,112484,123204
10482,112501,123201
10483,112483,123186
10484,112492,123180
10485,112491,123202
10486,112489,123204
10487,112496,123227
10488,112483,123177
10489,112490,123188
10490,112483,123195
10491,112480,123187
10492,112496,123179
10493,112488,123218
10494,112496,123203
10495,112498,123214
10496,112501,123214
10497,112481,123195
10498,112472,123205
10499,112493,123215
10500,112498,123214
10501,112482,123214
10502,112482,123214
10503,112496,123204
10504,112469,123215
10505,112467,123204
10506,112487,123202
10507,112489,123197
10508,112499,123205
10509,112499,123217
10510,112490,123229
10511,112527,123215
10512,112511,123231
10513,112513,123207
10514,112482,123212
10515,112492,123212
10516,112505,123227
10517,112494,123211
10518,112509,123205
10519,112527,123209
10520,112487,123213
10521,112489,123219
10522,112482,123213
10523,112495,123216
10524,112477,123223
10525,112479,123204
10526,112475,123212
10527,112478,123196
10528,112510,123201
10529,112494,123189
10530,112491,123207
10531,112507,123215
10532,112498,123204
10533,112481,123196
10534,112494,123213
10535,112477,123184
10536,112474,123194
10537,112476,123162
10538,112495,123164
10539,112481,123169
10540,112503,123179
10541,112492,123181
10542,112500,123179
10543,112496,123185
10544,112498,123181
10545,112500,123181
10546,112485,123163
10547,112519,123170
10548,112482,123175
10549,112488,123186
10550,112500,123173
10551,112500,123164
10552,112504,123182
10553,112487,123172
10554,112494,123186
10555,112504,123185
10556,112512,123190
10557,112498,123177
10558,112501,123191
10559,112515,123194
10560,112503,123213
10561,112498,123209
10562,112495,123191
10563,112513,123216
10564,112509,123210
10565,112489,123197
10566,112508,123189
10567,112489,123218
10568,112507,123197
10569,112502,123199
10570,112518,123215
10571,112516,123222
10572,112512,123219
10573,112510,123219
10574,112494,123209
10575,112511,123194
10576,112510,123223
10577,112514,123204
10578,112504,123206
10579,112528,123212
10580,112506,123197
10581,112533,123227
10582,112497,123208
10583,112509,123201
10584,112505,123228
10585,112494,123216
10586,112509,123205
10587,112536,123251
10588,112504,123229
10589,112532,123232
10590,112509,123210
10591,112524,123230
10592,112544,123217
10593,112510,123235
10594,112517,123239
10595,112502,123223
10596,112502,123198
10597,112479,123192
10598,112495,123201
10599,112489,123194
10600,112498,123208
10601,112492,123207
10602,112506,123226
10603,112520,123222
10604,112506,123227
10605,112502,123224
10606,112499,123214
10607,112494,123223
10608,112507,123200
10609,112499,123222
10610,112505,123233
10611,112513,123244
10612,112497,123233
10613,112496,123255
10614,112510,123227
10615,112496,123219
10616,112520,123228
10617,112491,123227
10618,112497,123213
10619,112516,123215
10620,112512,123221
10621,112521,123213
10622,112544,123217
10623,112510,123207
10624,112507,123218
10625,112532,123231
10626,112508,123242
10627,112493,123242
10628,112501,123228
10629,112521,123217
10630,112522,123211
10631,112493,123218
10632,112488,123221
10633,112536,123215
10634,112497,123211
10635,112497,123214
10636,112503,123224
10637,112506,123205
10638,112488,123219
10639,112510,123222
10640,112509,123215
10641,112500,123228
10642,112493,123230
10643,112505,123222
10644,112524,123232
10645,112507,123208
10646,112511,123229
10647,112507,123217
10648,112492,123231
10649,112499,123234
10650,112509,123223
10651,112509,123244
10652,112526,123240
10653,112532,123230
10654,112502,123250
10655,112530,123239
10656,112517,123251
10657,112519,123232
10658,112524,123236
10659,112546,123261
10660,112528,123252
10661,112521,123225
10662,112518,123240
10663,112529,123225
10664,112508,123240
10665,112532,123256
10666,112552,123268
10667,112538,123252
10668,112546,123229
10669,112550,123256
10670,112543,123234
10671,112557,123262
10672,112536,123255
10673,112529,123251
10674,112538,123237
10675,112544,123228
10676,112533,123238
10677,112552,123234
10678,112533,123240
10679,112559,123269
10680,112540,123270
10681,112542,123250
10682,112557,123257
10683,112515,123223
10684,112537,123239
10685,112563,123254
10686,112506,123231
10687,112540,123253
10688,112540,123246
10689,112508,123235
10690,112531,123239
10691,112529,123232
10692,112531,123234
10693,112522,123234
10694,112522,123241
10695,112538,123243
10696,112533,123215
10697,112535,123222
10698,112521,123194
10699,112521,123224
10700,112518,123211
10701,112535,123217
10702,112518,123210
10703,112521,123212
10704,112518,123207
10705,112527,123209
10706,112529,123214
10707,112516,123223
10708,112514,123207
10709,112552,123234
10710,112533,123240
10711,112542,123234
10712,112519,123220
10713,112528,123258
10714,112546,123220
10715,112538,123221
10716,112549,123227
10717,112540,123240
10718,112518,123216
10719,112517,123229
10720,112545,123232
10721,112556,123264
10722,112542,123237
10723,112548,123233
10724,112535,123233
10725,112531,123259
10726,112531,123262
10727,112523,123236
10728,112540,123253
10729,112522,123253
10730,112531,123231
10731,112554,123230
10732,112526,123245
10733,112518,123246
10734,112543,123261
10735,112537,123246
10736,112537,123257
10737,112528,123252
10738,112556,123289
10739,112541,123263
10740,112525,123252
10741,112545,123275
10742,112521,123265
10743,112531,123272
10744,112536,123268
10745,112559,123269
10746,112546,123241
10747,112559,123292
10748,112535,123271
10749,112546,123279
10750,112567,123264
10751,112541,123271
10752,112542,123288
10753,112553,123290
10754,112552,123275
10755,112555,123267
10756,112568,123300
10757,112528,123277
10758,112536,123301
10759,112559,123271
10760,112562,123288
10761,112553,123284
10762,112535,123269
10763,112550,123295
10764,112548,123269
10765,112536,123287
10766,112533,123278
10767,112543,123289
10768,112551,123285
10769,112549,123262
10770,112541,123246
10771,112540,123240
10772,112538,123268
10773,112539,123247
10774,112499,123254
10775,112525,123245
10776,112522,123257
10777,112518,123241
10778,112533,123255
10779,112528,123260
10780,112537,123251
10781,112547,123283
10782,112556,123273
10783,112531,123252
10784,112534,123245
10785,112528,123235
10786,112561,123262
10787,112548,123241
10788,112564,123258
10789,112541,123244
10790,112546,123272
10791,112554,123258
10792,112552,123251
10793,112554,123243
10794,112552,123249
10795,112537,123261
10796,112555,123258
10797,112542,123244
10798,112542,123264
10799,112552,123257
10800,112544,123242
10801,112546,123256
10802,112529,123283
10803,112537,123270
10804,112542,123272
10805,112556,123269
10806,112570,123290
10807,112539,123280
10808,112554,123280
10809,112556,123264
10810,112547,123275
10811,112530,123255
10812,112530,123249
10813,112547,123281
10814,112538,123254
10815,112547,123257
10816,112519,123264
10817,112525,123226
10818,112508,123254
10819,112546,123229
10820,112516,123201
10821,112554,123259
10822,112531,123241
10823,112549,123241
10824,112538,123244
10825,112525,123257
10826,112547,123263
10827,112524,123247
10828,112530,123261
10829,112523,123236
10830,112545,123268
10831,112527,123250
10832,112541,123260
10833,112523,123263
10834,112542,123261
10835,112540,123266
10836,112534,123253
10837,112583,123257
10838,112537,123270
10839,112541,123267
10840,112542,123298
10841,112531,123269
10842,112545,123281
10843,112545,123264
10844,112559,123264
10845,112546,123273
10846,112530,123266
10847,112536,123274
10848,112527,123290
10849,112544,123277
10850,112549,123290
10851,112544,123273
10852,112551,123287
10853,112539,123294
10854,112556,123284
10855,112534,123281
10856,112536,123248
10857,112544,123264
10858,112537,123278
10859,112548,123276
10860,112537,123287
10861,112540,123263
10862,112539,123277
10863,112538,123276
10864,112551,123267
10865,112544,123255
10866,112552,123250
10867,112533,123254
10868,112531,123266
10869,112554,123265
10870,112530,123253
10871,112546,123269
10872,112549,123245
10873,112539,123261
10874,112527,123247
10875,112528,123260
10876,112536,123261
10877,112545,123263
10878,112533,123245
10879,112542,123262
10880,112526,123269
10881,112534,123242
10882,112535,123257
10883,112546,123277
10884,112541,123257
10885,112545,123281
10886,112520,123260
10887,112516,123271
10888,112537,123259
10889,112530,123258
10890,112536,123271
10891,112556,123295
10892,112535,123263
10893,112531,123274
10894,112537,123260
10895,112546,123268
10896,112545,123288
10897,112561,123276
10898,112550,123278
10899,112576,123301
10900,112567,123296
10901,112539,123252
10902,112564,123270
10903,112545,123268
10904,112544,123293
10905,112539,123287
10906,112559,123290
10907,112567,123299
10908,112560,123283
10909,112549,123312
10910,112548,123280
10911,112574,123290
10912,112581,123294
10913,112566,123294
10914,112552,123300
10915,112578,123283
10916,112584,123284
10917,112565,123291
10918,112584,123314
10919,112551,123284
10920,112576,123305
10921,112569,123309
10922,112574,123305
10923,112562,123305
10924,112577,123302
10925,112560,123321
10926,112575,123314
10927,112554,123311
10928,112546,123291
10929,112567,123294
10930,112585,123309
10931,112565,123298
10932,112565,123320
10933,112569,123317
10934,112556,123306
10935,112555,123296
10936,112570,123283
10937,112535,123304
10938,112569,123316
10939,112566,123304
10940,112575,123298
10941,112559,123330
10942,112548,123280
10943,112551,123296
10944,112546,123288
10945,112560,123263
10946,112571,123278
10947,112558,123295
10948,112568,123268
10949,112556,123278
10950,112582,123266
10951,112548,123291
10952,112545,123294
10953,112554,123299
10954,112557,123274
10955,112566,123283
10956,112567,123272
10957,112553,123297
10958,112587,123294
10959,112559,123302
10960,112552,123321
10961,112581,123323
10962,112570,123298
10963,112543,123311
10964,112570,123307
10965,112557,123300
10966,112556,123289
10967,112576,123311
10968,112548,123307
10969,112570,123319
10970,112558,123316
10971,112538,123289
10972,112547,123304
10973,112547,123315
10974,112563,123303
10975,112561,123323
10976,112528,123318
10977,112524,123311
10978,112541,123303
10979,112543,123279
10980,112553,123270
10981,112552,123298
10982,112546,123299
10983,112549,123304
10984,112539,123313
10985,112540,123310
10986,112542,123297
10987,112543,123308
10988,112570,123308
10989,112532,123324
10990,112560,123333
10991,112539,123307
10992,112552,123306
10993,112550,123319
10994,112521,123328
10995,112563,123324
10996,112550,123319
10997,112554,123313
10998,112544,123317
10999,112551,123329
11000,112539,123309
11001,112542,123321
11002,112549,123310
11003,112552,123304
11004,112559,123324
11005,112545,123320
11006,112554,123325
11007,112566,123295
11008,112554,123322
11009,112566,123315
11010,112577,123328
11011,112555,123336
11012,112567,123322
11013,112551,123303
11014,112553,123286
11015,112569,123299
11016,112563,123305
11017,112553,123316
11018,112536,123300
11019,112552,123296
11020,112554,123303
11021,112541,123306
11022,112573,123305
11023,112559,123341
11024,112548,123295
11025,112533,123311
11026,112563,123321
11027,112536,123308
11028,112551,123282
11029,112534,123293
11030,112519,123281
11031,112521,123277
11032,112534,123313
11033,112514,123317
11034,112567,123327
11035,112552,123307
11036,112551,123310
11037,112560,123335
11038,112535,123298
11039,112546,123287
11040,112539,123314
11041,112564,123308
11042,112548,123282
11043,112553,123306
11044,112546,123323
11045,112544,123330
11046,112534,123304
11047,112539,123288
11048,112542,123313
11049,112553,123299
11050,112544,123306
11051,112545,123293
11052,112561,123300
11053,112551,123308
11054,112530,123305
11055,112524,123307
11056,112538,123296
11057,112535,123289
11058,112522,123296
11059,112542,123302
11060,112553,123308
11061,112548,123281
11062,112529,123308
11063,112542,123304
11064,112554,123297
11065,112539,123317
11066,112552,123286
11067,112540,123305
11068,112530,123311
11069,112543,123330
11070,112538,123329
11071,112559,123335
11072,112553,123323
11073,112547,123322
11074,112573,123323
11075,112547,123339
11076,112551,123345
11077,112555,123342
11078,112554,123365
11079,112554,123347
11080,112563,123338
11081,112560,123360
11082,112562,123352
11083,112567,123356
11084,112564,123354
11085,112563,123363
11086,112553,123353
11087,112558,123359
11088,112555,123342
11089,112564,123357
11090,112545,123364
11091,112562,123344
11092,112555,123346
11093,112560,123347
11094,112561,123344
11095,112558,123394
11096,112582,123371
11097,112560,123373
11098,112564,123373
11099,112577,123379
11100,112560,123351
11101,112551,123355
11102,112585,123375
11103,112540,123343
11104,112565,123375
11105,112534,123364
11106,112570,123367
11107,112548,123357
11108,112541,123373
11109,112590,123359
11110,112563,123372
11111,112575,123378
11112,112567,123352
11113,112580,123374
11114,112585,123353
11115,112567,123369
11116,112577,123357
11117,112563,123394
11118,112575,123375
11119,112578,123360
11120,112575,123361
11121,112583,123367
11122,112587,123352
11123,112608,123382
11124,112592,123368
11125,112600,123353
11126,112584,123385
11127,112599,123349
11128,112593,123338
11129,112591,123377
11130,112595,123368
11131,112602,123354
11132,112596,123343
11133,112575,123348
11134,112587,123360
11135,112565,123343
11136,112583,123363
11137,112582,123355
11138,112582,123361
11139,112584,123367
11140,112596,123356
11141,112558,123362
11142,112580,123343
11143,112567,123368
11144,112577,123330
11145,112570,123358
11146,112572,123341
11147,112569,123350
11148,112571,123357
11149,112571,123354
11150,112574,123366
11151,112551,123348
11152,112585,123374
11153,112568,123354
11154,112586,123358
11155,112585,123359
11156,112589,123374
11157,112560,123354
11158,112608,123389
11159,112577,123364
11160,112587,123385
11161,112590,123382
11162,112573,123368
11163,112585,123377
11164,112606,123374
11165,112573,123371
11166,112595,123390
11167,112587,123383
11168,112588,123380
11169,112585,123367
11170,112587,123355
11171,112588,123363
11172,112596,123357
11173,112558,123362
11174,112613,123362
11175,112580,123386
11176,112577,123356
11177,112587,123389
11178,112595,123374
11179,112583,123375
11180,112586,123364
11181,112583,123383
11182,112568,123387
11183,112586,123375
11184,112587,123365
11185,112572,123382
11186,112557,123387
11187,112573,123387
11188,112575,123374
11189,112590,123394
11190,112566,123383
11191,112575,123382
11192,112573,123391
11193,112598,123392
11194,112576,123397
11195,112580,123391
11196,112571,123381
11197,112595,123376
11198,112595,123395
11199,112589,123401
11200,112581,123357
11201,112583,123380
11202,112578,123374
11203,112590,123353
11204,112593,123359
11205,112574,123337
11206,112592,123349
11207,112583,123357
11208,112576,123347
11209,112581,123359
11210,112574,123339
11211,112594,123340
11212,112578,123347
11213,112573,123334
11214,112574,123333
11215,112560,123337
11216,112586,123347
11217,112585,123341
11218,112574,123332
11219,112577,123320
11220,112576,123337
11221,112592,123338
11222,112580,123339
11223,112576,123349
11224,112558,123336
11225,112587,123320
11226,112555,123343
11227,112568,123347
11228,112578,123338
11229,112573,123337
11230,112568,123351
11231,112576,123343
11232,112582,123363
11233,112592,123350
11234,112598,123370
11235,112565,123343
11236,112586,123340
11237,112582,123371
11238,112598,123347
11239,112595,123357
11240,112573,123346
11241,112576,123371
11242,112600,123367
11243,112609,123343
11244,112600,123376
11245,112583,123361
11246,112605,123365
11247,112593,123370
11248,112621,123384
11249,112596,123366
11250,112594,123355
11251,112589,123363
11252,112601,123374
11253,112612,123342
11254,112590,123346
11255,112602,123359
11256,112608,123360
11257,112599,123355
11258,112577,123340
11259,112604,123351
11260,112590,123358
11261,112587,123368
11262,112577,123389
11263,112585,123361
11264,112587,123379
11265,112589,123371
11266,112579,123379
11267,112582,123360
11268,112598,123374
11269,112611,123371
11270,112596,123358
11271,112607,123390
11272,112601,123372
11273,112588,123392
11274,112587,123375
11275,112593,123373
11276,112600,123359
11277,112597,123379
11278,112615,123386
11279,112597,123362
11280,112594,123369
11281,112608,123342
11282,112595,123369
11283,112601,123336
11284,112597,123346
11285,112611,123377
11286,112612,123353
11287,112610,123371
11288,112615,123366
11289,112607,123349
11290,112633,123357
11291,112602,123352
11292,112609,123350
11293,112620,123357
11294,112594,123349
11295,112588,123361
11296,112609,123357
11297,112614,123374
11298,112604,123356
11299,112596,123366
11300,112593,123375
11301,112610,123343
11302,112601,123363
11303,112614,123356
11304,112601,123349
11305,112588,123367
11306,112599,123389
11307,112607,123387
11308,112579,123382
11309,112585,123369
11310,112602,123388
11311,112607,123389
11312,112612,123389
11313,112591,123380
11314,112588,123370
11315,112603,123387
11316,112604,123380
11317,112575,123373
11318,112592,123376
11319,112602,123356
11320,112608,123392
11321,112588,123369
11322,112612,123379
11323,112593,123374
11324,112607,123379
11325,112593,123369
11326,112592,123366
11327,112589,123384
11328,112607,123371
11329,112584,123391
11330,112583,123358
11331,112614,123403
11332,112616,123382
11333,112592,123379
11334,112605,123364
11335,112624,123382
11336,112615,123397
11337,112580,123374
11338,112609,123384
11339,112601,123378
11340,112578,123385
11341,112588,123395
11342,112601,123396
11343,112589,123411
11344,112591,123384
11345,112579,123384
11346,112573,123400
11347,112572,123389
11348,112584,123386
11349,112593,123363
11350,112603,123398
11351,112598,123394
11352,112615,123399
11353,112609,123410
11354,112603,123373
11355,112589,123377
11356,112603,123371
11357,112597,123384
11358,112587,123373
11359,112598,123367
11360,112618,123397
11361,112622,123369
11362,112624,123389
11363,112612,123402
11364,112609,123380
11365,112622,123379
11366,112593,123362
11367,112587,123368
11368,112604,123347
11369,112597,123355
11370,112584,123340
11371,112611,123365
11372,112607,123364
11373,112589,123329
11374,112610,123329
11375,112591,123335
11376,112591,123327
11377,112590,123339
11378,112588,123337
11379,112597,123330
11380,112581,123341
11381,112595,123349
11382,112587,123353
11383,112592,123337
11384,112568,123315
11385,112582,123332
11386,112579,123321
11387,112562,123348
11388,112562,123339
11389,112605,123351
11390,112570,123348
11391,112596,123364
11392,112579,123356
11393,112573,123367
11394,112595,123334
11395,112591,123339
11396,112578,123343
11397,112595,123345
11398,112583,123357
11399,112577,123344
11400,112602,123364
11401,112590,123335
11402,112608,123342
11403,112569,123356
11404,112610,123359
11405,112599,123357
11406,112590,123354
11407,112601,123361
11408,112589,123349
11409,112603,123346
11410,112588,123357
11411,112594,123336
11412,112581,123339
11413,112584,123339
11414,112598,123370
11415,112602,123380
11416,112596,123363
11417,112594,123364
11418,112609,123356
11419,112608,123362
11420,112610,123356
11421,112610,123364
11422,112577,123381
11423,112612,123383
11424,112609,123354
11425,112598,123387
11426,112610,123403
11427,112605,123372
11428,112595,123394
11429,112584,123390
11430,112593,123401
11431,112603,123394
11432,112596,123404
11433,112595,123395
11434,112600,123398
11435,112611,123399
11436,112598,123405
11437,112599,123404
11438,112609,123389
11439,112609,123392
11440,112602,123396
11441,112603,123405
11442,112595,123401
11443,112600,123387
11444,112619,123386
11445,112592,123375
11446,112606,123379
11447,112610,123408
11448,112621,123381
11449,112617,123427
11450,112622,123422
11451,112610,123388
11452,112617,123405
11453,112613,123394
11454,112613,123392
11455,112625,123376
11456,112606,123397
11457,112622,123385
11458,112606,123396
11459,112594,123375
11460,112616,123371
11461,112616,123399
11462,112614,123393
11463,112632,123403
11464,112611,123392
11465,112644,123412
11466,112607,123411
11467,112619,123410
11468,112626,123396
11469,112609,123395
11470,112633,123384
11471,112634,123407
11472,112629,123423
11473,112626,123409
11474,112627,123387
11475,112629,123393
11476,112623,123400
11477,112621,123378
11478,112635,123405
11479,112673,123416
11480,112633,123406
11481,112648,123430
11482,112646,123418
11483,112635,123425
11484,112639,123409
11485,112636,123396
11486,112642,123427
11487,112641,123445
11488,112647,123422
11489,112648,123410
11490,112629,123439
11491,112630,123421
11492,112628,123420
11493,112620,123414
11494,112624,123401
11495,112635,123416
11496,112653,123453
11497,112649,123422
11498,112651,123437
11499,112644,123419
11500,112610,123415
11501,112625,123422
11502,112607,123436
11503,112607,123408
11504,112616,123417
11505,112617,123401
11506,112610,123413
11507,112636,123414
11508,112641,123436
11509,112627,123427
11510,112645,123420
11511,112628,123392
11512,112616,123406
11513,112624,123411
11514,112607,123416
11515,112652,123419
11516,112625,123428
11517,112632,123411
11518,112627,123410
11519,112623,123422
11520,112640,123412
11521,112621,123417
11522,112610,123393
11523,112602,123418
11524,112639,123431
11525,112634,123414
11526,112630,123433
11527,112630,123430
11528,112616,123429
11529,112618,123435
11530,112654,123422
11531,112625,123415
11532,112637,123422
11533,112642,123416
11534,112654,123420
11535,112650,123432
11536,112633,123464
11537,112631,123428
11538,112622,123449
11539,112664,123453
11540,112661,123430
11541,112629,123427
11542,112636,123441
11543,112642,123449
11544,112646,123439
11545,112638,123439
11546,112653,123439
11547,112640,123418
11548,112631,123435
11549,112644,123430
11550,112611,123421
11551,112615,123411
11552,112622,123412
11553,112636,123431
11554,112649,123430
11555,112651,123422
11556,112611,123390
11557,112622,123415
11558,112614,123390
11559,112599,123389
11560,112609,123394
11561,112609,123393
11562,112603,123412
11563,112603,123400
11564,112595,123386
11565,112600,123383
11566,112595,123393
11567,112601,123384
11568,112579,123374
11569,112601,123390
11570,112570,123387
11571,112582,123373
11572,112601,123376
11573,112605,123389
11574,112605,123394
11575,112583,123375
11576,112590,123399
11577,112602,123383
11578,112577,123386
11579,112599,123395
11580,112596,123357
11581,112587,123379
11582,112584,123365
11583,112597,123395
11584,112617,123381
11585,112586,123388
11586,112604,123385
11587,112596,123392
11588,112615,123374
11589,112595,123373
11590,112595,123387
11591,112607,123381
11592,112620,123386
11593,112599,123378
11594,112600,123362
11595,112620,123376
11596,112609,123388
11597,112610,123396
11598,112617,123387
11599,112612,123389
11600,112611,123409
11601,112607,123389
11602,112611,123393
11603,112607,123390
11604,112628,123393
11605,112619,123383
11606,112631,123397
11607,112600,123378
11608,112607,123368
11609,112613,123343
11610,112612,123353
11611,112616,123363
11612,112597,123376
11613,112616,123355
11614,112597,123371
11615,112592,123357
11616,112602,123356
11617,112629,123369
11618,112616,123376
11619,112599,123356
11620,112592,123365
11621,112617,123348
11622,112588,123355
11623,112603,123336
11624,112593,123351
11625,112595,123353
11626,112607,123359
11627,112589,123377
11628,112594,123361
11629,112615,123379
11630,112603,123376
11631,112629,123367
11632,112610,123359
11633,112619,123369
11634,112607,123363
11635,112634,123385
11636,112615,123363
11637,112602,123356
11638,112605,123369
11639,112604,123349
11640,112605,123342
11641,112610,123366
11642,112595,123366
11643,112614,123360
11644,112595,123380
11645,112626,123357
11646,112597,123390
11647,112610,123373
11648,112596,123391
11649,112611,123380
11650,112619,123361
11651,112607,123373
11652,112589,123380
11653,112620,123384
11654,112608,123391
11655,112601,123388
11656,112604,123386
11657,112572,123377
11658,112597,123381
11659,112604,123406
11660,112600,123387
11661,112600,123391
11662,112624,123392
11663,112589,123417
11664,112614,123384
11665,112611,123395
11666,112604,123384
11667,112579,123395
11668,112615,123407
11669,112615,123384
11670,112593,123388
11671,112610,123365
11672,112611,123401
11673,112610,123393
11674,112577,123393
11675,112599,123378
11676,112609,123388
11677,112591,123398
11678,112600,123382
11679,112598,123390
11680,112596,123383
11681,112575,123391
11682,112595,123384
11683,112605,123385
11684,112586,123375
11685,112616,123415
11686,112605,123401
11687,112586,123398
11688,112596,123382
11689,112574,123374
11690,112593,123390
11691,112592,123362
11692,112592,123370
11693,112585,123360
11694,112589,123366
11695,112592,123359
11696,112588,123359
11697,112580,123357
11698,112607,123372
11699,112590,123383
11700,112616,123396
11701,112590,123376
11702,112583,123370
11703,112610,123374
11704,112613,123384
11705,112608,123396
11706,112623,123387
11707,112620,123371
11708,112609,123392
11709,112623,123394
11710,112631,123405
11711,112620,123405
11712,112620,123389
11713,112641,123387
11714,112619,123394
11715,112627,123403
11716,112654,123411
11717,112629,123402
11718,112630,123417
11719,112656,123405
11720,112625,123414
11721,112651,123419
11722,112633,123427
11723,112640,123443
11724,112637,123393
11725,112609,123430
11726,112646,123410
11727,112619,123419
11728,112618,123400
11729,112629,123392
11730,112651,123431
11731,112644,123401
11732,112634,123407
11733,112634,123410
11734,112651,123423
11735,112642,123392
11736,112635,123446
11737,112626,123411
11738,112644,123402
11739,112627,123430
11740,112619,123410
11741,112629,123409
11742,112623,123409
11743,112630,123405
11744,112633,123420
11745,112627,123382
11746,112617,123415
11747,112632,123399
11748,112643,123419
11749,112640,123421
11750,112642,123413
11751,112640,123434
11752,112623,123399
11753,112622,123410
11754,112631,123406
11755,112616,123397
11756,112631,123411
11757,112615,123400
11758,112643,123404
11759,112639,123427
11760,112654,123418
11761,112625,123403
11762,112634,123413
11763,112642,123416
11764,112615,123401
11765,112632,123420
11766,112631,123424
11767,112634,123420
11768,112619,123400
11769,112629,123424
11770,112640,123441
11771,112625,123415
11772,112633,123414
11773,112634,123430
11774,112619,123419
11775,112640,123420
11776,112644,123419
11777,112617,123405
11778,112610,123402
11779,112630,123399
11780,112615,123391
11781,112632,123402
11782,112615,123406
11783,112613,123398
11784,112623,123399
11785,112625,123397
11786,112616,123386
11787,112630,123410
11788,112640,123407
11789,112642,123401
11790,112612,123397
11791,112630,123400
11792,112607,123412
11793,112631,123391
11794,112628,123404
11795,112629,123385
11796,112614,123397
11797,112611,123394
11798,112613,123410
11799,112644,123409
11800,112621,123431
11801,112640,123430
11802,112633,123434
11803,112607,123426
11804,112626,123407
11805,112620,123422
11806,112612,123402
11807,112613,123394
11808,112632,123418
11809,112624,123422
11810,112618,123403
11811,112601,123402
11812,112633,123398
11813,112604,123405
11814,112607,123393
11815,112632,123388
11816,112617,123377
11817,112615,123405
11818,112626,123414
11819,112639,123412
11820,112616,123407
11821,112627,123423
11822,112626,123400
11823,112629,123390
11824,112632,123400
11825,112647,123412
11826,112656,123404
11827,112646,123403
11828,112624,123395
11829,112638,123401
11830,112638,123403
11831,112631,123398
11832,112630,123406
11833,112626,123414
11834,112634,123402
11835,112622,123400
11836,112635,123424
11837,112659,123411
11838,112608,123414
11839,112627,123401
11840,112609,123414
11841,112620,123408
11842,112614,123413
11843,112606,123420
11844,112631,123406
11845,112622,123388
11846,112608,123395
11847,112643,123394
11848,112632,123399
11849,112605,123424
11850,112610,123389
11851,112617,123386
11852,112623,123407
11853,112633,123427
11854,112625,123384
11855,112656,123415
11856,112664,123413
11857,112617,123387
11858,112617,123384
11859,112622,123372
11860,112634,123389
11861,112638,123388
11862,112619,123405
11863,112611,123405
11864,112609,123395
11865,112605,123391
11866,112622,123406
11867,112629,123368
11868,112607,123404
11869,112615,123408
11870,112628,123406
11871,112648,123384
11872,112606,123379
11873,112644,123395
11874,112622,123412
11875,112621,123400
11876,112600,123397
11877,112593,123391
11878,112615,123380
11879,112595,123358
11880,112605,123400
11881,112606,123394
11882,112621,123389
11883,112606,123428
11884,112615,123381
11885,112594,123410
11886,112629,123400
11887,112611,123422
11888,112612,123418
11889,112608,123401
11890,112613,123401
11891,112594,123415
11892,112614,123411
11893,112623,123403
11894,112630,123397
11895,112630,123399
11896,112617,123418
11897,112605,123410
11898,112600,123423
11899,112623,123422
11900,112637,123440
11901,112638,123417
11902,112618,123411
11903,112626,123440
11904,112620,123405
11905,112648,123429
11906,112610,123431
11907,112621,123430
11908,112617,123429
11909,112625,123430
11910,112628,123451
11911,112603,123418
11912,112595,123444
11913,112610,123452
11914,112655,123446
11915,112643,123429
11916,112634,123446
11917,112631,123436
11918,112617,123435
11919,112624,123426
11920,112637,123458
11921,112627,123432
11922,112636,123446
11923,112643,123425
11924,112616,123428
11925,112636,123431
11926,112630,123434
11927,112621,123416
11928,112666,123439
11929,112634,123424
11930,112643,123410
11931,112612,123415
11932,112627,123423
11933,112647,123419
11934,112627,123415
11935,112645,123413
11936,112655,123433
11937,112654,123450
11938,112651,123427
11939,112637,123417
11940,112651,123420
11941,112642,123416
11942,112654,123411
11943,112633,123445
11944,112628,123409
11945,112633,123420
11946,112625,123412
11947,112635,123430
11948,112632,123415
11949,112648,123419
11950,112631,123410
11951,112637,123407
11952,112634,123420
11953,112623,123404
11954,112618,123402
11955,112614,123396
11956,112614,123407
11957,112619,123405
11958,112615,123426
11959,112612,123421
11960,112622,123410
11961,112621,123425
11962,112646,123419
11963,112638,123437
11964,112645,123422
11965,112672,123406
11966,112645,123431
11967,112654,123431
11968,112645,123428
11969,112646,123432
11970,112650,123437
11971,112650,123417
11972,112653,123440
11973,112653,123425
11974,112657,123407
11975,112630,123423
11976,112628,123424
11977,112617,123430
11978,112608,123407
11979,112620,123446
11980,112625,123423
11981,112658,123422
11982,112640,123422
11983,112643,123433
11984,112640,123432
11985,112665,123430
11986,112633,123457
11987,112642,123428
11988,112636,123456
11989,112665,123439
11990,112646,123467
11991,112647,123459
11992,112663,123467
11993,112656,123452
11994,112665,123489
11995,112631,123454
11996,112628,123447
11997,112636,123436
11998,112645,123445
11999,112631,123471
12000,112645,123469
12001,112644,123457
12002,112659,123453
12003,112643,123443
12004,112650,123467
12005,112618,123452
12006,112649,123442
12007,112677,123451
12008,112664,123452
12009,112652,123462
12010,112656,123426
12011,112647,123445
12012,112628,123437
12013,112646,123454
12014,112626,123448
12015,112642,123444
12016,112633,123457
12017,112629,123437
12018,112647,123450
12019,112620,123453
12020,112616,123435
12021,112630,123439
12022,112635,123431
12023,112642,123426
12024,112638,123449
12025,112636,123454
12026,112652,123439
12027,112640,123450
12028,112638,123445
12029,112638,123449
12030,112628,123439
12031,112631,123436
12032,112632,123438
12033,112637,123459
12034,112635,123457
12035,112653,123442
12036,112640,123458
12037,112619,123461
12038,112632,123445
12039,112652,123455
12040,112629,123437
12041,112636,123432
12042,112642,123448
12043,112653,123424
12044,112629,123447
12045,112644,123455
12046,112636,123449
12047,112663,123445
12048,112642,123454
12049,112652,123439
12050,112640,123423
12051,112648,123437
12052,112639,123422
12053,112641,123417
12054,112648,123433
12055,112643,123426
12056,112664,123431
12057,112645,123424
12058,112631,123439
12059,112643,123438
12060,112671,123446
12061,112651,123426
12062,112649,123437
12063,112639,123439
12064,112653,123451
12065,112646,123446
12066,112661,123429
12067,112646,123438
12068,112647,123465
12069,112634,123456
12070,112641,123444
12071,112662,123428
12072,112624,123417
12073,112633,123434
12074,112642,123459
12075,112659,123453
12076,112649,123446
12077,112654,123440
12078,112648,123448
12079,112639,123448
12080,112637,123442
12081,112654,123426
12082,112623,123425
12083,112628,123443
12084,112630,123449
12085,112648,123433
12086,112651,123438
12087,112630,123437
12088,112645,123426
12089,112642,123417
12090,112616,123455
12091,112619,123426
12092,112602,123425
12093,112613,123390
12094,112616,123410
12095,112602,123403
12096,112620,123433
12097,112626,123427
12098,112634,123410
12099,112631,123413
12100,112630,123386
12101,112627,123382
12102,112617,123380
12103,112612,123380
12104,112630,123394
12105,112622,123388
12106,112613,123381
12107,112630,123391
12108,112647,123392
12109,112633,123398
12110,112632,123400
12111,112605,123410
12112,112613,123405
12113,112622,123409
12114,112620,123424
12115,112634,123423
12116,112628,123411
12117,112646,123426
12118,112621,123407
12119,112637,123436
12120,112613,123425
12121,112616,123434
12122,112614,123424
12123,112621,123419
12124,112613,123426
12125,112602,123401
12126,112635,123431
12127,112619,123407
12128,112640,123445
12129,112651,123440
12130,112630,123439
12131,112617,123428
12132,112632,123454
12133,112631,123448
12134,112646,123435
12135,112653,123410
12136,112631,123449
12137,112648,123440
12138,112629,123434
12139,112622,123444
12140,112652,123463
12141,112658,123457
12142,112645,123462
12143,112653,123455
12144,112644,123456
12145,112630,123466
12146,112635,123477
12147,112658,123472
12148,112648,123468
12149,112645,123479
12150,112659,123489
12151,112654,123491
12152,112660,123489
12153,112653,123473
12154,112658,123494
12155,112657,123500
12156,112646,123487
12157,112668,123489
12158,112645,123485
12159,112660,123472
12160,112630,123476
12161,112649,123470
12162,112646,123487
12163,112654,123475
12164,112647,123468
12165,112657,123483
12166,112646,123468
12167,112673,123455
12168,112646,123481
12169,112648,123455
12170,112669,123498
12171,112653,123489
12172,112650,123465
12173,112671,123447
12174,112663,123445
12175,112639,123464
12176,112674,123458
12177,112678,123498
12178,112652,123468
12179,112652,123443
12180,112644,123434
12181,112644,123431
12182,112638,123444
12183,112665,123445
12184,112646,123440
12185,112637,123438
12186,112636,123441
12187,112635,123461
12188,112643,123448
12189,112633,123448
12190,112652,123450
12191,112635,123427
12192,112645,123435
12193,112623,123439
12194,112645,123441
12195,112639,123445
12196,112644,123425
12197,112657,123421
12198,112636,123448
12199,112630,123431
12200,112638,123423
12201,112633,123416
12202,112641,123433
12203,112638,123436
12204,112629,123451
12205,112653,123421
12206,112631,123411
12207,112658,123438
12208,112609,123414
12209,112648,123433
12210,112644,123434
12211,112635,123418
12212,112620,123434
12213,112627,123410
12214,112638,123418
12215,112639,123405
12216,112633,123444
12217,112624,123437
12218,112632,123424
12219,112630,123434
12220,112619,123427
12221,112640,123427
12222,112630,123425
12223,112639,123447
12224,112654,123439
12225,112624,123438
12226,112617,123439
12227,112631,123429
12228,112636,123433
12229,112641,123446
12230,112622,123423
12231,112631,123444
12232,112627,123433
12233,112609,123446
12234,112611,123443
12235,112616,123438
12236,112633,123430
12237,112633,123481
12238,112625,123456
12239,112628,123441
12240,112635,123459
12241,112643,123472
12242,112612,123436
12243,112603,123439
12244,112637,123442
12245,112643,123466
12246,112640,123445
12247,112633,123442
12248,112627,123449
12249,112623,123439
12250,112621,123447
12251,112620,123456
12252,112618,123451
12253,112629,123429
12254,112612,123459
12255,112631,123455
12256,112634,123451
12257,112615,123454
12258,112619,123457
12259,112639,123453
12260,112606,123470
12261,112607,123452
12262,112629,123454
12263,112612,123461
12264,112635,123455
12265,112650,123483
12266,112630,123461
12267,112627,123466
12268,112602,123450
12269,112623,123461
12270,112628,123444
12271,112639,123445
12272,112622,123437
12273,112638,123448
12274,112619,123435
12275,112633,123431
12276,112649,123451
12277,112638,123428
12278,112617,123437
12279,112631,123438
12280,112639,123440
12281,112623,123429
12282,112629,123427
12283,112661,123458
12284,112635,123436
12285,112616,123432
12286,112620,123417
12287,112636,123432
12288,112609,123404
12289,112627,123430
12290,112605,123417
12291,112618,123398
12292,112617,123411
12293,112612,123399
12294,112612,123424
12295,112606,123402
12296,112632,123416
12297,112601,123414
12298,112610,123401
12299,112598,123426
12300,112620,123424
12301,112596,123411
12302,112628,123429
12303,112634,123438
12304,112625,123431
12305,112616,123442
12306,112626,123428
12307,112619,123435
12308,112632,123433
12309,112626,123441
12310,112630,123413
12311,112625,123449
12312,112635,123430
12313,112640,123416
12314,112637,123451
12315,112647,123450
12316,112620,123434
12317,112638,123449
12318,112645,123466
12319,112621,123435
12320,112617,123442
12321,112632,123451
12322,112622,123464
12323,112628,123466
12324,112631,123423
12325,112625,123451
12326,112629,123430
12327,112624,123440
12328,112624,123447
12329,112622,123435
12330,112622,123438
12331,112637,123444
12332,112639,123456
12333,112635,123453
12334,112631,123434
12335,112631,123446
12336,112637,123436
12337,112641,123455
12338,112652,123459
12339,112628,123464
12340,112644,123443
12341,112655,123468
12342,112657,123455
12343,112645,123485
12344,112671,123505
12345,112669,123512
12346,112668,123501
12347,112660,123525
12348,112683,123502
12349,112671,123488
12350,112678,123479
12351,112665,123489
12352,112670,123484
12353,112662,123484
12354,112673,123501
12355,112689,123483
12356,112677,123499
12357,112705,123498
12358,112662,123487
12359,112689,123507
12360,112692,123512
12361,112676,123498
12362,112663,123493
12363,112670,123495
12364,112675,123470
12365,112679,123488
12366,112682,123478
12367,112673,123479
12368,112655,123475
12369,112667,123473
12370,112674,123484
12371,112660,123493
12372,112673,123482
12373,112676,123476
12374,112670,123487
12375,112677,123511
12376,112672,123514
12377,112667,123514
12378,112678,123505
12379,112686,123506
12380,112687,123511
12381,112674,123509
12382,112658,123511
12383,112667,123511
12384,112664,123493
12385,112645,123525
12386,112670,123498
12387,112665,123518
12388,112680,123522
12389,112663,123507
12390,112668,123498
12391,112678,123509
12392,112659,123503
12393,112669,123510
12394,112671,123513
12395,112697,123514
12396,112698,123536
12397,112658,123500
12398,112676,123501
12399,112681,123487
12400,112666,123514
12401,112714,123538
12402,112672,123521
12403,112686,123497
12404,112678,123503
12405,112665,123516
12406,112685,123496
12407,112664,123508
12408,112697,123539
12409,112690,123497
12410,112665,123523
12411,112681,123500
12412,112686,123484
12413,112669,123508
12414,112687,123497
12415,112661,123503
12416,112674,123514
12417,112676,123505
12418,112690,123495
12419,112695,123524
12420,112693,123515
12421,112683,123523
12422,112697,123524
12423,112679,123518
12424,112687,123528
12425,112691,123509
12426,112688,123522
12427,112697,123522
12428,112704,123517
12429,112713,123541
12430,112690,123525
12431,112701,123512
12432,112694,123513
12433,112697,123495
12434,112713,123514
12435,112703,123523
12436,112708,123530
12437,112726,123509
12438,112729,123523
12439,112714,123522
12440,112720,123526
12441,112714,123524
12442,112716,123531
12443,112706,123522
12444,112722,123531
12445,112689,123525
12446,112741,123536
12447,112721,123529
12448,112684,123517
12449,112710,123548
12450,112707,123536
12451,112686,123509
12452,112719,123505
12453,112691,123507
12454,112691,123520
12455,112689,123518
12456,112688,123529
12457,112692,123556
12458,112715,123542
12459,112687,123554
12460,112682,123550
12461,112690,123566
12462,112688,123552
12463,112701,123556
12464,112694,123562
12465,112720,123573
12466,112711,123550
12467,112689,123558
12468,112700,123543
12469,112690,123560
12470,112684,123546
12471,112676,123553
12472,112686,123580
12473,112664,123554
12474,112687,123540
12475,112692,123551
12476,112669,123536
12477,112669,123548
12478,112689,123559
12479,112674,123533
12480,112696,123558
12481,112706,123557
12482,112712,123589
12483,112715,123594
12484,112725,123595
12485,112724,123584
12486,112707,123583
12487,112713,123574
12488,112707,123596
12489,112702,123583
12490,112692,123577
12491,112714,123568
12492,112705,123596
12493,112685,123580
12494,112729,123589
12495,112693,123579
12496,112711,123607
12497,112743,123599
12498,112715,123593
12499,112718,123609
12500,112707,123617
12501,112705,123589
12502,112707,123612
12503,112718,123599
12504,112711,123596
12505,112687,123593
12506,112683,123594
12507,112699,123589
12508,112697,123562
12509,112684,123555
12510,112685,123559
12511,112688,123566
12512,112677,123545
12513,112677,123542
12514,112662,123541
12515,112672,123518
12516,112656,123528
12517,112670,123516
12518,112646,123510
12519,112644,123536
12520,112655,123488
12521,112661,123502
12522,112671,123531
12523,112671,123506
12524,112674,123503
12525,112662,123487
12526,112636,123492
12527,112663,123485
12528,112625,123477
12529,112632,123476
12530,112619,123479
12531,112635,123497
12532,112604,123468
12533,112605,123449
12534,112611,123468
12535,112596,123469
12536,112624,123486
12537,112645,123528
12538,112663,123543
12539,112648,123555
12540,112662,123561
12541,112684,123575
12542,112696,123606
12543,112688,123615
12544,112690,123600
12545,112675,123595
12546,112675,123568
12547,112663,123578
12548,112689,123554
12549,112662,123599
12550,112687,123568
12551,112673,123596
12552,112643,123564
12553,112626,123531
12554,112631,123546
12555,112657,123535
12556,112634,123562
12557,112642,123543
12558,112671,123569
12559,112655,123555
12560,112646,123568
12561,112660,123562
12562,112646,123551
12563,112622,123519
12564,112615,123526
12565,112618,123530
12566,112603,123524
12567,112604,123494
12568,112596,123494
12569,112573,123503
12570,112582,123477
12571,112573,123452
12572,112566,123477
12573,112557,123463
12574,112549,123453
12575,112527,123457
12576,112554,123455
12577,112562,123461
12578,112553,123484
12579,112586,123479
12580,112569,123485
12581,112566,123483
12582,112564,123463
12583,112570,123478
12584,112543,123468
12585,112573,123485
12586,112588,123467
12587,112575,123478
12588,112562,123457
12589,112550,123467
12590,112556,123445
12591,112529,123442
12592,112550,123450
12593,112578,123453
12594,112571,123472
12595,112537,123463
12596,112558,123479
12597,112556,123455
12598,112585,123488
12599,112553,123485
12600,112573,123472
12601,112575,123467
12602,112586,123483
12603,112568,123473
12604,112571,123483
12605,112592,123496
12606,112578,123503
12607,112576,123494
12608,112595,123475
12609,112544,123476
12610,112564,123498
12611,112568,123465
12612,112541,123480
12613,112577,123475
12614,112556,123489
12615,112577,123477
12616,112543,123480
12617,112573,123496
12618,112543,123481
12619,112547,123465
12620,112550,123478
12621,112540,123474
12622,112541,123450
12623,112551,123453
12624,112541,123457
12625,112551,123457
12626,112522,123452
12627,112547,123439
12628,112529,123457
12629,112510,123455
12630,112534,123433
12631,112526,123445
12632,112524,123439
12633,112551,123445
12634,112510,123439
12635,112530,123452
12636,112524,123423
12637,112511,123423
12638,112507,123425
12639,112538,123424
12640,112514,123397
12641,112508,123412
12642,112491,123402
12643,112484,123397
12644,112501,123412
12645,112483,123405
12646,112478,123398
12647,112496,123384
12648,112481,123413
12649,112488,123383
12650,112492,123374
12651,112489,123368
12652,112493,123377
12653,112479,123352
12654,112487,123375
12655,112500,123376
12656,112510,123414
12657,112530,123405
12658,112574,123457
12659,112570,123470
12660,112568,123438
12661,112545,123448
12662,112562,123472
12663,112549,123417
12664,112521,123417
12665,112516,123433
12666,112529,123444
12667,112530,123442
12668,112534,123418
12669,112545,123427
12670,112530,123451
12671,112546,123473
12672,112549,123459
12673,112548,123468
12674,112568,123476
12675,112566,123446
12676,112532,123448
12677,112533,123436
12678,112536,123438
12679,112507,123433
12680,112525,123447
12681,112544,123447
12682,112563,123441
12683,112525,123449
12684,112546,123453
12685,112557,123449
12686,112534,123452
12687,112561,123473
12688,112552,123460
12689,112545,123461
12690,112546,123475
12691,112531,123446
12692,112542,123493
12693,112574,123474
12694,112579,123481
12695,112567,123487
12696,112572,123481
12697,112565,123481
12698,112584,123490
12699,112556,123460
12700,112569,123476
12701,112539,123472
12702,112578,123467
12703,112532,123474
12704,112527,123460
12705,112539,123458
12706,112542,123491
12707,112555,123466
12708,112539,123455
12709,112541,123423
12710,112553,123437
12711,112555,123419
12712,112549,123402
12713,112531,123382
12714,112518,123392
12715,112533,123379
12716,112540,123408
12717,112521,123383
12718,112526,123419
12719,112528,123393
12720,112543,123393
12721,112528,123403
12722,112525,123396
12723,112514,123386
12724,112527,123421
12725,112531,123424
12726,112548,123420
12727,112559,123412
12728,112522,123427
12729,112543,123423
12730,112528,123411
12731,112553,123404
12732,112541,123417
12733,112533,123431
12734,112532,123421
12735,112543,123443
12736,112526,123437
12737,112540,123439
12738,112539,123432
12739,112558,123434
12740,112522,123414
12741,112552,123427
12742,112527,123420
12743,112541,123435
12744,112560,123433
12745,112563,123418
12746,112529,123418
12747,112527,123425
12748,112533,123441
12749,112523,123421
12750,112538,123430
12751,112550,123421
12752,112553,123422
12753,112552,123435
12754,112525,123407
12755,112531,123431
12756,112551,123457
12757,112553,123417
12758,112546,123414
12759,112539,123441
12760,112536,123431
12761,112558,123417
12762,112551,123445
12763,112538,123409
12764,112556,123422
12765,112542,123424
12766,112546,123412
12767,112538,123428
12768,112542,123419
12769,112540,123409
12770,112551,123437
12771,112547,123433
12772,112545,123436
12773,112580,123432
12774,112583,123462
12775,112549,123422
12776,112555,123439
12777,112575,123443
12778,112570,123427
12779,112598,123467
12780,112564,123447
12781,112581,123456
12782,112601,123453
12783,112581,123430
12784,112586,123413
12785,112567,123398
12786,112567,123369
12787,112537,123302
12788,112541,123317
12789,112510,123280
12790,112532,123305
12791,112539,123300
12792,112517,123299
12793,112557,123349
12794,112552,123319
12795,112544,123352
12796,112554,123337
12797,112538,123330
12798,112537,123326
12799,112551,123364
12800,112510,123343
12801,112540,123356
12802,112553,123346
12803,112552,123337
12804,112541,123351
12805,112538,123340
12806,112583,123462
12807,112541,123354
12808,112536,123357
12809,112524,123338
12810,112530,123362
12811,112544,123336
12812,112537,123363
12813,112535,123350
12814,112531,123368
12815,112547,123342
12816,112541,123371
12817,112526,123354
12818,112533,123365
12819,112522,123353
12820,112510,123350
12821,112539,123393
12822,112543,123363
12823,112539,123381
12824,112542,123387
12825,112553,123386
12826,112558,123407
12827,112534,123417
12828,112520,123403
12829,112566,123405
12830,112554,123419
12831,112561,123416
12832,112547,123441
12833,112553,123424
12834,112564,123411
12835,112548,123422
12836,112570,123441
12837,112572,123429
12838,112564,123438
12839,112563,123414
12840,112614,123472
12841,112568,123456
12842,112582,123451
12843,112614,123476
12844,112601,123447
12845,112599,123453
12846,112631,123476
12847,112628,123487
12848,112622,123462
12849,112631,123491
12850,112647,123465
12851,112611,123449
12852,112624,123450
12853,112605,123452
12854,112599,123467
12855,112600,123481
12856,112587,123468
12857,112581,123479
12858,112610,123451
12859,112584,123462
12860,112600,123466
12861,112574,123430
12862,112604,123457
12863,112596,123427
12864,112560,123429
12865,112559,123427
12866,112568,123441
12867,112545,123428
12868,112567,123417
12869,112526,123391
12870,112536,123423
12871,112541,123395
12872,112532,123389
12873,112544,123399
12874,112557,123431
12875,112550,123396
12876,112548,123414
12877,112546,123415
12878,112532,123367
12879,112530,123334
12880,112492,123259
12881,112476,123205
12882,112453,123121
12883,112435,123069
12884,112395,123029
12885,112416,123020
12886,112428,123000
12887,112423,123005
12888,112375,123037
12889,112418,123034
12890,112420,123070
12891,112433,123077
12892,112415,123112
12893,112421,123079
12894,112441,123126
12895,112442,123120
12896,112426,123122
12897,112452,123107
12898,112452,123131
12899,112445,123163
12900,112473,123174
12901,112459,123177
12902,112459,123181
12903,112457,123210
12904,112466,123191
12905,112463,123200
12906,112468,123218
12907,112484,123225
12908,112461,123201
12909,112470,123232
12910,112482,123223
12911,112473,123248
12912,112488,123232
12913,112456,123237
12914,112473,123216
12915,112450,123229
12916,112473,123237
12917,112469,123224
12918,112480,123239
12919,112462,123241
12920,112459,123237
12921,112473,123245
12922,112476,123228
12923,112467,123227
12924,112487,123272
12925,112490,123256
12926,112465,123233
12927,112479,123230
12928,112466,123247
12929,112471,123260
12930,112483,123267
12931,112475,123264
12932,112491,123288
12933,112474,123304
12934,112468,123280
12935,112490,123289
12936,112502,123304
12937,112502,123316
12938,112512,123326
12939,112522,123314
12940,112510,123320
12941,112504,123339
12942,112515,123343
12943,112524,123339
12944,112514,123347
12945,112547,123360
12946,112525,123360
12947,112529,123366
12948,112528,123350
12949,112539,123370
12950,112554,123377
12951,112550,123379
12952,112562,123382
12953,112538,123360
12954,112541,123373
12955,112515,123374
12956,112537,123353
12957,112545,123368
12958,112511,123361
12959,112538,123359
12960,112525,123357
12961,112539,123383
12962,112566,123416
12963,112547,123376
12964,112565,123398
12965,112552,123396
12966,112563,123404
12967,112555,123401
12968,112575,123393
12969,112563,123426
12970,112563,123415
12971,112587,123408
12972,112604,123427
12973,112616,123450
12974,112611,123449
12975,112624,123398
12976,112595,123358
12977,112581,123263
12978,112552,123245
12979,112538,123205
12980,112527,123202
12981,112538,123198
12982,112546,123220
12983,112557,123252
12984,112579,123277
12985,112563,123284
12986,112585,123291
12987,112597,123306
12988,112599,123302
12989,112583,123345
12990,112611,123347
12991,112603,123341
12992,112613,123331
12993,112604,123334
12994,112612,123358
12995,112610,123347
12996,112608,123352
12997,112604,123366
12998,112600,123380
12999,112617,123367
13000,112598,123369
13001,112591,123378
13002,112631,123396
13003,112613,123388
13004,112597,123347
13005,112598,123363
13006,112630,123353
13007,112585,123343
13008,112578,123347
13009,112571,123353
13010,112573,123333
13011,112567,123338
13012,112557,123334
13013,112570,123344
13014,112556,123324
13015,112548,123323
13016,112540,123348
13017,112543,123317
13018,112550,123335
13019,112551,123329
13020,112564,123339
13021,112577,123344
13022,112547,123332
13023,112561,123371
13024,112557,123350
13025,112575,123353
13026,112569,123344
13027,112556,123340
13028,112568,123354
13029,112550,123353
13030,112557,123366
13031,112573,123378
13032,112559,123358
13033,112577,123339
13034,112579,123360
13035,112613,123388
13036,112597,123347
13037,112568,123368
13038,112545,123347
13039,112535,123345
13040,112551,123340
13041,112542,123339
13042,112537,123323
13043,112542,123355
13044,112548,123348
13045,112562,123352
13046,112531,123344
13047,112538,123349
13048,112532,123344
13049,112525,123333
13050,112531,123328
13051,112515,123342
13052,112511,123339
13053,112530,123370
13054,112533,123349
13055,112541,123366
13056,112524,123365
13057,112535,123364
13058,112545,123367
13059,112543,123377
13060,112531,123359
13061,112543,123346
13062,112525,123301
13063,112523,123220
13064,112499,123211
13065,112475,123144
13066,112490,123135
13067,112479,123141
13068,112473,123140
13069,112489,123165
13070,112472,123174
13071,112510,123199
13072,112476,123239
13073,112488,123223
13074,112495,123257
13075,112487,123247
13076,112489,123241
13077,112484,123243
13078,112509,123274
13079,112476,123257
13080,112480,123253
13081,112466,123256
13082,112483,123260
13083,112471,123276
13084,112468,123261
13085,112468,123253
13086,112466,123239
13087,112433,123240
13088,112482,123228
13089,112445,123245
13090,112455,123240
13091,112456,123236
13092,112429,123225
13093,112453,123226
13094,112441,123237
13095,112441,123238
13096,112438,123225
13097,112449,123224
13098,112428,123217
13099,112452,123253
13100,112437,123253
13101,112459,123254
13102,112451,123246
13103,112469,123241
13104,112460,123266
13105,112448,123274
13106,112443,123263
13107,112453,123275
13108,112458,123264
13109,112439,123274
13110,112460,123261
13111,112446,123245
13112,112435,123290
13113,112462,123279
13114,112454,123256
13115,112458,123287
13116,112452,123241
13117,112463,123260
13118,112453,123276
13119,112460,123252
13120,112449,123274
13121,112451,123266
13122,112459,123272
13123,112483,123289
13124,112455,123296
13125,112443,123291
13126,112458,123280
13127,112465,123304
13128,112483,123281
13129,112490,123303
13130,112482,123317
13131,112500,123311
13132,112488,123322
13133,112510,123323
13134,112505,123351
13135,112529,123357
13136,112530,123337
13137,112507,123332
13138,112535,123296
13139,112473,123215
13140,112446,123142
13141,112446,123076
13142,112434,123022
13143,112407,123004
13144,112404,123028
13145,112418,123036
13146,112410,123028
13147,112443,123054
13148,112435,123088
13149,112442,123114
13150,112433,123139
13151,112445,123157
13152,112441,123151
13153,112468,123171
13154,112475,123176
13155,112478,123183
13156,112496,123222
13157,112493,123214
13158,112479,123220
13159,112500,123268
13160,112529,123270
13161,112514,123285
13162,112515,123286
13163,112513,123294
13164,112562,123303
13165,112544,123307
13166,112550,123321
13167,112538,123314
13168,112543,123320
13169,112543,123326
13170,112539,123345
13171,112558,123363
13172,112550,123357
13173,112555,123365
13174,112550,123365
13175,112551,123348
13176,112549,123341
13177,112559,123359
13178,112562,123363
13179,112561,123358
13180,112554,123344
13181,112538,123360
13182,112538,123360
13183,112537,123347
13184,112530,123364
13185,112541,123360
13186,112535,123366
13187,112547,123386
13188,112559,123401
13189,112555,123348
13190,112552,123345
13191,112545,123359
13192,112563,123360
13193,112554,123344
13194,112547,123343
13195,112529,123338
13196,112541,123347
13197,112567,123346
13198,112583,123357
13199,112590,123362
13200,112576,123351
13201,112561,123381
13202,112586,123405
13203,112590,123420
13204,112613,123417
13205,112600,123440
13206,112622,123440
13207,112623,123463
13208,112652,123484
13209,112655,123516
13210,112719,123558
13211,112713,123592
13212,112711,123621
13213,112753,123635
13214,112750,123624
13215,112736,123567
13216,112694,123420
13217,112644,123298
13218,112594,123163
13219,112563,123049
13220,112541,122989
13221,112535,122985
13222,112556,123015
13223,112547,123058
13224,112558,123080
13225,112544,123100
13226,112568,123126
13227,112583,123139
13228,112552,123118
13229,112555,123141
13230,112549,123125
13231,112551,123146
13232,112591,123145
13233,112542,123140
13234,112558,123132
13235,112554,123171
13236,112554,123150
13237,112539,123177
13238,112544,123189
13239,112591,123229
13240,112559,123238
13241,112575,123251
13242,112581,123257
13243,112584,123283
13244,112580,123275
13245,112596,123310
13246,112569,123291
13247,112591,123272
13248,112577,123297
13249,112579,123314
13250,112601,123333
13251,112591,123310
13252,112594,123320
13253,112598,123306
13254,112607,123331
13255,112620,123318
13256,112586,123313
13257,112615,123321
13258,112583,123336
13259,112601,123332
13260,112593,123339
13261,112625,123361
13262,112620,123369
13263,112610,123349
13264,112615,123352
13265,112641,123370
13266,112616,123373
13267,112624,123334
13268,112619,123351
13269,112539,123177
13270,112590,123353
13271,112602,123352
13272,112617,123379
13273,112572,123351
13274,112630,123384
13275,112592,123353
13276,112610,123403
13277,112614,123368
13278,112612,123393
13279,112600,123363
13280,112609,123381
13281,112630,123416
13282,112622,123417
13283,112605,123420
13284,112627,123444
13285,112625,123425
13286,112640,123442
13287,112634,123460
13288,112621,123467
13289,112618,123480
13290,112599,123461
13291,112597,123441
13292,112591,123446
13293,112606,123444
13294,112603,123428
13295,112569,123421
13296,112588,123403
13297,112566,123407
13298,112566,123334
13299,112531,123263
13300,112497,123129
13301,112445,123049
13302,112402,122927
13303,112379,122882
13304,112393,122885
13305,112378,122868
13306,112369,122874
13307,112372,122911
13308,112385,122936
13309,112411,122930
13310,112398,122959
13311,112437,122990
13312,112426,123028
13313,112417,123034
13314,112436,123030
13315,112428,123030
13316,112433,123048
13317,112437,123038
13318,112425,123054
13319,112451,123061
13320,112442,123089
13321,112459,123092
13322,112470,123106
13323,112446,123139
13324,112465,123138
13325,112485,123161
13326,112476,123188
13327,112513,123225
13328,112497,123215
13329,112496,123231
13330,112540,123241
13331,112507,123224
13332,112506,123225
13333,112502,123225
13334,112519,123249
13335,112517,123208
13336,112504,123247
13337,112506,123257
13338,112534,123266
13339,112527,123258
13340,112527,123238
13341,112539,123264
13342,112516,123286
13343,112538,123279
13344,112541,123288
13345,112539,123275
13346,112517,123288
13347,112506,123275
13348,112505,123288
13349,112526,123297
13350,112507,123295
13351,112532,123282
13352,112523,123293
13353,112543,123296
13354,112539,123313
13355,112507,123316
13356,112532,123311
13357,112515,123295
13358,112523,123303
13359,112529,123299
13360,112524,123295
13361,112517,123313
13362,112520,123329
13363,112542,123315
13364,112517,123303
13365,112523,123325
13366,112520,123313
13367,112541,123318
13368,112519,123330
13369,112543,123321
13370,112525,123318
13371,112518,123305
13372,112510,123334
13373,112528,123314
13374,112548,123330
13375,112518,123322
13376,112515,123331
13377,112524,123332
13378,112511,123341
13379,112533,123324
13380,112529,123331
13381,112548,123362
13382,112541,123327
13383,112519,123359
13384,112529,123352
13385,112522,123334
13386,112545,123350
13387,112539,123323
13388,112555,123306
13389,112504,123249
13390,112485,123122
13391,112458,123040
13392,112410,122949
13393,112396,122888
13394,112371,122883
13395,112360,122876
13396,112380,122905
13397,112402,122914
13398,112388,122951
13399,112384,122945
13400,112395,122978
13401,112399,123006
13402,112412,123000
13403,112431,123018
13404,112431,123032
13405,112421,123029
13406,112424,123049
13407,112442,123046
13408,112448,123064
13409,112431,123077
13410,112438,123077
13411,112448,123102
13412,112440,123093
13413,112461,123135
13414,112451,123121
13415,112475,123163
13416,112469,123155
13417,112458,123194
13418,112462,123193
13419,112483,123206
13420,112456,123207
13421,112499,123201
13422,112497,123219
13423,112489,123210
13424,112502,123218
13425,112484,123213
13426,112460,123216
13427,112464,123242
13428,112470,123233
13429,112472,123226
13430,112484,123251
13431,112477,123238
13432,112500,123263
13433,112488,123265
13434,112506,123260
13435,112484,123287
13436,112488,123270
13437,112472,123269
13438,112502,123265
13439,112502,123272
13440,112483,123278
13441,112498,123290
13442,112491,123276
13443,112496,123296
13444,112506,123294
13445,112486,123286
13446,112501,123272
13447,112500,123283
13448,112498,123282
13449,112512,123319
13450,112499,123317
13451,112494,123282
13452,112520,123298
13453,112524,123308
13454,112499,123288
13455,112513,123281
13456,112511,123298
13457,112513,123305
13458,112530,123300
13459,112524,123300
13460,112502,123313
13461,112513,123318
13462,112517,123294
13463,112503,123310
13464,112512,123284
13465,112483,123315
13466,112517,123301
13467,112502,123288
13468,112505,123302
13469,112511,123307
13470,112509,123323
13471,112507,123316
13472,112525,123321
13473,112505,123316
13474,112508,123320
13475,112515,123313
13476,112506,123259
13477,112482,123221
13478,112452,123109
13479,112424,123057
13480,112416,123006
13481,112394,122983
13482,112399,122982
13483,112394,122984
13484,112408,123003
13485,112425,123024
13486,112399,123042
13487,112443,123053
13488,112419,123073
13489,112432,123106
13490,112432,123097
13491,112439,123098
13492,112434,123153
13493,112436,123108
13494,112431,123167
13495,112446,123167
13496,112482,123177
13497,112458,123188
13498,112471,123185
13499,112452,123186
13500,112474,123195
13501,112461,123202
13502,112463,123209
13503,112453,123194
13504,112471,123195
13505,112486,123225
13506,112497,123225
13507,112515,123313
13508,112461,123203
13509,112470,123206
13510,112481,123218
13511,112458,123231
13512,112468,123220
13513,112465,123218
13514,112451,123230
13515,112477,123227
13516,112462,123231
13517,112461,123238
13518,112457,123227
13519,112471,123244
13520,112463,123228
13521,112430,123222
13522,112439,123243
13523,112452,123227
13524,112454,123249
13525,112441,123215
13526,112434,123227
13527,112434,123239
13528,112429,123259
13529,112426,123259
13530,112429,123227
13531,112456,123242
13532,112441,123261
13533,112427,123237
13534,112450,123248
13535,112439,123261
13536,112426,123257
13537,112461,123242
13538,112446,123256
13539,112440,123260
13540,112437,123259
13541,112430,123242
13542,112439,123271
13543,112428,123280
13544,112457,123251
13545,112445,123274
13546,112471,123261
13547,112455,123215
13548,112426,123149
13549,112414,123102
13550,112383,123042
13551,112388,123043
13552,112367,123025
13553,112379,123025
13554,112418,123034
13555,112418,123056
13556,112392,123084
13557,112428,123133
13558,112460,123138
13559,112448,123180
13560,112423,123160
13561,112438,123165
13562,112460,123197
13563,112473,123191
13564,112427,123203
13565,112479,123206
13566,112456,123225
13567,112459,123224
13568,112457,123243
13569,112477,123245
13570,112482,123247
13571,112479,123267
13572,112466,123257
13573,112457,123239
13574,112488,123257
13575,112476,123249
13576,112462,123240
13577,112459,123238
13578,112463,123244
13579,112469,123226
