n,red,ir
1,1994,14470
2,1995,14466
3,1998,14464
4,1999,14461
5,1993,14468
6,1997,14472
7,1999,14461
8,1994,14474
9,1995,14473
10,1999,14470
11,1999,14472
12,2002,14476
13,1991,14462
14,1987,14465
15,1992,14466
16,1997,14467
17,1998,14466
18,1999,14462
19,1999,14469
20,1992,14472
21,2001,14467
22,1994,14466
23,2004,14458
24,1996,14463
25,1993,14461
26,1992,14466
27,1995,14471
28,2001,14459
29,1994,14467
30,1998,14469
31,2002,14466
32,1989,14457
33,2009,14464
34,2000,14460
35,1999,14466
36,1992,14469
37,1991,14469
38,1991,14467
39,2000,14469
40,1993,14463
41,2002,14469
42,1997,14475
43,1997,14467
44,1996,14474
45,1993,14469
46,1991,14475
47,1992,14474
48,1991,14477
49,1998,14473
50,1998,14476
51,1996,14470
52,1997,14464
53,1993,14472
54,1999,14471
55,1999,14468
56,1994,14470
57,1997,14467
58,1994,14470
59,1988,14475
60,1995,14466
61,1997,14467
62,1995,14468
63,1999,14466
64,2006,14471
65,2001,14474
66,2000,14474
67,1998,14468
68,1995,14472
69,2000,14474
70,2000,14471
71,1998,14473
72,2003,14477
73,2007,14468
74,2000,14468
75,1999,14472
76,2001,14469
77,1999,14467
78,1992,14471
79,1994,14473
80,1992,14471
81,1994,14479
82,1987,14480
83,1995,14470
84,2000,14469
85,1985,14470
86,1993,14474
87,1995,14481
88,1987,14473
89,1990,14475
90,1990,14474
91,1993,14479
92,1988,14473
93,1998,14468
94,1998,14471
95,1987,14477
96,1999,14460
97,1992,14470
98,1993,14467
99,1986,14474
100,1998,14472
101,1994,14473
102,1997,14474
103,1998,14474
104,1999,14477
105,1998,14474
106,1992,14475
107,1997,14475
108,1996,14480
109,1993,14477
110,1996,14469
111,1991,14478
112,1998,14481
113,1995,14484
114,1993,14481
115,1991,14483
116,1999,14477
117,1995,14479
118,1990,14476
119,1992,14479
120,1997,14480
121,2000,14481
122,1996,14477
123,1992,14475
124,1991,14474
125,2000,14482
126,1995,14475
127,1997,14477
128,1994,14472
129,1994,14479
130,1992,14481
131,1995,14478
132,2001,14477
133,1991,14471
134,1992,14483
135,1999,14483
136,1995,14484
137,1993,14487
138,1995,14495
139,1990,14514
140,1991,14499
141,1990,14505
142,1992,14506
143,2002,14494
144,2002,14502
145,2007,14501
146,2004,14500
147,1993,14511
148,2000,14508
149,2000,14501
150,1997,14500
151,1986,14496
152,1988,14496
153,1991,14496
154,1995,14495
155,1996,14495
156,1995,14503
157,1990,14483
158,1991,14490
159,1994,14489
160,1987,14491
161,1991,14488
162,1993,14488
163,1991,14486
164,1986,14498
165,1998,14527
166,2001,14557
167,2026,14605
168,2152,14807
169,2485,15243
170,2847,15656
171,3394,16252
172,4810,17712
173,7822,20463
174,10204,22445
175,11965,24106
176,14759,26633
177,16922,28357
178,17830,29011
179,18331,29407
180,18702,29691
181,18828,29780
182,19321,30155
183,19863,30497
184,20266,30725
185,20471,30821
186,20719,30963
187,21111,31187
188,21655,31574
189,22562,32241
190,24077,33327
191,26456,35171
192,30007,37981
193,34311,41391
194,39480,45560
195,45098,49815
196,50381,54200
197,55489,58680
198,60131,62444
199,63896,65266
200,66310,67064
201,68324,68771
202,69691,69770
203,70924,70609
204,71523,71037
205,71922,71339
206,72226,71551
207,72516,71759
208,73042,72112
209,73504,72432
210,74004,72849
211,75019,73735
212,76171,74632
213,77031,75267
214,77099,75292
215,76489,74860
216,75341,74209
217,74314,73876
218,73687,73846
219,73281,73982
220,72983,74179
221,72801,74409
222,72624,74626
223,72482,74860
224,72375,75088
225,72271,75333
226,72156,75564
227,72038,75793
228,71918,76058
229,71815,76359
230,71701,76640
231,71597,76920
232,71518,77206
233,71475,77476
234,71466,77731
235,71433,77938
236,71401,78134
237,71367,78304
238,71350,78463
239,71355,78621
240,71358,78770
241,71393,78964
242,71424,79144
243,71446,79327
244,71466,79529
245,71498,79735
246,71512,79911
247,71484,80064
248,71464,80190
249,71455,80308
250,71436,80399
251,71419,80461
252,71412,80537
253,71411,80585
254,71396,80629
255,71391,80692
256,71418,80751
257,71427,80797
258,71452,80849
259,71468,80889
260,71471,80905
261,71442,80871
262,71405,80786
263,71304,80595
264,71174,80289
265,71005,79946
266,70831,79578
267,70707,79265
268,70629,79038
269,70567,78906
270,70547,78815
271,70528,78743
272,70510,78694
273,70508,78652
274,70488,78612
275,70476,78580
276,70475,78544
277,70475,78520
278,70466,78499
279,70477,78495
280,70481,78480
281,70511,78502
282,70498,78503
283,70519,78540
284,70552,78576
285,70565,78621
286,70588,78661
287,70595,78682
288,70605,78713
289,70617,78751
290,70618,78769
291,70636,78796
292,70647,78811
293,70666,78823
294,70671,78823
295,70673,78814
296,70671,78805
297,70687,78791
298,70688,78769
299,70690,78767
300,70710,78770
301,70740,78766
302,70756,78765
303,70793,78767
304,70828,78777
305,70861,78785
306,70901,78800
307,70949,78820
308,70997,78837
309,71058,78852
310,71121,78881
311,71181,78908
312,71266,78944
313,71362,78970
314,71463,79019
315,71574,79037
316,71667,79080
317,71757,79106
318,71847,79121
319,71915,79120
320,71980,79121
321,72045,79122
322,72107,79134
323,72341,79246
324,72452,79303
325,72385,79257
326,72460,79266
327,72487,79245
328,72499,79224
329,72506,79194
330,72482,79156
331,72488,79139
332,72498,79103
333,72487,79062
334,72498,79035
335,72522,79025
336,72572,79025
337,72634,78999
338,72699,78965
339,72726,78886
340,72721,78740
341,72685,78558
342,72612,78326
343,72524,78063
344,72432,77784
345,72330,77496
346,72209,77167
347,72080,76843
348,71972,76540
349,71867,76289
350,71778,76093
351,71707,75952
352,71663,75872
353,71637,75836
354,71621,75811
355,71631,75794
356,71629,75795
357,71623,75814
358,71621,75836
359,71628,75868
360,71637,75902
361,71655,75957
362,71670,75998
363,71692,76035
364,71696,76072
365,71693,76108
366,71679,76148
367,71656,76206
368,71640,76261
369,71653,76324
370,71638,76387
371,71648,76441
372,71661,76498
373,71674,76559
374,71685,76592
375,71701,76620
376,71718,76644
377,71715,76661
378,71722,76679
379,71733,76689
380,71760,76722
381,71759,76732
382,71784,76738
383,71806,76758
384,71833,76776
385,71870,76797
386,71902,76812
387,71928,76814
388,71949,76815
389,71966,76802
390,71974,76784
391,71964,76764
392,71967,76755
393,71968,76768
394,71980,76772
395,71993,76763
396,71993,76748
397,72018,76731
398,72024,76705
399,72037,76670
400,72030,76622
401,72015,76571
402,71998,76559
403,71991,76545
404,72005,76543
405,71999,76533
406,72013,76514
407,72016,76503
408,72020,76507
409,72044,76515
410,72071,76535
411,72102,76542
412,72126,76551
413,72144,76568
414,72180,76575
415,72207,76588
416,72267,76593
417,72320,76589
418,72369,76580
419,72398,76549
420,72413,76485
421,72402,76418
422,72366,76319
423,72311,76202
424,72260,76106
425,72205,76003
426,72151,75924
427,72123,75847
428,72078,75787
429,72041,75744
430,72024,75710
431,72013,75686
432,72002,75671
433,71992,75652
434,71977,75649
435,71990,75628
436,71973,75618
437,71965,75617
438,71944,75615
439,71945,75624
440,71953,75619
441,71942,75638
442,71940,75669
443,71942,75712
444,71964,75763
445,71971,75815
446,71994,75849
447,72010,75865
448,72005,75877
449,71998,75909
450,72000,75949
451,72012,76010
452,72021,76058
453,72008,76059
454,72010,76078
455,72027,76113
456,72046,76145
457,72084,76184
458,72101,76223
459,72130,76244
460,72173,76244
461,72176,76222
462,72167,76232
463,72171,76266
464,72172,76298
465,72185,76359
466,72201,76406
467,72227,76452
468,72251,76496
469,72258,76535
470,72271,76574
471,72298,76619
472,72317,76650
473,72336,76675
474,72358,76703
475,72377,76737
476,72386,76769
477,72412,76825
478,72419,76860
479,72451,76885
480,72460,76926
481,72479,76958
482,72495,76985
483,72517,77004
484,72532,77022
485,72557,77030
486,72564,77037
487,72591,77040
488,72600,77040
489,72612,77044
490,72625,77053
491,72649,77064
492,72664,77070
493,72669,77057
494,72652,77008
495,72610,76931
496,72574,76845
497,72517,76765
498,72470,76700
499,72439,76666
500,72416,76618
501,72400,76582
502,72380,76552
503,72372,76535
504,72372,76533
505,72389,76543
506,72396,76538
507,72400,76534
508,72413,76548
509,72416,76538
510,72418,76562
511,72430,76602
512,72444,76642
513,72457,76694
514,72479,76723
515,72499,76789
516,72518,76844
517,72565,76891
518,72584,76921
519,72592,76922
520,72598,76896
521,72578,76869
522,72580,76857
523,72561,76848
524,72594,76870
525,72654,76897
526,72677,76913
527,72703,76893
528,72721,76856
529,72725,76797
530,72727,76732
531,72732,76672
532,72725,76603
533,72718,76549
534,72705,76495
535,72702,76476
536,72705,76481
537,72714,76511
538,72724,76554
539,72754,76603
540,72760,76655
541,72771,76693
542,72806,76736
543,72809,76757
544,72829,76797
545,72829,76829
546,72835,76855
547,72833,76892
548,72847,76929
549,72840,76944
550,72838,76987
551,72859,77025
552,72869,77052
553,72864,77082
554,72874,77110
555,72874,77150
556,72880,77192
557,72899,77220
558,72889,77266
559,72909,77295
560,72927,77339
561,72939,77367
562,72952,77389
563,72951,77406
564,72950,77408
565,72924,77368
566,72876,77271
567,72820,77159
568,72765,77038
569,72708,76922
570,72665,76820
571,72621,76713
572,72587,76640
573,72583,76584
574,72575,76535
575,72574,76497
576,72580,76484
577,72595,76462
578,72604,76467
579,72635,76479
580,72650,76491
581,72668,76471
582,72684,76469
583,72680,76450
584,72691,76443
585,72705,76450
586,72705,76455
587,72714,76455
588,72730,76471
589,72748,76496
590,72754,76512
591,72749,76538
592,72758,76553
593,72765,76577
594,72773,76595
595,72782,76618
596,72792,76615
597,72789,76624
598,72796,76621
599,72796,76629
600,72799,76626
601,72805,76621
602,72794,76601
603,72802,76605
604,72803,76613
605,72805,76618
606,72815,76638
607,72826,76649
608,72826,76648
609,72845,76678
610,72831,76692
611,72840,76719
612,72850,76755
613,72865,76787
614,72871,76813
615,72876,76838
616,72893,76852
617,72897,76860
618,72918,76878
619,72921,76880
620,72922,76884
621,72933,76882
622,72931,76896
623,72936,76896
624,72936,76895
625,72951,76902
626,72956,76906
627,72958,76892
628,72967,76883
629,72974,76884
630,72977,76870
631,72978,76865
632,72985,76859
633,72980,76845
634,72997,76860
635,73002,76862
636,73008,76855
637,72997,76847
638,72982,76821
639,72963,76769
640,72916,76683
641,72867,76558
642,72815,76422
643,72755,76308
644,72717,76178
645,72663,76077
646,72634,75996
647,72615,75942
648,72597,75910
649,72592,75892
650,72602,75891
651,72601,75896
652,72607,75913
653,72620,75937
654,72641,75963
655,72646,76004
656,72642,76037
657,72662,76035
658,72669,76056
659,72679,76055
660,72692,76057
661,72702,76061
662,72714,76056
663,72729,76064
664,72728,76072
665,72741,76081
666,72743,76087
667,72755,76107
668,72774,76116
669,72766,76128
670,72780,76130
671,72789,76125
672,72787,76111
673,72783,76099
674,72778,76099
675,72784,76073
676,72787,76067
677,72781,76064
678,72787,76060
679,72789,76066
680,72800,76071
681,72809,76076
682,72810,76092
683,72819,76100
684,72825,76112
685,72833,76130
686,72850,76143
687,72863,76157
688,72863,76160
689,72875,76173
690,72888,76194
691,72885,76185
692,72898,76191
693,72903,76194
694,72911,76199
695,72910,76195
696,72916,76211
697,72919,76208
698,72937,76212
699,72939,76205
700,72940,76203
701,72944,76194
702,72952,76193
703,72965,76181
704,72959,76179
705,72966,76177
706,72981,76172
707,72980,76159
708,72993,76153
709,72989,76137
710,73004,76129
711,73002,76118
712,73027,76085
713,73026,76073
714,73020,76054
715,73015,76043
716,73012,76042
717,73006,76046
718,73005,76039
719,72985,75967
720,72949,75845
721,72888,75718
722,72832,75591
723,72779,75479
724,72748,75383
725,72716,75298
726,72696,75242
727,72684,75209
728,72677,75182
729,72685,75180
730,72694,75180
731,72701,75199
732,72721,75205
733,72733,75231
734,72747,75242
735,72758,75260
736,72770,75274
737,72780,75278
738,72789,75280
739,72794,75276
740,72807,75286
741,72822,75300
742,72831,75311
743,72855,75329
744,72866,75327
745,72877,75340
746,72881,75339
747,72884,75336
748,72880,75333
749,72884,75333
750,72886,75332
751,72876,75330
752,72878,75338
753,72881,75333
754,72875,75336
755,72879,75331
756,72878,75333
757,72858,75333
758,72876,75336
759,72879,75343
760,72887,75367
761,72896,75381
762,72896,75384
763,72902,75400
764,72913,75429
765,72929,75460
766,72936,75471
767,72950,75481
768,72961,75470
769,72975,75470
770,72964,75474
771,72993,75493
772,73001,75495
773,73007,75499
774,73018,75494
775,73022,75488
776,73013,75493
777,73022,75492
778,73023,75494
779,73022,75489
780,73019,75497
781,73022,75500
782,73025,75498
783,73038,75489
784,73038,75499
785,73040,75490
786,73042,75489
787,73054,75494
788,73047,75487
789,73052,75487
790,73051,75487
791,73059,75494
792,73058,75489
793,73059,75488
794,73064,75485
795,73054,75473
796,73044,75429
797,73008,75363
798,72966,75256
799,72930,75161
800,72888,75057
801,72862,74969
802,72831,74889
803,72819,74839
804,72801,74810
805,72805,74803
806,72805,74801
807,72822,74827
808,72823,74832
809,72831,74848
810,72843,74867
811,72861,74900
812,72873,74945
813,72885,74962
814,72883,74978
815,72886,74994
816,72894,75016
817,72902,75040
818,72910,75062
819,72927,75091
820,72930,75117
821,72936,75139
822,72948,75153
823,72947,75171
824,72951,75177
825,72956,75180
826,72947,75189
827,72957,75191
828,72957,75176
829,72952,75179
830,72961,75175
831,72947,75183
832,72960,75186
833,72966,75183
834,72970,75198
835,72971,75199
836,72978,75204
837,72992,75215
838,72991,75219
839,72995,75237
840,73001,75253
841,73016,75271
842,73014,75294
843,73042,75303
844,73041,75318
845,73056,75326
846,73055,75338
847,73062,75344
848,73068,75348
849,73069,75353
850,73067,75368
851,73074,75380
852,73083,75374
853,73093,75395
854,73101,75391
855,73107,75397
856,73117,75408
857,73122,75404
858,73129,75408
859,73120,75408
860,73124,75415
861,73136,75412
862,73136,75424
863,73150,75434
864,73163,75444
865,73176,75450
866,73182,75461
867,73186,75458
868,73197,75465
869,73201,75476
870,73209,75478
871,73210,75471
872,73216,75482
873,73205,75461
874,73191,75395
875,73155,75320
876,73108,75199
877,73075,75112
878,73025,75019
879,72997,74937
880,72977,74883
881,72959,74857
882,72944,74834
883,72960,74841
884,72974,74864
885,72980,74874
886,72989,74892
887,73003,74916
888,73016,74946
889,73039,74966
890,73046,74990
891,73053,75000
892,73055,75020
893,73055,75033
894,73070,75046
895,73077,75064
896,73093,75087
897,73102,75112
898,73121,75135
899,73138,75151
900,73149,75173
901,73161,75179
902,73168,75183
903,73176,75185
904,73178,75185
905,73159,75184
906,73169,75183
907,73166,75197
908,73175,75175
909,73176,75187
910,73187,75183
911,73186,75174
912,73191,75179
913,73197,75186
914,73214,75185
915,73206,75195
916,73219,75209
917,73237,75227
918,73235,75244
919,73244,75268
920,73260,75276
921,73266,75295
922,73275,75306
923,73288,75329
924,73291,75346
925,73306,75353
926,73303,75369
927,73310,75375
928,73310,75380
929,73317,75400
930,73324,75407
931,73334,75411
932,73343,75419
933,73341,75411
934,73343,75427
935,73349,75442
936,73340,75447
937,73343,75452
938,73348,75454
939,73355,75456
940,73343,75456
941,73346,75468
942,73338,75474
943,73355,75493
944,73351,75502
945,73355,75515
946,73360,75524
947,73362,75544
948,73360,75561
949,73370,75560
950,73367,75561
951,73374,75576
952,73392,75589
953,73395,75601
954,73399,75607
955,73400,75603
956,73390,75575
957,73356,75538
958,73326,75451
959,73271,75358
960,73229,75255
961,73177,75167
962,73154,75084
963,73125,75020
964,73111,74978
965,73098,74960
966,73103,74959
967,73106,74968
968,73108,74977
969,73114,74997
970,73130,75014
971,73141,75035
972,73154,75066
973,73165,75076
974,73166,75089
975,73170,75092
976,73176,75119
977,73175,75107
978,73185,75122
979,73186,75128
980,73197,75130
981,73206,75153
982,73218,75152
983,73219,75178
984,73228,75193
985,73237,75205
986,73235,75215
987,73245,75229
988,73247,75242
989,73244,75240
990,73251,75226
991,73250,75230
992,73248,75222
993,73256,75220
994,73240,75226
995,73248,75232
996,73254,75233
997,73250,75237
998,73260,75264
999,73256,75268
1000,73269,75282
1001,73277,75310
1002,73283,75323
1003,73296,75323
1004,73300,75340
1005,73301,75351
1006,73306,75353
1007,73306,75360
1008,73313,75375
1009,73308,75382
1010,73319,75403
1011,73328,75416
1012,73341,75426
1013,73336,75434
1014,73349,75448
1015,73353,75453
1016,73358,75459
1017,73364,75459
1018,73363,75457
1019,73368,75461
1020,73376,75468
1021,73380,75475
1022,73381,75475
1023,73395,75490
1024,73391,75499
1025,73400,75509
1026,73407,75514
1027,73410,75513
1028,73425,75508
1029,73425,75505
1030,73421,75495
1031,73423,75507
1032,73416,75506
1033,73415,75518
1034,73417,75517
1035,73424,75540
1036,73436,75552
1037,73450,75566
1038,73454,75568
1039,73461,75564
1040,73466,75578
1041,73466,75576
1042,73480,75595
1043,73471,75603
1044,73477,75594
1045,73469,75588
1046,73452,75541
1047,73403,75451
1048,73346,75354
1049,73313,75240
1050,73272,75150
1051,73219,75059
1052,73196,74999
1053,73179,74971
1054,73164,74955
1055,73163,74947
1056,73166,74962
1057,73167,74977
1058,73187,75004
1059,73203,75037
1060,73210,75053
1061,73231,75084
1062,73241,75101
1063,73244,75121
1064,73253,75131
1065,73257,75140
1066,73248,75153
1067,73249,75155
1068,73256,75158
1069,73258,75180
1070,73267,75203
1071,73284,75213
1072,73289,75231
1073,73298,75235
1074,73309,75242
1075,73305,75252
1076,73315,75244
1077,73314,75236
1078,73313,75232
1079,73310,75228
1080,73311,75218
1081,73296,75218
1082,73296,75209
1083,73297,75208
1084,73304,75208
1085,73315,75201
1086,73324,75202
1087,73329,75192
1088,73322,75205
1089,73331,75224
1090,73337,75233
1091,73349,75259
1092,73351,75276
1093,73366,75284
1094,73372,75288
1095,73375,75299
1096,73386,75300
1097,73393,75317
1098,73388,75320
1099,73393,75334
1100,73398,75345
1101,73401,75364
1102,73408,75363
1103,73408,75370
1104,73416,75366
1105,73412,75359
1106,73416,75360
1107,73402,75365
1108,73405,75380
1109,73411,75381
1110,73403,75391
1111,73404,75410
1112,73409,75414
1113,73411,75421
1114,73413,75417
1115,73419,75426
1116,73417,75427
1117,73420,75417
1118,73428,75438
1119,73427,75455
1120,73431,75460
1121,73444,75477
1122,73454,75488
1123,73458,75508
1124,73460,75507
1125,73460,75510
1126,73463,75516
1127,73473,75509
1128,73461,75497
1129,73441,75448
1130,73399,75381
1131,73370,75289
1132,73317,75204
1133,73273,75107
1134,73245,75041
1135,73224,74996
1136,73214,74966
1137,73214,74943
1138,73209,74936
1139,73212,74954
1140,73239,74976
1141,73263,74993
1142,73271,75018
1143,73293,75035
1144,73316,75071
1145,73323,75090
1146,73337,75117
1147,73345,75134
1148,73360,75149
1149,73366,75160
1150,73375,75182
1151,73382,75198
1152,73400,75212
1153,73407,75218
1154,73409,75231
1155,73416,75226
1156,73419,75220
1157,73414,75232
1158,73414,75222
1159,73408,75224
1160,73424,75215
1161,73423,75209
1162,73424,75185
1163,73424,75188
1164,73425,75176
1165,73426,75178
1166,73422,75187
1167,73422,75187
1168,73424,75204
1169,73428,75205
1170,73434,75218
1171,73434,75225
1172,73447,75235
1173,73447,75253
1174,73454,75257
1175,73466,75277
1176,73465,75290
1177,73466,75306
1178,73484,75320
1179,73493,75335
1180,73501,75332
1181,73498,75345
1182,73498,75357
1183,73503,75383
1184,73500,75387
1185,73510,75407
1186,73514,75403
1187,73521,75402
1188,73517,75400
1189,73536,75405
1190,73531,75407
1191,73542,75412
1192,73543,75423
1193,73554,75412
1194,73554,75432
1195,73553,75429
1196,73547,75437
1197,73558,75444
1198,73560,75453
1199,73566,75463
1200,73571,75471
1201,73578,75478
1202,73588,75491
1203,73598,75502
1204,73610,75497
1205,73616,75517
1206,73604,75512
1207,73602,75506
1208,73589,75486
1209,73566,75440
1210,73532,75355
1211,73481,75268
1212,73437,75162
1213,73398,75078
1214,73366,74994
1215,73354,74944
1216,73329,74905
1217,73323,74898
1218,73332,74895
1219,73343,74922
1220,73369,74946
1221,73377,74969
1222,73386,74992
1223,73401,75021
1224,73422,75045
1225,73426,75062
1226,73431,75062
1227,73440,75085
1228,73454,75097
1229,73448,75110
1230,73447,75105
1231,73452,75126
1232,73471,75149
1233,73485,75170
1234,73494,75181
1235,73500,75192
1236,73500,75212
1237,73499,75205
1238,73504,75200
1239,73506,75188
1240,73504,75185
1241,73505,75181
1242,73502,75180
1243,73505,75177
1244,73497,75173
1245,73506,75179
1246,73504,75180
1247,73513,75188
1248,73509,75184
1249,73517,75193
1250,73517,75208
1251,73525,75217
1252,73532,75245
1253,73552,75257
1254,73559,75271
1255,73569,75276
1256,73584,75291
1257,73590,75290
1258,73596,75301
1259,73604,75310
1260,73609,75319
1261,73617,75328
1262,73632,75335
1263,73637,75330
1264,73641,75340
1265,73646,75340
1266,73636,75351
1267,73647,75350
1268,73644,75360
1269,73658,75371
1270,73666,75379
1271,73670,75384
1272,73665,75379
1273,73666,75384
1274,73670,75397
1275,73682,75392
1276,73690,75399
1277,73692,75397
1278,73686,75404
1279,73684,75404
1280,73693,75407
1281,73694,75421
1282,73693,75424
1283,73709,75435
1284,73708,75443
1285,73713,75441
1286,73722,75463
1287,73723,75464
1288,73733,75479
1289,73740,75480
1290,73748,75490
1291,73743,75492
1292,73752,75484
1293,73752,75462
1294,73724,75396
1295,73671,75294
1296,73619,75203
1297,73589,75095
1298,73536,75009
1299,73502,74935
1300,73474,74887
1301,73459,74855
1302,73454,74838
1303,73461,74826
1304,73475,74847
1305,73486,74864
1306,73500,74904
1307,73511,74921
1308,73525,74940
1309,73530,74966
1310,73548,74984
1311,73552,74983
1312,73556,75001
1313,73561,75006
1314,73562,75012
1315,73564,75016
1316,73573,75019
1317,73584,75040
1318,73582,75050
1319,73597,75059
1320,73612,75077
1321,73621,75095
1322,73619,75111
1323,73641,75112
1324,73636,75114
1325,73635,75122
1326,73640,75120
1327,73627,75112
1328,73626,75111
1329,73635,75104
1330,73634,75112
1331,73628,75105
1332,73629,75105
1333,73637,75118
1334,73646,75125
1335,73641,75125
1336,73652,75142
1337,73656,75152
1338,73669,75162
1339,73675,75175
1340,73682,75194
1341,73696,75207
1342,73701,75220
1343,73705,75233
1344,73716,75245
1345,73720,75241
1346,73732,75247
1347,73739,75246
1348,73741,75271
1349,73757,75277
1350,73757,75270
1351,73773,75279
1352,73765,75284
1353,73780,75291
1354,73773,75300
1355,73772,75307
1356,73773,75315
1357,73793,75316
1358,73783,75323
1359,73778,75334
1360,73794,75334
1361,73811,75338
1362,73830,75336
1363,73831,75329
1364,73828,75341
1365,73835,75345
1366,73837,75356
1367,73843,75353
1368,73841,75356
1369,73855,75367
1370,73867,75374
1371,73878,75394
1372,73876,75388
1373,73870,75396
1374,73884,75406
1375,73889,75420
1376,73909,75433
1377,73901,75439
1378,73916,75449
1379,73907,75453
1380,73927,75449
1381,73929,75436
1382,73907,75397
1383,73871,75337
1384,73825,75232
1385,73776,75143
1386,73734,75039
1387,73694,74959
1388,73677,74896
1389,73659,74852
1390,73653,74839
1391,73643,74829
1392,73658,74831
1393,73661,74856
1394,73663,74864
1395,73683,74879
1396,73689,74911
1397,73705,74937
1398,73709,74954
1399,73717,74974
1400,73724,74979
1401,73721,74991
1402,73718,74987
1403,73717,74987
1404,73715,74987
1405,73731,75005
1406,73733,75012
1407,73737,75035
1408,73749,75045
1409,73768,75075
1410,73762,75076
1411,73765,75079
1412,73761,75078
1413,73768,75077
1414,73769,75086
1415,73755,75083
1416,73762,75078
1417,73754,75078
1418,73761,75084
1419,73759,75083
1420,73760,75075
1421,73753,75098
1422,73757,75098
1423,73754,75108
1424,73766,75129
1425,73762,75135
1426,73772,75157
1427,73777,75159
1428,73784,75187
1429,73785,75197
1430,73792,75208
1431,73788,75219
1432,73796,75230
1433,73802,75223
1434,73807,75242
1435,73809,75255
1436,73808,75266
1437,73814,75261
1438,73810,75278
1439,73818,75262
1440,73817,75284
1441,73824,75291
1442,73826,75307
1443,73818,75302
1444,73815,75304
1445,73823,75315
1446,73824,75311
1447,73816,75313
1448,73824,75305
1449,73826,75310
1450,73822,75310
1451,73821,75310
1452,73824,75323
1453,73828,75310
1454,73819,75326
1455,73818,75325
1456,73827,75335
1457,73824,75340
1458,73830,75334
1459,73832,75347
1460,73835,75345
1461,73839,75354
1462,73844,75353
1463,73844,75380
1464,73855,75383
1465,73852,75393
1466,73852,75388
1467,73860,75404
1468,73865,75412
1469,73863,75410
1470,73855,75410
1471,73836,75367
1472,73800,75301
1473,73768,75217
1474,73716,75116
1475,73663,75028
1476,73615,74935
1477,73580,74890
1478,73571,74852
1479,73564,74831
1480,73566,74831
1481,73576,74839
1482,73577,74852
1483,73595,74878
1484,73597,74912
1485,73620,74939
1486,73634,74978
1487,73643,74998
1488,73654,75021
1489,73656,75033
1490,73657,75047
1491,73665,75063
1492,73662,75069
1493,73663,75075
1494,73668,75090
1495,73672,75097
1496,73675,75114
1497,73686,75118
1498,73675,75121
1499,73666,75128
1500,73668,75133
1501,73667,75119
1502,73643,75113
1503,73647,75122
1504,73639,75117
1505,73631,75109
1506,73623,75110
1507,73620,75122
1508,73626,75111
1509,73621,75128
1510,73630,75133
1511,73622,75142
1512,73635,75171
1513,73655,75180
1514,73654,75207
1515,73672,75220
1516,73668,75237
1517,73689,75251
1518,73690,75270
1519,73700,75281
1520,73709,75292
1521,73706,75302
1522,73712,75306
1523,73721,75314
1524,73725,75322
1525,73729,75327
1526,73729,75338
1527,73732,75344
1528,73742,75348
1529,73737,75347
1530,73729,75357
1531,73735,75358
1532,73740,75376
1533,73750,75363
1534,73745,75373
1535,73743,75371
1536,73744,75386
1537,73757,75388
1538,73766,75373
1539,73780,75370
1540,73784,75364
1541,73784,75373
1542,73791,75377
1543,73792,75385
1544,73800,75385
1545,73804,75391
1546,73795,75389
1547,73813,75417
1548,73811,75423
1549,73821,75429
1550,73825,75438
1551,73829,75430
1552,73831,75426
1553,73826,75397
1554,73805,75358
1555,73760,75277
1556,73720,75172
1557,73664,75069
1558,73617,74983
1559,73582,74897
1560,73553,74845
1561,73536,74816
1562,73528,74794
1563,73526,74819
1564,73541,74821
1565,73551,74847
1566,73575,74879
1567,73587,74899
1568,73577,74920
1569,73599,74954
1570,73599,74980
1571,73610,75009
1572,73607,75036
1573,73615,75047
1574,73609,75045
1575,73614,75059
1576,73606,75072
1577,73592,75084
1578,73600,75096
1579,73599,75123
1580,73590,75140
1581,73589,75163
1582,73585,75180
1583,73576,75192
1584,73577,75198
1585,73561,75202
1586,73567,75201
1587,73560,75201
1588,73551,75195
1589,73552,75199
1590,73548,75197
1591,73541,75204
1592,73530,75215
1593,73545,75223
1594,73549,75242
1595,73547,75272
1596,73568,75300
1597,73560,75316
1598,73573,75344
1599,73585,75371
1600,73589,75392
1601,73590,75417
1602,73607,75434
1603,73619,75445
1604,73614,75454
1605,73619,75465
1606,73621,75465
1607,73611,75479
1608,73620,75478
1609,73625,75488
1610,73636,75512
1611,73642,75514
1612,73630,75520
1613,73636,75531
1614,73642,75534
1615,73650,75551
1616,73648,75552
1617,73652,75560
1618,73646,75573
1619,73652,75586
1620,73655,75578
1621,73655,75595
1622,73654,75600
1623,73662,75615
1624,73668,75620
1625,73677,75637
1626,73662,75644
1627,73677,75642
1628,73678,75661
1629,73685,75661
1630,73682,75665
1631,73693,75680
1632,73699,75695
1633,73697,75703
1634,73720,75729
1635,73730,75739
1636,73736,75754
1637,73734,75757
1638,73745,75777
1639,73744,75780
1640,73756,75773
1641,73738,75739
1642,73706,75680
1643,73666,75575
1644,73599,75450
1645,73536,75313
1646,73478,75209
1647,73441,75122
1648,73411,75060
1649,73389,75026
1650,73385,75021
1651,73392,75018
1652,73405,75025
1653,73418,75051
1654,73422,75077
1655,73452,75107
1656,73464,75137
1657,73478,75161
1658,73490,75185
1659,73493,75191
1660,73502,75195
1661,73503,75194
1662,73499,75197
1663,73512,75205
1664,73501,75196
1665,73510,75207
1666,73522,75230
1667,73536,75242
1668,73552,75266
1669,73563,75272
1670,73564,75298
1671,73569,75308
1672,73567,75310
1673,73583,75319
1674,73568,75316
1675,73577,75304
1676,73573,75301
1677,73565,75294
1678,73568,75300
1679,73571,75283
1680,73569,75294
1681,73568,75304
1682,73576,75306
1683,73589,75329
1684,73602,75349
1685,73618,75358
1686,73621,75364
1687,73621,75390
1688,73632,75394
1689,73637,75410
1690,73632,75424
1691,73645,75435
1692,73659,75453
1693,73657,75461
1694,73662,75475
1695,73667,75490
1696,73677,75496
1697,73674,75494
1698,73678,75511
1699,73687,75515
1700,73679,75522
1701,73678,75527
1702,73683,75524
1703,73680,75531
1704,73693,75544
1705,73693,75544
1706,73690,75541
1707,73697,75550
1708,73694,75553
1709,73692,75551
1710,73697,75564
1711,73694,75566
1712,73699,75588
1713,73707,75596
1714,73709,75615
1715,73703,75617
1716,73713,75622
1717,73715,75640
1718,73717,75653
1719,73725,75660
1720,73725,75663
1721,73732,75682
1722,73738,75700
1723,73743,75709
1724,73753,75731
1725,73757,75746
1726,73766,75742
1727,73768,75739
1728,73759,75718
1729,73741,75678
1730,73703,75586
1731,73644,75471
1732,73586,75350
1733,73527,75234
1734,73461,75139
1735,73431,75060
1736,73399,75009
1737,73394,74985
1738,73397,74993
1739,73401,75014
1740,73404,75039
1741,73425,75059
1742,73445,75084
1743,73466,75104
1744,73474,75136
1745,73477,75155
1746,73495,75180
1747,73501,75183
1748,73500,75180
1749,73484,75180
1750,73492,75176
1751,73488,75177
1752,73494,75182
1753,73510,75200
1754,73518,75226
1755,73519,75243
1756,73534,75264
1757,73531,75279
1758,73533,75294
1759,73534,75309
1760,73527,75306
1761,73518,75305
1762,73522,75303
1763,73526,75288
1764,73527,75285
1765,73519,75281
1766,73525,75271
1767,73527,75285
1768,73531,75278
1769,73536,75303
1770,73536,75311
1771,73535,75325
1772,73546,75345
1773,73550,75367
1774,73566,75389
1775,73582,75397
1776,73593,75417
1777,73594,75431
1778,73601,75450
1779,73616,75453
1780,73618,75465
1781,73623,75466
1782,73623,75474
1783,73626,75483
1784,73636,75487
1785,73623,75487
1786,73631,75484
1787,73634,75497
1788,73636,75501
1789,73635,75515
1790,73645,75519
1791,73648,75531
1792,73648,75533
1793,73640,75547
1794,73644,75538
1795,73649,75539
1796,73652,75541
1797,73643,75541
1798,73654,75546
1799,73645,75551
1800,73660,75556
1801,73663,75569
1802,73664,75581
1803,73669,75589
1804,73675,75604
1805,73681,75606
1806,73682,75617
1807,73691,75634
1808,73696,75642
1809,73715,75657
1810,73716,75666
1811,73710,75685
1812,73715,75678
1813,73717,75681
1814,73715,75672
1815,73689,75630
1816,73656,75553
1817,73614,75461
1818,73557,75339
1819,73505,75227
1820,73462,75144
1821,73437,75078
1822,73415,75019
1823,73400,74993
1824,73401,74990
1825,73413,74997
1826,73413,75017
1827,73446,75052
1828,73459,75093
1829,73468,75120
1830,73490,75141
1831,73498,75168
1832,73508,75186
1833,73512,75186
1834,73520,75189
1835,73528,75186
1836,73534,75202
1837,73541,75195
1838,73551,75216
1839,73552,75233
1840,73564,75250
1841,73562,75257
1842,73577,75258
1843,73569,75262
1844,73571,75243
1845,73572,75258
1846,73572,75244
1847,73575,75242
1848,73561,75234
1849,73565,75229
1850,73560,75222
1851,73555,75211
1852,73565,75234
1853,73570,75243
1854,73573,75249
1855,73577,75266
1856,73590,75292
1857,73597,75306
1858,73609,75333
1859,73621,75338
1860,73631,75368
1861,73641,75389
1862,73650,75408
1863,73656,75421
1864,73669,75432
1865,73674,75451
1866,73678,75455
1867,73686,75457
1868,73681,75469
1869,73688,75481
1870,73700,75500
1871,73706,75504
1872,73711,75498
1873,73715,75489
1874,73712,75479
1875,73715,75462
1876,73718,75467
1877,73721,75463
1878,73723,75462
1879,73723,75479
1880,73731,75489
1881,73737,75502
1882,73738,75515
1883,73750,75521
1884,73750,75524
1885,73750,75519
1886,73761,75524
1887,73758,75537
1888,73772,75543
1889,73779,75548
1890,73779,75546
1891,73778,75540
1892,73776,75535
1893,73762,75495
1894,73722,75428
1895,73676,75341
1896,73630,75242
1897,73582,75145
1898,73546,75063
1899,73521,75001
1900,73500,74949
1901,73488,74936
1902,73478,74952
1903,73490,74953
1904,73494,74967
1905,73518,74997
1906,73540,75026
1907,73547,75045
1908,73556,75072
1909,73574,75095
1910,73579,75103
1911,73580,75114
1912,73587,75120
1913,73585,75130
1914,73586,75127
1915,73584,75130
1916,73596,75146
1917,73612,75175
1918,73635,75188
1919,73635,75200
1920,73645,75220
1921,73642,75217
1922,73652,75224
1923,73655,75235
1924,73661,75224
1925,73652,75223
1926,73644,75202
1927,73642,75211
1928,73652,75208
1929,73644,75198
1930,73653,75207
1931,73649,75213
1932,73657,75227
1933,73659,75255
1934,73682,75259
1935,73692,75301
1936,73705,75308
1937,73705,75320
1938,73706,75327
1939,73718,75342
1940,73721,75347
1941,73725,75360
1942,73730,75369
1943,73730,75381
1944,73743,75399
1945,73744,75415
1946,73756,75414
1947,73753,75430
1948,73750,75438
1949,73760,75439
1950,73762,75447
1951,73769,75443
1952,73764,75443
1953,73770,75450
1954,73768,75453
1955,73771,75458
1956,73767,75462
1957,73776,75473
1958,73791,75487
1959,73794,75491
1960,73795,75492
1961,73800,75507
1962,73808,75515
1963,73823,75534
1964,73814,75535
1965,73817,75538
1966,73824,75554
1967,73831,75579
1968,73841,75574
1969,73838,75581
1970,73839,75577
1971,73845,75571
1972,73825,75542
1973,73800,75501
1974,73766,75409
1975,73699,75310
1976,73643,75189
1977,73595,75102
1978,73568,75011
1979,73531,74963
1980,73518,74931
1981,73512,74923
1982,73515,74913
1983,73524,74943
1984,73533,74962
1985,73546,74972
1986,73570,74999
1987,73586,75011
1988,73594,75029
1989,73599,75028
1990,73588,75031
1991,73590,75015
1992,73581,75023
1993,73587,75024
1994,73595,75017
1995,73591,75025
1996,73591,75045
1997,73605,75070
1998,73632,75089
1999,73637,75110
2000,73662,75145
2001,73672,75159
2002,73676,75163
2003,73674,75174
2004,73681,75181
2005,73686,75183
2006,73681,75174
2007,73682,75174
2008,73680,75165
2009,73688,75174
2010,73675,75167
2011,73683,75175
2012,73674,75181
2013,73694,75192
2014,73694,75216
2015,73713,75231
2016,73725,75247
2017,73729,75259
2018,73747,75278
2019,73744,75289
2020,73751,75299
2021,73755,75326
2022,73763,75326
2023,73781,75346
2024,73785,75348
2025,73790,75353
2026,73797,75358
2027,73801,75377
2028,73800,75374
2029,73801,75386
2030,73804,75394
2031,73816,75407
2032,73812,75420
2033,73811,75417
2034,73813,75419
2035,73818,75430
2036,73813,75431
2037,73686,75183
2038,73825,75428
2039,73820,75429
2040,73835,75435
2041,73831,75441
2042,73833,75450
2043,73833,75462
2044,73842,75469
2045,73848,75488
2046,73854,75487
2047,73857,75501
2048,73856,75499
2049,73858,75520
2050,73868,75530
2051,73868,75544
2052,73874,75559
2053,73880,75559
2054,73888,75578
2055,73894,75590
2056,73910,75596
2057,73897,75594
2058,73901,75587
2059,73894,75574
2060,73873,75530
2061,73832,75450
2062,73773,75341
2063,73720,75228
2064,73678,75114
2065,73627,75022
2066,73589,74945
2067,73571,74904
2068,73564,74892
2069,73563,74893
2070,73566,74901
2071,73576,74932
2072,73591,74951
2073,73599,74977
2074,73605,74990
2075,73617,75010
2076,73625,75018
2077,73619,75020
2078,73631,75018
2079,73625,74999
2080,73618,74983
2081,73610,74982
2082,73615,74984
2083,73612,74987
2084,73632,75008
2085,73629,75036
2086,73643,75066
2087,73663,75098
2088,73682,75114
2089,73689,75144
2090,73693,75166
2091,73691,75173
2092,73704,75175
2093,73692,75163
2094,73699,75161
2095,73696,75169
2096,73702,75157
2097,73687,75162
2098,73691,75175
2099,73698,75172
2100,73698,75180
2101,73696,75191
2102,73702,75212
2103,73714,75222
2104,73733,75230
2105,73737,75247
2106,73742,75267
2107,73760,75286
2108,73770,75307
2109,73776,75315
2110,73769,75321
2111,73791,75343
2112,73787,75346
2113,73784,75356
2114,73806,75362
2115,73799,75365
2116,73806,75371
2117,73811,75369
2118,73809,75373
2119,73803,75390
2120,73820,75404
2121,73815,75415
2122,73821,75419
2123,73825,75436
2124,73832,75438
2125,73821,75452
2126,73832,75454
2127,73834,75448
2128,73840,75459
2129,73839,75461
2130,73846,75458
2131,73843,75472
2132,73854,75484
2133,73857,75485
2134,73857,75487
2135,73853,75499
2136,73866,75505
2137,73860,75524
2138,73869,75514
2139,73866,75531
2140,73882,75541
2141,73887,75549
2142,73889,75551
2143,73885,75552
2144,73888,75560
2145,73887,75561
2146,73899,75579
2147,73894,75588
2148,73899,75597
2149,73909,75618
2150,73920,75624
2151,73922,75635
2152,73922,75640
2153,73941,75654
2154,73932,75650
2155,73939,75646
2156,73934,75641
2157,73934,75619
2158,73905,75573
2159,73855,75487
2160,73800,75364
2161,73736,75240
2162,73684,75141
2163,73636,75055
2164,73610,75007
2165,73590,74964
2166,73584,74951
2167,73589,74961
2168,73600,74977
2169,73602,74993
2170,73623,75006
2171,73631,75040
2172,73641,75064
2173,73651,75083
2174,73655,75085
2175,73665,75086
2176,73668,75099
2177,73663,75089
2178,73661,75086
2179,73645,75076
2180,73650,75078
2181,73646,75096
2182,73663,75106
2183,73677,75128
2184,73688,75149
2185,73691,75183
2186,73707,75197
2187,73712,75205
2188,73726,75220
2189,73727,75223
2190,73720,75224
2191,73713,75220
2192,73706,75220
2193,73706,75221
2194,73706,75212
2195,73711,75224
2196,73708,75218
2197,73703,75210
2198,73704,75222
2199,73702,75234
2200,73714,75250
2201,73720,75278
2202,73733,75281
2203,73733,75312
2204,73738,75326
2205,73749,75343
2206,73752,75354
2207,73768,75371
2208,73764,75387
2209,73765,75397
2210,73771,75405
2211,73777,75419
2212,73782,75419
2213,73787,75427
2214,73791,75423
2215,73780,75429
2216,73795,75447
2217,73797,75453
2218,73793,75454
2219,73799,75458
2220,73791,75459
2221,73804,75480
2222,73803,75490
2223,73810,75497
2224,73805,75490
2225,73809,75502
2226,73809,75505
2227,73813,75521
2228,73823,75524
2229,73817,75525
2230,73809,75535
2231,73828,75552
2232,73830,75561
2233,73839,75561
2234,73835,75566
2235,73836,75582
2236,73853,75573
2237,73849,75584
2238,73856,75600
2239,73858,75600
2240,73865,75605
2241,73865,75618
2242,73867,75627
2243,73875,75632
2244,73879,75645
2245,73879,75653
2246,73892,75662
2247,73893,75670
2248,73894,75682
2249,73911,75697
2250,73906,75702
2251,73912,75704
2252,73903,75706
2253,73914,75694
2254,73889,75667
2255,73856,75607
2256,73805,75490
2257,73754,75410
2258,73705,75293
2259,73648,75202
2260,73611,75132
2261,73582,75086
2262,73562,75049
2263,73569,75053
2264,73578,75058
2265,73590,75088
2266,73591,75118
2267,73627,75149
2268,73635,75176
2269,73652,75213
2270,73673,75239
2271,73680,75261
2272,73680,75277
2273,73683,75285
2274,73691,75289
2275,73696,75303
2276,73693,75314
2277,73704,75323
2278,73719,75343
2279,73723,75356
2280,73736,75369
2281,73735,75370
2282,73746,75383
2283,73738,75374
2284,73747,75377
2285,73740,75372
2286,73738,75373
2287,73734,75371
2288,73731,75362
2289,73732,75357
2290,73736,75352
2291,73728,75371
2292,73734,75377
2293,73739,75386
2294,73740,75390
2295,73743,75411
2296,73754,75435
2297,73764,75453
2298,73779,75475
2299,73783,75490
2300,73806,75516
2301,73800,75525
2302,73806,75536
2303,73819,75548
2304,73818,75569
2305,73818,75570
2306,73821,75590
2307,73830,75603
2308,73835,75604
2309,73834,75605
2310,73834,75604
2311,73838,75616
2312,73832,75621
2313,73834,75627
2314,73839,75636
2315,73840,75639
2316,73840,75642
2317,73844,75643
2318,73847,75647
2319,73848,75652
2320,73858,75661
2321,73844,75665
2322,73863,75666
2323,73867,75674
2324,73864,75692
2325,73868,75687
2326,73873,75697
2327,73881,75700
2328,73881,75716
2329,73884,75714
2330,73886,75722
2331,73899,75733
2332,73898,75735
2333,73905,75754
2334,73895,75757
2335,73913,75756
2336,73902,75764
2337,73904,75769
2338,73919,75781
2339,73926,75799
2340,73936,75791
2341,73931,75808
2342,73935,75811
2343,73947,75819
2344,73958,75830
2345,73954,75843
2346,73956,75848
2347,73954,75859
2348,73961,75861
2349,73957,75840
2350,73928,75788
2351,73881,75697
2352,73817,75572
2353,73764,75451
2354,73705,75327
2355,73666,75241
2356,73639,75159
2357,73601,75112
2358,73592,75093
2359,73593,75097
2360,73588,75114
2361,73602,75137
2362,73633,75163
2363,73638,75196
2364,73658,75227
2365,73667,75252
2366,73683,75267
2367,73700,75296
2368,73694,75291
2369,73698,75294
2370,73697,75288
2371,73687,75287
2372,73689,75289
2373,73699,75293
2374,73699,75295
2375,73703,75317
2376,73725,75335
2377,73724,75366
2378,73744,75365
2379,73744,75374
2380,73749,75388
2381,73745,75387
2382,73755,75393
2383,73757,75401
2384,73760,75399
2385,73757,75399
2386,73741,75389
2387,73758,75403
2388,73745,75408
2389,73750,75404
2390,73757,75407
2391,73760,75418
2392,73770,75439
2393,73779,75450
2394,73795,75461
2395,73799,75480
2396,73806,75489
2397,73813,75507
2398,73827,75520
2399,73837,75548
2400,73841,75569
2401,73853,75579
2402,73853,75592
2403,73867,75604
2404,73865,75605
2405,73864,75616
2406,73875,75614
2407,73878,75613
2408,73866,75619
2409,73875,75613
2410,73878,75622
2411,73862,75637
2412,73870,75646
2413,73879,75650
2414,73886,75658
2415,73887,75659
2416,73886,75665
2417,73886,75668
2418,73895,75669
2419,73891,75682
2420,73894,75689
2421,73900,75690
2422,73897,75694
2423,73897,75704
2424,73903,75712
2425,73903,75716
2426,73913,75721
2427,73918,75725
2428,73917,75731
2429,73919,75738
2430,73924,75758
2431,73932,75766
2432,73931,75771
2433,73935,75787
2434,73952,75803
2435,73958,75808
2436,73964,75822
2437,73969,75813
2438,73973,75823
2439,73975,75827
2440,73977,75841
2441,73983,75861
2442,73995,75857
2443,74000,75879
2444,74024,75892
2445,74022,75879
2446,74016,75874
2447,73994,75845
2448,73978,75787
2449,73917,75694
2450,73859,75577
2451,73812,75455
2452,73754,75340
2453,73700,75253
2454,73678,75188
2455,73658,75139
2456,73651,75114
2457,73645,75110
2458,73652,75124
2459,73662,75144
2460,73676,75168
2461,73693,75196
2462,73703,75214
2463,73719,75237
2464,73741,75266
2465,73743,75277
2466,73758,75291
2467,73762,75288
2468,73765,75291
2469,73757,75292
2470,73747,75270
2471,73761,75289
2472,73758,75282
2473,73763,75312
2474,73776,75326
2475,73787,75353
2476,74024,75892
2477,73817,75361
2478,73820,75378
2479,73811,75369
2480,73822,75383
2481,73821,75386
2482,73821,75379
2483,73811,75380
2484,73820,75377
2485,73823,75373
2486,73826,75375
2487,73825,75372
2488,73832,75379
2489,73831,75388
2490,73831,75397
2491,73835,75417
2492,73857,75438
2493,73866,75459
2494,73871,75473
2495,73885,75483
2496,73882,75499
2497,73890,75515
2498,73898,75526
2499,73903,75539
2500,73905,75549
2501,73908,75569
2502,73915,75564
2503,73924,75578
2504,73923,75581
2505,73926,75592
2506,73919,75604
2507,73927,75617
2508,73925,75608
2509,73938,75611
2510,73938,75622
2511,73950,75635
2512,73942,75623
2513,73944,75631
2514,73943,75632
2515,73947,75637
2516,73948,75645
2517,73945,75652
2518,73949,75650
2519,73943,75666
2520,73953,75654
2521,73938,75670
2522,73954,75673
2523,73952,75683
2524,73953,75694
2525,73953,75697
2526,73950,75704
2527,73953,75704
2528,73955,75726
2529,73966,75728
2530,73965,75744
2531,73963,75749
2532,73977,75756
2533,73988,75771
2534,73987,75783
2535,73995,75788
2536,73995,75794
2537,73991,75804
2538,73989,75801
2539,73979,75776
2540,73954,75729
2541,73902,75643
2542,73843,75538
2543,73788,75433
2544,73748,75323
2545,73697,75252
2546,73668,75199
2547,73653,75155
2548,73647,75137
2549,73654,75142
2550,73656,75155
2551,73677,75167
2552,73681,75201
2553,73703,75224
2554,73725,75260
2555,73730,75285
2556,73745,75314
2557,73743,75332
2558,73756,75344
2559,73753,75350
2560,73758,75361
2561,73754,75349
2562,73757,75351
2563,73765,75349
2564,73774,75370
2565,73784,75384
2566,73784,75387
2567,73788,75394
2568,73795,75398
2569,73788,75404
2570,73787,75397
2571,73784,75392
2572,73786,75396
2573,73786,75388
2574,73784,75385
2575,73781,75382
2576,73789,75386
2577,73774,75388
2578,73782,75376
2579,73778,75388
2580,73797,75395
2581,73800,75410
2582,73803,75421
2583,73816,75441
2584,73825,75454
2585,73835,75477
2586,73852,75495
2587,73851,75504
2588,73869,75520
2589,73873,75532
2590,73876,75566
2591,73890,75565
2592,73891,75574
2593,73887,75583
2594,73898,75581
2595,73896,75597
2596,73902,75608
2597,73886,75603
2598,73900,75610
2599,73899,75613
2600,73906,75624
2601,73914,75637
2602,73922,75642
2603,73918,75644
2604,73926,75648
2605,73918,75644
2606,73925,75649
2607,73929,75657
2608,73929,75668
2609,73931,75682
2610,73946,75696
2611,73957,75701
2612,73952,75715
2613,73956,75719
2614,73970,75733
2615,73980,75740
2616,73986,75744
2617,73995,75746
2618,73992,75748
2619,73991,75752
2620,73976,75734
2621,73965,75698
2622,73929,75614
2623,73882,75528
2624,73838,75426
2625,73787,75333
2626,73758,75253
2627,73735,75189
2628,73705,75158
2629,73696,75140
2630,73713,75137
2631,73694,75151
2632,73719,75178
2633,73738,75206
2634,73750,75230
2635,73761,75267
2636,73769,75290
2637,73789,75315
2638,73797,75326
2639,73795,75327
2640,73809,75345
2641,73816,75344
2642,73816,75352
2643,73814,75346
2644,73825,75358
2645,73830,75373
2646,73842,75391
2647,73861,75408
2648,73866,75410
2649,73865,75412
2650,73863,75405
2651,73857,75401
2652,73849,75396
2653,73846,75381
2654,73845,75373
2655,73843,75373
2656,73840,75366
2657,73843,75378
2658,73845,75375
2659,73851,75384
2660,73851,75396
2661,73868,75411
2662,73874,75429
2663,73879,75450
2664,73903,75461
2665,73900,75478
2666,73913,75495
2667,73924,75511
2668,73941,75527
2669,73945,75549
2670,73956,75572
2671,73949,75587
2672,73949,75597
2673,73970,75606
2674,73974,75611
2675,73982,75611
2676,73984,75608
2677,73997,75611
2678,73989,75608
2679,73995,75610
2680,73998,75620
2681,74004,75621
2682,74007,75634
2683,74001,75633
2684,74014,75629
2685,74005,75634
2686,74010,75632
2687,74005,75635
2688,74010,75645
2689,74021,75641
2690,74028,75655
2691,74028,75671
2692,74032,75673
2693,74042,75690
2694,74045,75690
2695,74051,75700
2696,74057,75703
2697,74059,75711
2698,74049,75710
2699,73924,75511
2700,74062,75706
2701,74059,75677
2702,74031,75624
2703,73982,75524
2704,73923,75415
2705,73867,75305
2706,73819,75219
2707,73783,75134
2708,73752,75089
2709,73744,75059
2710,73736,75048
2711,73741,75054
2712,73740,75066
2713,73763,75090
2714,73785,75117
2715,73786,75151
2716,73802,75170
2717,73814,75182
2718,73818,75195
2719,73820,75201
2720,73822,75204
2721,73819,75193
2722,73823,75191
2723,73818,75183
2724,73813,75185
2725,73826,75198
2726,73838,75214
2727,73845,75239
2728,73861,75250
2729,73870,75270
2730,73873,75283
2731,73883,75291
2732,73896,75292
2733,73893,75305
2734,73900,75313
2735,73889,75310
2736,73902,75313
2737,73903,75309
2738,73904,75302
2739,73897,75290
2740,73893,75299
2741,73902,75309
2742,73919,75316
2743,73919,75338
2744,73916,75348
2745,73923,75350
2746,73935,75373
2747,73943,75394
2748,73945,75410
2749,73953,75420
2750,73958,75420
2751,73961,75451
2752,73969,75447
2753,73977,75467
2754,73980,75469
2755,73985,75475
2756,73977,75490
2757,73981,75488
2758,73985,75499
2759,73972,75498
2760,73988,75502
2761,73991,75501
2762,73988,75503
2763,73991,75499
2764,73987,75501
2765,73994,75507
2766,74005,75504
2767,74010,75506
2768,74008,75504
2769,74013,75516
2770,74016,75516
2771,74014,75525
2772,74027,75535
2773,74020,75543
2774,74040,75554
2775,74038,75564
2776,74042,75576
2777,74041,75585
2778,74054,75589
2779,74049,75589
2780,74054,75597
2781,74061,75598
2782,74053,75595
2783,74040,75545
2784,73996,75466
2785,73953,75377
2786,73892,75278
2787,73836,75169
2788,73798,75091
2789,73759,75023
2790,73748,74985
2791,73736,74976
2792,73743,74970
2793,73745,74994
2794,73745,75007
2795,73769,75019
2796,73775,75036
2797,73784,75068
2798,73788,75082
2799,73804,75102
2800,73799,75098
2801,73809,75099
2802,73800,75087
2803,73791,75082
2804,73796,75073
2805,73789,75065
2806,73796,75088
2807,73798,75102
2808,73817,75128
2809,73832,75143
2810,73845,75164
2811,73852,75173
2812,73859,75192
2813,73865,75200
2814,73869,75206
2815,73862,75214
2816,73867,75222
2817,73873,75212
2818,73869,75222
2819,73865,75211
2820,73870,75211
2821,73862,75220
2822,73861,75217
2823,73874,75226
2824,73874,75238
2825,73873,75256
2826,73898,75272
2827,73904,75295
2828,73909,75300
2829,73910,75326
2830,73920,75334
2831,73933,75343
2832,73939,75367
2833,73940,75381
2834,73947,75387
2835,73946,75394
2836,73960,75394
2837,73959,75405
2838,73953,75418
2839,73959,75423
2840,73952,75425
2841,73959,75438
2842,73960,75436
2843,73970,75438
2844,73977,75449
2845,73977,75448
2846,73972,75447
2847,73974,75452
2848,73984,75466
2849,73984,75473
2850,73981,75469
2851,73991,75466
2852,73981,75483
2853,73989,75480
2854,73995,75493
2855,73998,75492
2856,73982,75501
2857,73993,75507
2858,73991,75532
2859,74009,75531
2860,74006,75539
2861,74009,75546
2862,74008,75566
2863,74006,75571
2864,74014,75585
2865,74029,75590
2866,74020,75604
2867,74029,75599
2868,74027,75594
2869,74011,75576
2870,73984,75522
2871,73937,75423
2872,73882,75326
2873,73820,75218
2874,73776,75121
2875,73746,75051
2876,73711,74987
2877,73699,74964
2878,73699,74951
2879,73699,74955
2880,73705,74977
2881,73723,75005
2882,73740,75039
2883,73752,75073
2884,73767,75099
2885,73769,75104
2886,73779,75124
2887,73778,75127
2888,73778,75126
2889,73776,75113
2890,73773,75115
2891,73773,75110
2892,73768,75117
2893,73773,75121
2894,73789,75154
2895,73790,75171
2896,73796,75194
2897,73810,75217
2898,73808,75222
2899,73812,75227
2900,73813,75224
2901,73813,75223
2902,73825,75214
2903,73803,75217
2904,73811,75216
2905,73805,75205
2906,73812,75209
2907,73806,75203
2908,73813,75210
2909,73804,75210
2910,73822,75233
2911,73831,75258
2912,73830,75269
2913,73843,75281
2914,73853,75299
2915,73857,75315
2916,73865,75328
2917,73870,75336
2918,73868,75355
2919,73876,75364
2920,73876,75387
2921,73888,75378
2922,73884,75401
2923,73898,75414
2924,73898,75416
2925,73773,75121
2926,73789,75154
2927,73921,75443
2928,73917,75449
2929,73918,75446
2930,73930,75445
2931,73911,75448
2932,73917,75451
2933,73929,75453
2934,73926,75460
2935,73925,75460
2936,73924,75472
2937,73928,75469
2938,73927,75483
2939,73933,75480
2940,73935,75492
2941,73941,75497
2942,73947,75514
2943,73948,75520
2944,73946,75528
2945,73961,75539
2946,73967,75561
2947,73976,75562
2948,73974,75560
2949,73973,75566
2950,73971,75570
2951,73972,75571
2952,73965,75561
2953,73955,75531
2954,73920,75461
2955,73871,75384
2956,73838,75282
2957,73776,75194
2958,73741,75110
2959,73700,75044
2960,73689,75010
2961,73679,74993
2962,73680,75005
2963,73685,75009
2964,73692,75028
2965,73707,75060
2966,73717,75088
2967,73753,75127
2968,73767,75142
2969,73767,75169
2970,73781,75186
2971,73784,75189
2972,73787,75193
2973,73773,75176
2974,73770,75184
2975,73780,75192
2976,73784,75203
2977,73798,75227
2978,73812,75249
2979,73812,75259
2980,73826,75281
2981,73822,75276
2982,73826,75280
2983,73821,75282
2984,73824,75304
2985,73823,75286
2986,73827,75289
2987,73817,75268
2988,73812,75273
2989,73816,75273
2990,73825,75275
2991,73824,75280
2992,73837,75288
2993,73839,75302
2994,73855,75323
2995,73857,75344
2996,73872,75360
2997,73879,75378
2998,73882,75405
2999,73897,75429
3000,73903,75445
3001,73914,75454
3002,73919,75461
3003,73927,75470
3004,73928,75484
3005,73937,75498
3006,73935,75505
3007,73946,75515
3008,73944,75522
3009,73954,75529
3010,73953,75537
3011,73958,75544
3012,73955,75554
3013,73966,75552
3014,73969,75558
3015,73975,75564
3016,73971,75569
3017,73970,75577
3018,73969,75593
3019,73976,75607
3020,73986,75618
3021,73990,75628
3022,73986,75635
3023,73991,75635
3024,74001,75639
3025,73995,75653
3026,74011,75663
3027,74014,75669
3028,74021,75684
3029,74023,75694
3030,74028,75702
3031,74037,75725
3032,74045,75725
3033,74033,75734
3034,74046,75737
3035,74046,75719
3036,74035,75692
3037,74003,75642
3038,73954,75544
3039,73908,75440
3040,73847,75331
3041,73796,75233
3042,73757,75149
3043,73735,75105
3044,73724,75067
3045,73714,75058
3046,73717,75059
3047,73730,75090
3048,73742,75111
3049,73759,75145
3050,73782,75173
3051,73789,75193
3052,73805,75216
3053,73806,75218
3054,73810,75222
3055,73804,75219
3056,73800,75215
3057,73801,75200
3058,73796,75214
3059,73802,75217
3060,73815,75229
3061,73821,75251
3062,73841,75275
3063,73848,75294
3064,73863,75305
3065,73868,75322
3066,73881,75339
3067,73875,75344
3068,73887,75351
3069,73881,75356
3070,73890,75355
3071,73886,75355
3072,73883,75350
3073,73889,75338
3074,73887,75344
3075,73890,75356
3076,73893,75364
3077,73894,75365
3078,73904,75385
3079,73916,75397
3080,73923,75418
3081,73924,75429
3082,73927,75447
3083,73948,75458
3084,73961,75480
3085,73966,75504
3086,73974,75510
3087,73982,75522
3088,73993,75523
3089,73985,75534
3090,73989,75537
3091,73993,75544
3092,73994,75553
3093,73985,75548
3094,73996,75568
3095,74006,75568
3096,74000,75580
3097,74016,75574
3098,74010,75574
3099,74004,75586
3100,74010,75599
3101,74026,75592
3102,74025,75607
3103,74016,75618
3104,74028,75622
3105,74037,75622
3106,74035,75621
3107,74039,75642
3108,74049,75648
3109,74053,75656
3110,74051,75665
3111,74063,75671
3112,74062,75668
3113,74056,75678
3114,74070,75684
3115,74079,75680
3116,74082,75696
3117,74092,75691
3118,74100,75704
3119,74105,75709
3120,74108,75722
3121,74122,75735
3122,74131,75732
3123,74137,75746
3124,74144,75757
3125,74147,75760
3126,74150,75761
3127,74153,75763
3128,74157,75766
3129,74144,75744
3130,74127,75692
3131,74082,75595
3132,74025,75481
3133,73964,75364
3134,73920,75260
3135,73872,75164
3136,73838,75083
3137,73818,75045
3138,73802,75030
3139,73811,75030
3140,73823,75047
3141,73837,75080
3142,73848,75094
3143,73865,75120
3144,73880,75145
3145,73887,75152
3146,73887,75164
3147,73898,75156
3148,73898,75163
3149,73888,75156
3150,73881,75145
3151,73894,75142
3152,73895,75152
3153,73887,75146
3154,73897,75161
3155,73911,75184
3156,73916,75199
3157,73921,75218
3158,73933,75241
3159,74153,75763
3160,74157,75766
3161,73956,75290
3162,73976,75307
3163,73977,75307
3164,73978,75317
3165,73972,75308
3166,73968,75312
3167,73962,75305
3168,73965,75301
3169,73966,75295
3170,73973,75307
3171,73964,75304
3172,73962,75312
3173,73978,75333
3174,73989,75349
3175,74001,75374
3176,74015,75387
3177,74014,75418
3178,74022,75428
3179,74032,75439
3180,74034,75451
3181,74042,75461
3182,74044,75474
3183,74043,75479
3184,74045,75490
3185,74065,75499
3186,74065,75501
3187,74061,75510
3188,74072,75528
3189,74069,75524
3190,74077,75536
3191,74072,75538
3192,74077,75539
3193,74073,75553
3194,74082,75552
3195,74091,75563
3196,74094,75570
3197,74104,75574
3198,74091,75577
3199,74097,75601
3200,74095,75595
3201,74104,75595
3202,74101,75600
3203,74097,75594
3204,74112,75618
3205,74114,75622
3206,74125,75637
3207,74122,75641
3208,74127,75650
3209,74124,75647
3210,74134,75656
3211,74126,75658
3212,74127,75667
3213,74128,75683
3214,74131,75683
3215,74134,75697
3216,74148,75693
3217,74140,75706
3218,74143,75719
3219,74161,75720
3220,74161,75738
3221,74162,75742
3222,74158,75751
3223,74170,75756
3224,74175,75780
3225,74173,75769
3226,74172,75776
3227,74161,75756
3228,74125,75684
3229,74076,75587
3230,74015,75469
3231,73953,75351
3232,73903,75257
3233,73858,75171
3234,73834,75112
3235,73813,75073
3236,73804,75070
3237,73800,75067
3238,73816,75083
3239,73828,75106
3240,73844,75136
3241,73854,75176
3242,73877,75189
3243,73885,75207
3244,73890,75222
3245,73896,75227
3246,73887,75234
3247,73889,75221
3248,73896,75227
3249,73879,75218
3250,73880,75211
3251,73876,75206
3252,73885,75232
3253,73904,75255
3254,73918,75277
3255,73929,75303
3256,73948,75329
3257,73951,75331
3258,73955,75343
3259,73951,75343
3260,73955,75346
3261,73951,75350
3262,73960,75351
3263,73945,75335
3264,73952,75329
3265,73949,75338
3266,73945,75328
3267,73949,75329
3268,73960,75347
3269,73958,75361
3270,73964,75357
3271,73974,75382
3272,73975,75401
3273,73987,75417
3274,73992,75426
3275,74006,75436
3276,74004,75456
3277,74007,75468
3278,74015,75486
3279,74020,75500
3280,74028,75517
3281,74037,75531
3282,74031,75541
3283,74046,75548
3284,74049,75557
3285,74047,75571
3286,74052,75570
3287,74045,75576
3288,74053,75583
3289,74055,75601
3290,74051,75605
3291,74055,75605
3292,74055,75625
3293,74058,75638
3294,74063,75627
3295,74068,75634
3296,74077,75629
3297,74075,75640
3298,74080,75642
3299,74073,75652
3300,74081,75661
3301,74079,75659
3302,74084,75672
3303,74082,75669
3304,74088,75674
3305,74083,75687
3306,74094,75686
3307,74091,75688
3308,74106,75711
3309,74101,75711
3310,74100,75716
3311,74119,75727
3312,74120,75738
3313,74115,75751
3314,74137,75751
3315,74128,75764
3316,74141,75782
3317,74133,75789
3318,74137,75788
3319,74147,75792
3320,74136,75789
3321,74132,75790
3322,74114,75743
3323,74073,75667
3324,74020,75568
3325,73970,75465
3326,73920,75350
3327,73867,75263
3328,73836,75192
3329,73816,75153
3330,73804,75121
3331,73791,75130
3332,73810,75156
3333,73819,75176
3334,73832,75204
3335,73852,75231
3336,73873,75278
3337,73887,75304
3338,73901,75322
3339,73906,75338
3340,73914,75349
3341,73915,75357
3342,73924,75361
3343,73924,75359
3344,73926,75374
3345,73924,75377
3346,73932,75392
3347,73944,75400
3348,73951,75412
3349,73957,75419
3350,73960,75424
3351,73954,75413
3352,73949,75428
3353,73956,75424
3354,73961,75408
3355,73957,75413
3356,73947,75409
3357,73954,75410
3358,73950,75408
3359,73943,75418
3360,73949,75419
3361,73961,75437
3362,73960,75442
3363,73967,75456
3364,73975,75478
3365,73990,75491
3366,73987,75510
3367,74009,75531
3368,74019,75549
3369,74027,75568
3370,74024,75588
3371,74042,75604
3372,74045,75618
3373,74047,75633
3374,74048,75653
3375,74061,75675
3376,74060,75674
3377,74066,75678
3378,74075,75681
3379,74074,75688
3380,74073,75699
3381,74084,75697
3382,74085,75700
3383,74094,75695
3384,74091,75693
3385,74089,75700
3386,74095,75692
3387,74091,75695
3388,74099,75702
3389,74097,75710
3390,74107,75699
3391,74100,75705
3392,74112,75709
3393,74118,75702
3394,74117,75708
3395,74117,75710
3396,74135,75723
3397,74139,75730
3398,74138,75731
3399,74009,75531
3400,74148,75743
3401,74153,75747
3402,74152,75746
3403,74147,75740
3404,74150,75742
3405,74150,75727
3406,74134,75713
3407,74124,75672
3408,74085,75605
3409,74035,75507
3410,73980,75395
3411,73927,75287
3412,73883,75205
3413,73851,75137
3414,73827,75095
3415,73813,75078
3416,73824,75073
3417,73821,75077
3418,73827,75098
3419,73850,75130
3420,73863,75153
3421,73880,75184
3422,73907,75216
3423,73910,75235
3424,73921,75260
3425,73920,75263
3426,73928,75285
3427,73931,75283
3428,73939,75279
3429,73942,75274
3430,73951,75287
3431,73957,75302
3432,73970,75317
3433,73980,75344
3434,73990,75353
3435,73986,75357
3436,73966,75359
3437,73977,75365
3438,73981,75366
3439,73984,75363
3440,73978,75360
3441,73983,75355
3442,73981,75345
3443,73978,75354
3444,73973,75345
3445,73979,75341
3446,73976,75346
3447,73979,75361
3448,73996,75368
3449,73993,75380
3450,74005,75400
3451,74012,75420
3452,74019,75444
3453,74025,75455
3454,74024,75462
3455,74044,75478
3456,74048,75496
3457,74044,75509
3458,74059,75522
3459,74064,75524
3460,74069,75530
3461,74074,75542
3462,74078,75548
3463,74084,75548
3464,74087,75548
3465,74079,75556
3466,74080,75563
3467,74092,75565
3468,74095,75568
3469,74097,75571
3470,74093,75579
3471,74094,75578
3472,74096,75580
3473,74096,75578
3474,74098,75587
3475,74104,75593
3476,74101,75584
3477,74114,75595
3478,74108,75603
3479,74118,75609
3480,74111,75622
3481,74126,75623
3482,74130,75632
3483,74124,75628
3484,74124,75638
3485,74132,75649
3486,74137,75657
3487,74135,75666
3488,74151,75680
3489,74161,75689
3490,74158,75693
3491,74164,75707
3492,74170,75709
3493,74162,75707
3494,74150,75696
3495,74122,75644
3496,74078,75548
3497,74012,75427
3498,73956,75300
3499,73898,75201
3500,73854,75113
3501,73830,75050
3502,73813,75012
3503,73819,74994
3504,73827,75007
3505,73827,75016
3506,73848,75035
3507,73856,75055
3508,73867,75085
3509,73888,75096
3510,73899,75108
3511,73907,75127
3512,73910,75136
3513,73919,75146
3514,73915,75134
3515,73908,75133
3516,73906,75134
3517,73903,75124
3518,73903,75120
3519,73904,75139
3520,73909,75150
3521,73918,75180
3522,73928,75207
3523,73936,75223
3524,73939,75240
3525,73958,75253
3526,73943,75260
3527,73951,75268
3528,73951,75262
3529,73950,75265
3530,73947,75260
3531,73936,75243
3532,73939,75234
3533,73938,75234
3534,73955,75252
3535,73953,75248
3536,73960,75257
3537,73953,75266
3538,73959,75274
3539,73961,75279
3540,73964,75290
3541,73958,75289
3542,73970,75300
3543,73988,75315
3544,73987,75331
3545,73991,75342
3546,74000,75345
3547,73990,75355
3548,74008,75351
3549,74005,75360
3550,74004,75356
3551,74006,75362
3552,74014,75372
3553,74011,75381
3554,74015,75379
3555,74019,75395
3556,74022,75387
3557,74018,75383
3558,74023,75386
3559,74030,75393
3560,74018,75406
3561,74028,75405
3562,74030,75414
3563,74032,75434
3564,74030,75440
3565,74036,75445
3566,74036,75445
3567,74036,75449
3568,74046,75459
3569,74050,75454
3570,74050,75470
3571,74050,75483
3572,74046,75485
3573,74054,75502
3574,74053,75499
3575,74058,75511
3576,74066,75522
3577,74078,75541
3578,74084,75542
3579,74088,75553
3580,74094,75563
3581,74101,75569
3582,74111,75578
3583,74102,75568
3584,74096,75546
3585,74069,75502
3586,74013,75396
3587,73956,75302
3588,73898,75191
3589,73851,75088
3590,73814,75004
3591,73790,74952
3592,73764,74912
3593,73759,74902
3594,73762,74920
3595,73777,74919
3596,73775,74944
3597,73802,74971
3598,73815,74999
3599,73816,75019
3600,73832,75045
3601,73840,75054
3602,73843,75061
3603,73851,75067
3604,73852,75067
3605,73850,75062
3606,73840,75056
3607,73835,75061
3608,73840,75061
3609,73853,75063
3610,73853,75095
3611,73876,75100
3612,73870,75121
3613,73878,75133
3614,73895,75140
3615,73891,75143
3616,73894,75154
3617,73891,75146
3618,73889,75148
3619,73887,75138
3620,73889,75145
3621,73891,75147
3622,73884,75147
3623,73890,75136
3624,73893,75145
3625,73896,75152
3626,73898,75159
3627,73902,75179
3628,73903,75182
3629,73916,75211
3630,73924,75213
3631,73936,75239
3632,73943,75252
3633,73947,75275
3634,73955,75278
3635,73963,75290
3636,73969,75301
3637,73964,75310
3638,73965,75319
3639,73975,75327
3640,73975,75342
3641,73976,75341
3642,73985,75344
3643,73981,75357
3644,73985,75355
3645,73990,75366
3646,73999,75358
3647,74001,75366
3648,74003,75375
3649,73995,75371
3650,74007,75378
3651,74001,75380
3652,74002,75387
3653,73999,75399
3654,74014,75412
3655,74014,75415
3656,74015,75422
3657,74018,75420
3658,74031,75429
3659,74024,75434
3660,74031,75443
3661,74024,75446
3662,74034,75455
3663,74047,75480
3664,74049,75467
3665,74054,75486
3666,74062,75491
3667,74056,75502
3668,74067,75506
3669,74073,75504
3670,74077,75507
3671,74071,75515
3672,74073,75501
3673,74057,75449
3674,74009,75376
3675,73946,75276
3676,73905,75179
3677,73856,75092
3678,73825,75016
3679,73798,74969
3680,73789,74933
3681,73770,74920
3682,73777,74929
3683,73795,74948
3684,73809,74986
3685,73823,75007
3686,73834,75040
3687,73850,75069
3688,73863,75098
3689,73866,75117
3690,73884,75124
3691,73893,75131
3692,73889,75145
3693,73898,75148
3694,73907,75153
3695,73902,75167
3696,73915,75175
3697,73922,75197
3698,73924,75214
3699,73933,75234
3700,73940,75235
3701,73942,75231
3702,73945,75236
3703,73951,75244
3704,73948,75237
3705,73941,75224
3706,73939,75218
3707,73930,75223
3708,73937,75221
3709,73932,75226
3710,73933,75220
3711,73933,75239
3712,73954,75246
3713,73956,75258
3714,73956,75270
3715,73968,75278
3716,73977,75309
3717,73978,75316
3718,73986,75326
3719,74004,75349
3720,74008,75362
3721,74016,75381
3722,74020,75389
3723,74024,75399
3724,74036,75411
3725,74033,75411
3726,74043,75422
3727,74046,75434
3728,74052,75432
3729,74044,75440
3730,74049,75443
3731,74048,75450
3732,74056,75453
3733,74063,75443
3734,74058,75452
3735,74060,75466
3736,74063,75459
3737,74067,75470
3738,74071,75475
3739,74065,75483
3740,74072,75490
3741,74076,75496
3742,74081,75502
3743,74084,75505
3744,74096,75524
3745,74090,75535
3746,74098,75540
3747,74107,75554
3748,74111,75570
3749,74115,75570
3750,74124,75578
3751,74120,75581
3752,74105,75576
3753,74105,75559
3754,74089,75517
3755,74052,75433
3756,73999,75337
3757,73943,75230
3758,73901,75146
3759,73850,75059
3760,73834,75010
3761,73818,74987
3762,73813,74974
3763,73823,74982
3764,73838,75002
3765,73841,75018
3766,73862,75057
3767,73878,75086
3768,73899,75108
3769,73910,75132
3770,73919,75158
3771,73915,75164
3772,73930,75176
3773,73931,75180
3774,73923,75169
3775,73932,75177
3776,73937,75183
3777,73942,75201
3778,73951,75215
3779,73966,75225
3780,73967,75241
3781,73967,75241
3782,73973,75248
3783,73980,75258
3784,73974,75246
3785,73968,75252
3786,73963,75245
3787,73966,75242
3788,73955,75240
3789,73961,75243
3790,73959,75236
3791,73956,75245
3792,73971,75252
3793,73975,75260
3794,73974,75266
3795,73983,75282
3796,73999,75302
3797,74004,75318
3798,74011,75330
3799,74020,75351
3800,74032,75358
3801,74040,75383
3802,74053,75408
3803,74062,75411
3804,74063,75413
3805,74064,75418
3806,74065,75420
3807,74076,75434
3808,74066,75435
3809,74086,75448
3810,74083,75452
3811,74086,75452
3812,74093,75466
3813,74088,75472
3814,74098,75466
3815,74097,75474
3816,74096,75472
3817,74097,75470
3818,74098,75486
3819,74102,75492
3820,74104,75488
3821,74099,75507
3822,74114,75502
3823,74127,75505
3824,74118,75513
3825,74118,75525
3826,74118,75520
3827,74122,75518
3828,74130,75541
3829,74140,75546
3830,74142,75560
3831,74147,75564
3832,74158,75582
3833,74156,75591
3834,74169,75606
3835,74172,75614
3836,74178,75608
3837,74168,75613
3838,74161,75596
3839,74149,75556
3840,74115,75482
3841,74058,75388
3842,74002,75271
3843,73943,75155
3844,73893,75061
3845,73872,74991
3846,73833,74948
3847,73818,74930
3848,73816,74925
3849,73827,74927
3850,73847,74967
3851,73854,74986
3852,73869,75021
3853,73895,75040
3854,73897,75068
3855,73909,75082
3856,73914,75103
3857,73923,75100
3858,73909,75108
3859,73910,75099
3860,73915,75096
3861,73911,75090
3862,73905,75092
3863,73916,75114
3864,73930,75138
3865,73937,75150
3866,73957,75174
3867,73960,75207
3868,73976,75223
3869,73984,75240
3870,73991,75246
3871,73986,75260
3872,73992,75263
3873,73991,75268
3874,73991,75253
3875,73992,75256
3876,73988,75258
3877,73989,75254
3878,73994,75265
3879,73991,75272
3880,74009,75269
3881,74011,75283
3882,74017,75301
3883,74028,75314
3884,74032,75330
3885,74039,75353
3886,74046,75371
3887,74057,75392
3888,74069,75396
3889,74067,75407
3890,74072,75410
3891,74080,75431
3892,74092,75432
3893,74078,75441
3894,74079,75449
3895,74088,75452
3896,74089,75459
3897,74092,75469
3898,74098,75462
3899,74090,75473
3900,74091,75474
3901,74099,75480
3902,74097,75494
3903,74109,75489
3904,74098,75500
3905,74100,75507
3906,74111,75514
3907,74106,75515
3908,74119,75513
3909,74118,75521
3910,74120,75519
3911,74129,75530
3912,74124,75540
3913,74129,75544
3914,74137,75560
3915,74147,75576
3916,74150,75590
3917,74155,75590
3918,74159,75598
3919,74162,75600
3920,74159,75602
3921,74162,75614
3922,74153,75618
3923,74173,75628
3924,74179,75638
3925,74180,75653
3926,74189,75668
3927,74199,75672
3928,74205,75683
3929,74212,75690
3930,74207,75701
3931,74209,75694
3932,74211,75720
3933,74208,75716
3934,74212,75726
3935,74221,75731
3936,74207,75708
3937,74191,75671
3938,74142,75597
3939,74083,75475
3940,74023,75361
3941,73964,75249
3942,73912,75148
3943,73876,75073
3944,73862,75022
3945,73846,75012
3946,73847,75012
3947,73853,75020
3948,73874,75042
3949,73890,75075
3950,73896,75101
3951,73923,75118
3952,73925,75147
3953,73935,75158
3954,73942,75169
3955,73953,75177
3956,73938,75174
3957,73945,75168
3958,73939,75161
3959,73940,75164
3960,73943,75159
3961,73937,75167
3962,73952,75179
3963,73960,75202
3964,73980,75219
3965,73989,75241
3966,73990,75254
3967,74002,75266
3968,74002,75277
3969,74005,75284
3970,74004,75284
3971,73997,75274
3972,74004,75266
3973,73997,75270
3974,74003,75279
3975,73999,75276
3976,74007,75281
3977,74010,75285
3978,74015,75297
3979,74019,75315
3980,74025,75319
3981,74035,75334
3982,74043,75348
3983,74052,75369
3984,74067,75390
3985,74065,75401
3986,74085,75408
3987,74080,75427
3988,74087,75446
3989,74092,75456
3990,74097,75460
3991,74103,75475
3992,74112,75482
3993,74115,75496
3994,74118,75492
3995,74129,75507
3996,74129,75497
3997,74130,75512
3998,74128,75520
3999,74135,75525
4000,74127,75533
4001,74133,75533
4002,74136,75537
4003,74138,75541
4004,74149,75543
4005,74146,75553
4006,74146,75565
4007,74155,75570
4008,74159,75578
4009,74157,75592
4010,74150,75597
4011,74167,75605
4012,74169,75606
4013,74161,75608
4014,74166,75613
4015,74166,75611
4016,74170,75628
4017,74171,75634
4018,74183,75640
4019,74183,75660
4020,74184,75673
4021,74191,75659
4022,74194,75677
4023,74199,75686
4024,74202,75699
4025,74209,75707
4026,74208,75720
4027,74213,75724
4028,74218,75732
4029,74230,75743
4030,74228,75759
4031,74235,75769
4032,74239,75774
4033,74240,75783
4034,74238,75774
4035,74239,75771
4036,74213,75740
4037,74175,75659
4038,74119,75555
4039,74067,75437
4040,74007,75337
4041,73957,75235
4042,73921,75161
4043,73885,75112
4044,73881,75096
4045,73871,75093
4046,73892,75110
4047,73899,75130
4048,73920,75157
4049,73935,75198
4050,73963,75223
4051,73975,75258
4052,73986,75279
4053,73992,75302
4054,73999,75312
4055,74003,75313
4056,73993,75312
4057,74002,75297
4058,73994,75299
4059,73989,75295
4060,73995,75302
4061,74004,75317
4062,74004,75332
4063,74013,75342
4064,74007,75354
4065,74015,75358
4066,74016,75348
4067,74026,75370
4068,74001,75355
4069,74018,75361
4070,74008,75355
4071,74014,75352
4072,74015,75348
4073,74011,75341
4074,74011,75342
4075,74011,75352
4076,74011,75352
4077,74013,75363
4078,74019,75380
4079,74036,75399
4080,74041,75408
4081,74052,75426
4082,74067,75443
4083,74062,75459
4084,74081,75476
4085,74084,75491
4086,74092,75514
4087,74093,75517
4088,74086,75523
4089,74091,75526
4090,74097,75541
4091,74102,75550
4092,74104,75558
4093,74121,75572
4094,74121,75587
4095,74125,75601
4096,74127,75600
4097,74132,75610
4098,74133,75621
4099,74136,75624
4100,74147,75633
4101,74145,75638
4102,74145,75647
4103,74155,75651
4104,74152,75646
4105,74169,75648
4106,74159,75668
4107,74165,75677
4108,74169,75677
4109,74165,75699
4110,74175,75686
4111,74180,75709
4112,74180,75712
4113,74191,75725
4114,74183,75737
4115,74204,75760
4116,74194,75764
4117,74196,75776
4118,74209,75792
4119,74213,75798
4120,74211,75813
4121,74214,75825
4122,74222,75817
4123,74222,75825
4124,74223,75820
4125,74202,75785
4126,74159,75730
4127,74118,75635
4128,74054,75525
4129,73992,75420
4130,73944,75328
4131,73907,75260
4132,73893,75209
4133,73860,75180
4134,73863,75172
4135,73871,75183
4136,73870,75213
4137,73906,75248
4138,73931,75278
4139,73949,75316
4140,73955,75352
4141,73982,75390
4142,73987,75412
4143,73992,75426
4144,73996,75435
4145,74007,75438
4146,74002,75438
4147,74000,75445
4148,74009,75453
4149,74013,75448
4150,74025,75472
4151,74024,75489
4152,74035,75495
4153,74044,75499
4154,74036,75509
4155,74030,75503
4156,74028,75499
4157,74036,75496
4158,74032,75499
4159,74020,75488
4160,74020,75472
4161,74020,75462
4162,74027,75472
4163,74027,75476
4164,74021,75486
4165,74037,75491
4166,74039,75511
4167,74049,75513
4168,74057,75542
4169,74072,75545
4170,74077,75572
4171,74079,75584
4172,74091,75608
4173,74104,75634
4174,74113,75649
4175,74119,75663
4176,74128,75672
4177,74135,75677
4178,74135,75695
4179,74135,75702
4180,74142,75710
4181,74149,75710
4182,74155,75723
4183,74156,75731
4184,74154,75737
4185,74153,75739
4186,74160,75733
4187,74168,75743
4188,74169,75742
4189,74177,75744
4190,74172,75743
4191,74166,75746
4192,74174,75751
4193,74165,75753
4194,74187,75762
4195,74176,75763
4196,74186,75764
4197,74191,75774
4198,74186,75770
4199,74200,75779
4200,74202,75793
4201,74198,75797
4202,74207,75815
4203,74219,75830
4204,74218,75835
4205,74224,75847
4206,74226,75868
4207,74230,75875
4208,74251,75893
4209,74253,75892
4210,74251,75897
4211,74251,75904
4212,74262,75893
4213,74243,75872
4214,74218,75807
4215,74162,75704
4216,74089,75571
4217,74041,75460
4218,73983,75361
4219,73931,75275
4220,73905,75213
4221,73897,75182
4222,73884,75160
4223,73886,75163
4224,73904,75194
4225,73919,75212
4226,73941,75243
4227,73938,75271
4228,73957,75294
4229,73968,75315
4230,73979,75343
4231,73988,75360
4232,73975,75361
4233,73981,75364
4234,73982,75358
4235,73981,75341
4236,73975,75337
4237,73984,75343
4238,73989,75355
4239,73991,75370
4240,73995,75388
4241,74012,75398
4242,74014,75420
4243,74020,75422
4244,74036,75430
4245,74040,75435
4246,74036,75435
4247,74040,75429
4248,74027,75430
4249,74029,75424
4250,74025,75406
4251,74019,75402
4252,74024,75408
4253,74027,75410
4254,74036,75420
4255,74043,75431
4256,74051,75450
4257,74060,75461
4258,74077,75481
4259,74078,75501
4260,74092,75514
4261,74096,75535
4262,74113,75551
4263,74110,75566
4264,74118,75575
4265,74127,75598
4266,74126,75610
4267,74136,75615
4268,74133,75617
4269,74143,75619
4270,74141,75624
4271,74140,75631
4272,74155,75642
4273,74149,75638
4274,74155,75648
4275,74152,75653
4276,74162,75662
4277,74152,75667
4278,74160,75677
4279,74170,75671
4280,74173,75672
4281,74165,75680
4282,74171,75685
4283,74170,75691
4284,74188,75692
4285,74178,75697
4286,74185,75708
4287,74186,75715
4288,74189,75719
4289,74197,75731
4290,74198,75731
4291,74203,75741
4292,74213,75747
4293,74221,75753
4294,74217,75755
4295,74217,75765
4296,74229,75775
4297,74229,75786
4298,74233,75791
4299,74239,75803
4300,74249,75819
4301,74247,75823
4302,74253,75830
4303,74255,75836
4304,74260,75857
4305,74271,75866
4306,74263,75863
4307,74268,75857
4308,74248,75819
4309,74202,75737
4310,74137,75621
4311,74074,75501
4312,74007,75377
4313,73960,75276
4314,73923,75209
4315,73889,75154
4316,73886,75131
4317,73880,75110
4318,73885,75126
4319,73892,75134
4320,73908,75153
4321,73929,75189
4322,73942,75209
4323,73956,75238
4324,73968,75269
4325,73965,75284
4326,73974,75283
4327,73982,75279
4328,73974,75282
4329,73974,75266
4330,73964,75261
4331,73963,75247
4332,73961,75252
4333,73966,75265
4334,73978,75289
4335,73991,75311
4336,73996,75326
4337,74017,75345
4338,74015,75365
4339,74019,75372
4340,74026,75382
4341,74023,75380
4342,74027,75379
4343,74017,75380
4344,74023,75374
4345,74012,75368
4346,74024,75378
4347,74021,75373
4348,74028,75384
4349,74021,75388
4350,74025,75402
4351,74039,75407
4352,74050,75426
4353,74051,75442
4354,74060,75457
4355,74068,75475
4356,74078,75494
4357,74084,75505
4358,74094,75514
4359,74101,75534
4360,74106,75538
4361,74110,75555
4362,74123,75566
4363,74119,75567
4364,74125,75582
4365,74118,75591
4366,74136,75594
4367,74142,75600
4368,74140,75603
4369,74141,75614
4370,74140,75615
4371,74144,75611
4372,74145,75623
4373,74153,75622
4374,74148,75636
4375,74153,75629
4376,74157,75656
4377,74156,75655
4378,74155,75660
4379,74168,75671
4380,74168,75678
4381,74170,75687
4382,74168,75699
4383,74181,75691
4384,74178,75703
4385,74185,75699
4386,74193,75712
4387,74194,75718
4388,74196,75725
4389,74199,75739
4390,74205,75755
4391,74206,75756
4392,74208,75765
4393,74215,75767
4394,74213,75777
4395,74214,75786
4396,74220,75792
4397,74230,75805
4398,74235,75815
4399,74243,75809
4400,74240,75836
4401,74252,75842
4402,74249,75836
4403,74251,75846
4404,74249,75838
4405,74233,75799
4406,74205,75744
4407,74153,75652
4408,74096,75515
4409,74030,75396
4410,73977,75302
4411,73941,75225
4412,73914,75161
4413,73884,75141
4414,73886,75119
4415,73901,75141
4416,73908,75161
4417,73921,75172
4418,73929,75211
4419,73954,75250
4420,73975,75278
4421,73976,75298
4422,73985,75305
4423,73982,75316
4424,73982,75315
4425,73977,75308
4426,73968,75303
4427,73982,75295
4428,73973,75298
4429,73981,75306
4430,73992,75318
4431,74002,75335
4432,74008,75355
4433,74007,75366
4434,74017,75368
4435,74017,75379
4436,74028,75391
4437,74018,75384
4438,74024,75378
4439,74030,75385
4440,74024,75375
4441,74022,75376
4442,74019,75376
4443,74019,75375
4444,74019,75373
4445,74023,75380
4446,74036,75398
4447,74040,75402
4448,74039,75422
4449,74054,75435
4450,74072,75453
4451,74065,75469
4452,74082,75482
4453,74092,75503
4454,74098,75515
4455,74110,75538
4456,74120,75554
4457,74130,75569
4458,74130,75572
4459,74132,75573
4460,74138,75583
4461,74140,75591
4462,74147,75600
4463,74145,75599
4464,74148,75604
4465,74156,75612
4466,74157,75618
4467,74152,75621
4468,74159,75632
4469,74164,75641
4470,74162,75636
4471,74151,75632
4472,74158,75633
4473,74163,75646
4474,74170,75648
4475,74169,75658
4476,74176,75659
4477,74179,75670
4478,74186,75676
4479,74190,75672
4480,74193,75688
4481,74201,75687
4482,74208,75705
4483,74211,75707
4484,74215,75724
4485,74224,75733
4486,74228,75738
4487,74231,75749
4488,74236,75758
4489,74242,75773
4490,74241,75775
4491,74257,75795
4492,74262,75790
4493,74254,75785
4494,74238,75768
4495,74217,75723
4496,74181,75641
4497,74128,75537
4498,74064,75435
4499,74020,75342
4500,73993,75259
4501,73956,75200
4502,73938,75168
4503,73933,75165
4504,73939,75167
4505,73954,75194
4506,73971,75222
4507,73995,75260
4508,74016,75299
4509,74023,75323
4510,74039,75358
4511,74052,75378
4512,74059,75399
4513,74062,75389
4514,74062,75402
4515,74066,75403
4516,74069,75405
4517,74076,75401
4518,74083,75409
4519,74089,75436
4520,74094,75443
4521,74102,75458
4522,74109,75463
4523,74109,75466
4524,74107,75469
4525,74102,75452
4526,74099,75459
4527,74094,75447
4528,74095,75434
4529,74103,75437
4530,74088,75441
4531,74090,75439
4532,74101,75439
4533,74114,75455
4534,74115,75467
4535,74128,75479
4536,74128,75493
4537,74128,75505
4538,74144,75526
4539,74156,75546
4540,74172,75552
4541,74167,75570
4542,74185,75581
4543,74189,75587
4544,74190,75605
4545,74202,75626
4546,74212,75635
4547,74206,75647
4548,74217,75655
4549,74224,75665
4550,74222,75661
4551,74231,75663
4552,74229,75670
4553,74243,75682
4554,74232,75682
4555,74236,75690
4556,74238,75683
4557,74244,75703
4558,74245,75698
4559,74239,75703
4560,74234,75704
4561,74250,75704
4562,74257,75717
4563,74264,75726
4564,74261,75729
4565,74271,75730
4566,74270,75730
4567,74273,75734
4568,74273,75743
4569,74275,75748
4570,74273,75751
4571,74274,75762
4572,74289,75779
4573,74300,75786
4574,74299,75807
4575,74312,75813
4576,74321,75825
4577,74325,75837
4578,74333,75839
4579,74333,75860
4580,74345,75853
4581,74326,75853
4582,74329,75849
4583,74301,75809
4584,74270,75740
4585,74214,75636
4586,74156,75514
4587,74092,75401
4588,74045,75300
4589,74012,75228
4590,73993,75182
4591,73985,75157
4592,73976,75154
4593,73980,75156
4594,73995,75174
4595,74002,75199
4596,74021,75238
4597,74043,75271
4598,74067,75290
4599,74069,75313
4600,74090,75324
4601,74085,75333
4602,74087,75322
4603,74079,75322
4604,74079,75319
4605,74077,75305
4606,74078,75313
4607,74074,75311
4608,74086,75326
4609,74098,75354
4610,74119,75369
4611,74120,75380
4612,74125,75394
4613,74136,75408
4614,74137,75428
4615,74137,75421
4616,74146,75422
4617,74137,75420
4618,74139,75416
4619,74141,75405
4620,74131,75420
4621,74132,75417
4622,74138,75419
4623,74142,75422
4624,74142,75442
4625,74147,75451
4626,74174,75466
4627,74176,75480
4628,74178,75489
4629,74181,75502
4630,74198,75524
4631,74208,75540
4632,74223,75548
4633,74222,75556
4634,74216,75571
4635,74226,75584
4636,74247,75583
4637,74245,75595
4638,74247,75601
4639,74251,75605
4640,74250,75607
4641,74256,75622
4642,74251,75620
4643,74258,75626
4644,74268,75633
4645,74255,75641
4646,74274,75662
4647,74282,75661
4648,74279,75663
4649,74285,75663
4650,74292,75680
4651,74287,75683
4652,74285,75684
4653,74291,75689
4654,74288,75698
4655,74293,75685
4656,74301,75702
4657,74294,75699
4658,74302,75701
4659,74304,75720
4660,74310,75727
4661,74313,75729
4662,74311,75741
4663,74325,75759
4664,74330,75765
4665,74328,75772
4666,74329,75791
4667,74347,75801
4668,74352,75814
4669,74357,75816
4670,74364,75825
4671,74365,75833
4672,74357,75835
4673,74376,75843
4674,74366,75835
4675,74376,75843
4676,74365,75823
4677,74340,75772
4678,74294,75680
4679,74230,75573
4680,74166,75446
4681,74114,75335
4682,74070,75239
4683,74044,75185
4684,74008,75139
4685,74003,75113
4686,74003,75111
4687,74013,75129
4688,74024,75161
4689,74044,75204
4690,74045,75234
4691,74075,75256
4692,74085,75269
4693,74083,75289
4694,74085,75301
4695,74079,75294
4696,74089,75278
4697,74074,75266
4698,74068,75258
4699,74067,75255
4700,74075,75257
4701,74075,75266
4702,74069,75286
4703,74088,75309
4704,74099,75329
4705,74103,75351
4706,74126,75363
4707,74134,75381
4708,74137,75389
4709,74144,75388
4710,74136,75395
4711,74144,75399
4712,74135,75394
4713,74143,75393
4714,74131,75378
4715,74149,75395
4716,74141,75393
4717,74136,75399
4718,74149,75409
4719,74152,75421
4720,74164,75428
4721,74165,75446
4722,74175,75465
4723,74184,75475
4724,74193,75495
4725,74194,75526
4726,74207,75544
4727,74211,75560
4728,74211,75557
4729,74220,75570
4730,74227,75575
4731,74223,75581
4732,74231,75591
4733,74238,75596
4734,74242,75602
4735,74233,75608
4736,74241,75608
4737,74238,75626
4738,74251,75630
4739,74251,75623
4740,74246,75629
4741,74245,75630
4742,74247,75630
4743,74262,75643
4744,74259,75641
4745,74259,75653
4746,74269,75656
4747,74259,75656
4748,74261,75660
4749,74269,75678
4750,74276,75680
4751,74281,75685
4752,74281,75694
4753,74286,75692
4754,74284,75712
4755,74283,75720
4756,74290,75722
4757,74296,75735
4758,74297,75747
4759,74297,75757
4760,74306,75769
4761,74312,75771
4762,74319,75799
4763,74332,75809
4764,74330,75824
4765,74331,75815
4766,74347,75835
4767,74343,75842
4768,74342,75833
4769,74341,75827
4770,74320,75791
4771,74276,75710
4772,74221,75603
4773,74159,75502
4774,74109,75395
4775,74065,75294
4776,74024,75227
4777,73996,75185
4778,73997,75172
4779,73995,75167
4780,74001,75178
4781,74019,75201
4782,74026,75227
4783,74052,75264
4784,74062,75292
4785,74077,75339
4786,74088,75353
4787,74102,75369
4788,74099,75384
4789,74111,75395
4790,74110,75389
4791,74098,75383
4792,74103,75377
4793,74104,75382
4794,74116,75385
4795,74113,75410
4796,74117,75413
4797,74124,75422
4798,74135,75438
4799,74134,75432
4800,74134,75448
4801,74134,75446
4802,74139,75443
4803,74127,75436
4804,74126,75439
4805,74120,75433
4806,74128,75422
4807,74134,75439
4808,74123,75430
4809,74129,75432
4810,74130,75454
4811,74136,75461
4812,74139,75473
4813,74159,75487
4814,74165,75506
4815,74171,75509
4816,74177,75542
4817,74183,75551
4818,74195,75577
4819,74198,75584
4820,74200,75591
4821,74209,75602
4822,74223,75614
4823,74229,75630
4824,74224,75627
4825,74225,75638
4826,74225,75637
4827,74228,75633
4828,74233,75651
4829,74244,75654
4830,74248,75660
4831,74244,75654
4832,74250,75665
4833,74253,75660
4834,74252,75677
4835,74250,75667
4836,74254,75692
4837,74267,75688
4838,74270,75703
4839,74279,75712
4840,74282,75716
4841,74277,75734
4842,74277,75731
4843,74289,75733
4844,74289,75749
4845,74294,75767
4846,74298,75773
4847,74306,75783
4848,74321,75805
4849,74318,75806
4850,74324,75813
4851,74333,75817
4852,74331,75833
4853,74335,75829
4854,74337,75826
4855,74315,75799
4856,74283,75728
4857,74238,75639
4858,74187,75518
4859,74130,75426
4860,74084,75323
4861,74047,75253
4862,74022,75207
4863,74016,75196
4864,74014,75184
4865,74024,75197
4866,74041,75221
4867,74054,75249
4868,74081,75290
4869,74084,75336
4870,74104,75356
4871,74125,75381
4872,74124,75395
4873,74126,75415
4874,74126,75413
4875,74132,75408
4876,74135,75409
4877,74129,75394
4878,74128,75416
4879,74132,75415
4880,74142,75443
4881,74157,75456
4882,74161,75475
4883,74166,75469
4884,74184,75486
4885,74178,75493
4886,74180,75495
4887,74177,75486
4888,74185,75494
4889,74163,75484
4890,74172,75469
4891,74165,75472
4892,74159,75476
4893,74167,75473
4894,74183,75486
4895,74186,75502
4896,74199,75514
4897,74203,75524
4898,74213,75547
4899,74224,75560
4900,74230,75576
4901,74246,75601
4902,74259,75615
4903,74265,75622
4904,74268,75645
4905,74269,75654
4906,74277,75656
4907,74280,75676
4908,74282,75682
4909,74297,75681
4910,74298,75694
4911,74293,75690
4912,74297,75695
4913,74294,75710
4914,74304,75709
4915,74299,75701
4916,74306,75706
4917,74309,75706
4918,74305,75713
4919,74305,75724
4920,74313,75738
4921,74314,75737
4922,74316,75735
4923,74319,75749
4924,74316,75759
4925,74328,75769
4926,74328,75773
4927,74323,75779
4928,74345,75799
4929,74342,75811
4930,74350,75817
4931,74358,75838
4932,74369,75846
4933,74369,75851
4934,74372,75873
4935,74382,75864
4936,74386,75875
4937,74379,75881
4938,74376,75848
4939,74344,75802
4940,74297,75713
4941,74249,75598
4942,74179,75482
4943,74126,75376
4944,74087,75290
4945,74052,75233
4946,74048,75193
4947,74044,75169
4948,74048,75194
4949,74054,75208
4950,74072,75236
4951,74084,75269
4952,74107,75313
4953,74121,75336
4954,74136,75353
4955,74138,75360
4956,74139,75367
4957,74138,75351
4958,74135,75337
4959,74127,75337
4960,74134,75326
4961,74125,75322
4962,74128,75338
4963,74132,75346
4964,74143,75366
4965,74159,75394
4966,74163,75405
4967,74174,75426
4968,74187,75435
4969,74182,75438
4970,74202,75438
4971,74193,75446
4972,74195,75446
4973,74192,75438
4974,74193,75443
4975,74183,75439
4976,74193,75449
4977,74198,75446
4978,74194,75444
4979,74200,75466
4980,74206,75470
4981,74222,75475
4982,74230,75504
4983,74234,75526
4984,74242,75536
4985,74253,75558
4986,74262,75567
4987,74263,75577
4988,74277,75595
4989,74279,75619
4990,74294,75620
4991,74295,75633
4992,74301,75639
4993,74300,75652
4994,74308,75663
4995,74306,75657
4996,74312,75666
4997,74317,75678
4998,74320,75681
4999,74315,75678
5000,74322,75688
5001,74332,75689
5002,74330,75701
5003,74337,75720
5004,74341,75714
5005,74336,75729
5006,74346,75734
5007,74351,75749
5008,74354,75751
5009,74352,75751
5010,74357,75763
5011,74359,75757
5012,74365,75763
5013,74363,75766
5014,74369,75785
5015,74376,75784
5016,74387,75792
5017,74390,75802
5018,74389,75809
5019,74394,75821
5020,74392,75834
5021,74410,75844
5022,74409,75855
5023,74415,75864
5024,74424,75880
5025,74433,75886
5026,74435,75904
5027,74435,75916
5028,74435,75910
5029,74433,75910
5030,74427,75894
5031,74400,75843
5032,74353,75757
5033,74305,75643
5034,74230,75521
5035,74166,75400
5036,74128,75319
5037,74081,75245
5038,74069,75206
5039,74065,75187
5040,74052,75185
5041,74067,75203
5042,74079,75229
5043,74096,75251
5044,74110,75283
5045,74126,75311
5046,74129,75329
5047,74141,75342
5048,74139,75345
5049,74144,75345
5050,74139,75328
5051,74140,75319
5052,74131,75310
5053,74127,75303
5054,74124,75302
5055,74133,75307
5056,74145,75333
5057,74148,75354
5058,74171,75382
5059,74167,75413
5060,74194,75429
5061,74204,75440
5062,74219,75453
5063,74214,75465
5064,74213,75461
5065,74219,75475
5066,74213,75464
5067,74214,75466
5068,74214,75470
5069,74215,75465
5070,74205,75470
5071,74216,75477
5072,74221,75481
5073,74232,75492
5074,74235,75505
5075,74242,75518
5076,74248,75533
5077,74260,75546
5078,74268,75559
5079,74271,75580
5080,74281,75600
5081,74293,75611
5082,74298,75626
5083,74304,75639
5084,74308,75646
5085,74310,75661
5086,74321,75670
5087,74324,75686
5088,74328,75682
5089,74332,75691
5090,74322,75683
5091,74326,75704
5092,74331,75700
5093,74336,75704
5094,74343,75710
5095,74337,75715
5096,74337,75727
5097,74349,75729
5098,74342,75737
5099,74351,75753
5100,74355,75750
5101,74354,75766
5102,74361,75776
5103,74365,75787
5104,74367,75794
5105,74371,75801
5106,74388,75810
5107,74388,75821
5108,74391,75820
5109,74390,75827
5110,74389,75835
5111,74396,75839
5112,74392,75852
5113,74402,75856
5114,74404,75870
5115,74413,75878
5116,74421,75875
5117,74413,75887
5118,74423,75893
5119,74430,75896
5120,74431,75910
5121,74432,75928
5122,74443,75938
5123,74443,75951
5124,74447,75951
5125,74458,75965
5126,74460,75967
5127,74458,75981
5128,74458,75977
5129,74471,75981
5130,74453,75968
5131,74436,75916
5132,74381,75821
5133,74311,75697
5134,74250,75583
5135,74196,75471
5136,74150,75384
5137,74122,75322
5138,74099,75273
5139,74092,75240
5140,74099,75250
5141,74096,75265
5142,74108,75301
5143,74127,75326
5144,74145,75370
5145,74164,75400
5146,74171,75430
5147,74176,75434
5148,74178,75457
5149,74179,75452
5150,74178,75456
5151,74170,75440
5152,74170,75424
5153,74163,75416
5154,74156,75418
5155,74163,75431
5156,74173,75438
5157,74179,75460
5158,74186,75480
5159,74195,75511
5160,74210,75514
5161,74213,75526
5162,74218,75533
5163,74227,75533
5164,74224,75547
5165,74228,75539
5166,74223,75544
5167,74217,75539
5168,74218,75533
5169,74221,75540
5170,74220,75554
5171,74234,75561
5172,74235,75565
5173,74234,75571
5174,74243,75582
5175,74243,75603
5176,74251,75623
5177,74262,75635
5178,74281,75644
5179,74284,75668
5180,74289,75680
5181,74303,75693
5182,74304,75699
5183,74301,75715
5184,74301,75716
5185,74310,75745
5186,74315,75745
5187,74319,75750
5188,74317,75751
5189,74322,75770
5190,74335,75768
5191,74327,75769
5192,74326,75773
5193,74337,75781
5194,74337,75781
5195,74336,75789
5196,74332,75792
5197,74339,75795
5198,74338,75797
5199,74336,75810
5200,74345,75811
5201,74358,75819
5202,74358,75830
5203,74357,75833
5204,74351,75836
5205,74363,75829
5206,74359,75849
5207,74372,75853
5208,74366,75846
5209,74367,75859
5210,74381,75871
5211,74378,75886
5212,74390,75891
5213,74393,75901
5214,74398,75915
5215,74404,75919
5216,74400,75924
5217,74406,75937
5218,74415,75944
5219,74426,75950
5220,74424,75968
5221,74422,75972
5222,74419,75984
5223,74424,75982
5224,74421,75968
5225,74399,75936
5226,74365,75863
5227,74312,75775
5228,74267,75660
5229,74206,75557
5230,74171,75471
5231,74133,75402
5232,74106,75357
5233,74100,75333
5234,74101,75337
5235,74102,75352
5236,74116,75375
5237,74137,75408
5238,74161,75456
5239,74172,75489
5240,74189,75516
5241,74212,75535
5242,74218,75569
5243,74233,75575
5244,74229,75594
5245,74240,75591
5246,74237,75606
5247,74233,75597
5248,74252,75598
5249,74256,75609
5250,74261,75623
5251,74261,75640
5252,74267,75662
5253,74277,75652
5254,74268,75652
5255,74268,75653
5256,74271,75653
5257,74263,75647
5258,74270,75640
5259,74260,75633
5260,74257,75644
5261,74256,75635
5262,74258,75638
5263,74271,75647
5264,74267,75657
5265,74279,75661
5266,74277,75687
5267,74288,75697
5268,74298,75701
5269,74309,75719
5270,74320,75747
5271,74323,75755
5272,74334,75771
5273,74347,75788
5274,74358,75800
5275,74354,75810
5276,74363,75823
5277,74361,75829
5278,74380,75846
5279,74379,75845
5280,74383,75853
5281,74385,75864
5282,74385,75873
5283,74392,75877
5284,74392,75890
5285,74399,75887
5286,74397,75886
5287,74402,75890
5288,74407,75894
5289,74413,75899
5290,74400,75909
5291,74400,75899
5292,74404,75921
5293,74418,75936
5294,74429,75939
5295,74422,75929
5296,74434,75961
5297,74439,75962
5298,74434,75968
5299,74445,75976
5300,74452,75992
5301,74462,76004
5302,74453,76025
5303,74468,76030
5304,74477,76042
5305,74478,76048
5306,74488,76058
5307,74486,76055
5308,74489,76057
5309,74493,76056
5310,74478,76015
5311,74445,75961
5312,74394,75843
5313,74337,75735
5314,74268,75623
5315,74216,75525
5316,74176,75447
5317,74155,75398
5318,74147,75362
5319,74135,75355
5320,74145,75363
5321,74155,75380
5322,74172,75416
5323,74191,75448
5324,74212,75489
5325,74222,75522
5326,74250,75541
5327,74258,75574
5328,74255,75580
5329,74270,75577
5330,74264,75597
5331,74264,75586
5332,74258,75580
5333,74264,75580
5334,74266,75588
5335,74263,75591
5336,74275,75615
5337,74293,75624
5338,74293,75635
5339,74299,75644
5340,74298,75648
5341,74301,75649
5342,74304,75650
5343,74307,75647
5344,74300,75642
5345,74299,75635
5346,74296,75637
5347,74285,75632
5348,74298,75636
5349,74309,75642
5350,74303,75641
5351,74314,75659
5352,74319,75670
5353,74327,75686
5354,74335,75704
5355,74346,75716
5356,74349,75727
5357,74359,75745
5358,74370,75760
5359,74375,75771
5360,74392,75791
5361,74389,75796
5362,74409,75815
5363,74408,75824
5364,74409,75826
5365,74404,75839
5366,74410,75834
5367,74414,75848
5368,74422,75841
5369,74429,75850
5370,74428,75860
5371,74433,75871
5372,74425,75869
5373,74425,75874
5374,74431,75884
5375,74441,75884
5376,74432,75887
5377,74430,75889
5378,74434,75894
5379,74437,75908
5380,74436,75908
5381,74445,75918
5382,74438,75924
5383,74447,75929
5384,74445,75934
5385,74467,75945
5386,74458,75941
5387,74464,75952
5388,74465,75961
5389,74474,75969
5390,74476,75979
5391,74479,75995
5392,74485,76001
5393,74494,76020
5394,74506,76033
5395,74509,76031
5396,74510,76042
5397,74515,76046
5398,74521,76052
5399,74527,76046
5400,74519,76046
5401,74490,75985
5402,74439,75888
5403,74380,75771
5404,74308,75645
5405,74252,75533
5406,74210,75434
5407,74168,75374
5408,74143,75321
5409,74138,75308
5410,74142,75315
5411,74154,75325
5412,74167,75342
5413,74177,75378
5414,74186,75405
5415,74212,75440
5416,74218,75464
5417,74233,75478
5418,74239,75507
5419,74244,75513
5420,74242,75498
5421,74243,75493
5422,74247,75480
5423,74226,75473
5424,74225,75479
5425,74232,75478
5426,74240,75487
5427,74244,75507
5428,74254,75527
5429,74269,75538
5430,74264,75550
5431,74277,75565
5432,74276,75585
5433,74285,75576
5434,74274,75584
5435,74284,75573
5436,74289,75574
5437,74289,75576
5438,74210,75434
5439,74168,75374
5440,74285,75576
5441,74282,75572
5442,74287,75584
5443,74291,75602
5444,74303,75617
5445,74313,75625
5446,74314,75640
5447,74330,75655
5448,74347,75678
5449,74339,75694
5450,74356,75716
5451,74349,75730
5452,74364,75740
5453,74367,75754
5454,74382,75757
5455,74383,75768
5456,74384,75772
5457,74387,75780
5458,74385,75783
5459,74392,75788
5460,74395,75800
5461,74404,75793
5462,74396,75800
5463,74408,75798
5464,74409,75821
5465,74405,75816
5466,74404,75817
5467,74409,75832
5468,74413,75835
5469,74421,75840
5470,74433,75855
5471,74429,75852
5472,74438,75870
5473,74438,75870
5474,74440,75883
5475,74449,75890
5476,74455,75894
5477,74452,75906
5478,74467,75913
5479,74462,75926
5480,74465,75931
5481,74475,75946
5482,74482,75946
5483,74491,75964
5484,74489,75971
5485,74483,75973
5486,74490,75983
5487,74479,75985
5488,74488,76000
5489,74491,75998
5490,74500,76011
5491,74496,76015
5492,74494,76022
5493,74501,76021
5494,74507,76037
5495,74505,76042
5496,74521,76052
5497,74502,76036
5498,74489,75991
5499,74437,75909
5500,74377,75789
5501,74309,75667
5502,74242,75542
5503,74203,75441
5504,74151,75370
5505,74138,75305
5506,74120,75281
5507,74115,75270
5508,74123,75289
5509,74134,75315
5510,74148,75339
5511,74171,75370
5512,74183,75407
5513,74198,75427
5514,74209,75453
5515,74215,75465
5516,74217,75467
5517,74228,75476
5518,74226,75471
5519,74218,75462
5520,74208,75455
5521,74205,75437
5522,74199,75444
5523,74207,75446
5524,74213,75467
5525,74230,75487
5526,74246,75513
5527,74243,75521
5528,74251,75545
5529,74258,75554
5530,74271,75564
5531,74263,75570
5532,74264,75563
5533,74266,75566
5534,74261,75557
5535,74261,75559
5536,74266,75544
5537,74263,75554
5538,74263,75557
5539,74274,75563
5540,74277,75578
5541,74287,75590
5542,74297,75603
5543,74303,75621
5544,74318,75637
5545,74317,75659
5546,74329,75668
5547,74332,75681
5548,74346,75693
5549,74347,75703
5550,74352,75718
5551,74353,75728
5552,74367,75745
5553,74368,75756
5554,74372,75756
5555,74374,75755
5556,74383,75776
5557,74379,75783
5558,74380,75782
5559,74387,75779
5560,74388,75786
5561,74376,75789
5562,74388,75787
5563,74390,75798
5564,74382,75798
5565,74383,75812
5566,74390,75821
5567,74395,75825
5568,74400,75824
5569,74407,75829
5570,74399,75837
5571,74403,75851
5572,74408,75859
5573,74409,75854
5574,74414,75867
5575,74424,75884
5576,74433,75890
5577,74427,75900
5578,74430,75916
5579,74450,75923
5580,74446,75937
5581,74457,75941
5582,74452,75950
5583,74460,75954
5584,74461,75957
5585,74471,75973
5586,74462,75984
5587,74478,75986
5588,74468,75968
5589,74435,75915
5590,74402,75834
5591,74340,75725
5592,74295,75613
5593,74234,75508
5594,74198,75425
5595,74170,75373
5596,74148,75337
5597,74144,75335
5598,74146,75325
5599,74149,75357
5600,74163,75376
5601,74186,75415
5602,74205,75454
5603,74229,75483
5604,74232,75503
5605,74253,75530
5606,74256,75550
5607,74261,75562
5608,74265,75566
5609,74269,75555
5610,74263,75565
5611,74261,75572
5612,74271,75568
5613,74270,75588
5614,74287,75594
5615,74300,75607
5616,74296,75621
5617,74307,75621
5618,74300,75617
5619,74300,75605
5620,74299,75614
5621,74294,75607
5622,74298,75598
5623,74291,75597
5624,74297,75588
5625,74300,75594
5626,74295,75593
5627,74301,75603
5628,74305,75606
5629,74313,75612
5630,74330,75640
5631,74334,75662
5632,74342,75668
5633,74351,75693
5634,74364,75713
5635,74378,75730
5636,74383,75757
5637,74386,75764
5638,74397,75774
5639,74405,75789
5640,74407,75800
5641,74419,75804
5642,74427,75825
5643,74435,75823
5644,74436,75828
5645,74428,75829
5646,74448,75840
5647,74447,75842
5648,74440,75849
5649,74442,75843
5650,74449,75855
5651,74452,75854
5652,74448,75861
5653,74453,75869
5654,74465,75877
5655,74456,75883
5656,74466,75885
5657,74465,75887
5658,74473,75888
5659,74476,75898
5660,74305,75606
5661,74313,75612
5662,74491,75934
5663,74508,75940
5664,74505,75966
5665,74511,75967
5666,74519,75980
5667,74527,76004
5668,74536,76016
5669,74534,76018
5670,74538,76024
5671,74538,76023
5672,74534,75987
5673,74489,75918
5674,74441,75821
5675,74380,75703
5676,74334,75605
5677,74287,75511
5678,74245,75430
5679,74220,75385
5680,74204,75348
5681,74201,75339
5682,74207,75340
5683,74223,75361
5684,74240,75394
5685,74245,75422
5686,74261,75455
5687,74283,75492
5688,74298,75528
5689,74314,75538
5690,74316,75549
5691,74323,75547
5692,74319,75552
5693,74320,75542
5694,74321,75530
5695,74315,75534
5696,74322,75539
5697,74331,75556
5698,74338,75573
5699,74346,75588
5700,74348,75597
5701,74367,75617
5702,74361,75610
5703,74374,75623
5704,74366,75620
5705,74372,75619
5706,74368,75607
5707,74370,75607
5708,74365,75612
5709,74361,75607
5710,74348,75608
5711,74354,75613
5712,74366,75619
5713,74366,75625
5714,74376,75633
5715,74380,75646
5716,74396,75662
5717,74399,75687
5718,74414,75701
5719,74425,75730
5720,74423,75736
5721,74436,75747
5722,74443,75766
5723,74440,75772
5724,74453,75786
5725,74464,75794
5726,74457,75801
5727,74468,75804
5728,74461,75825
5729,74480,75821
5730,74475,75833
5731,74479,75833
5732,74487,75839
5733,74486,75848
5734,74484,75847
5735,74498,75849
5736,74494,75864
5737,74486,75861
5738,74490,75872
5739,74499,75882
5740,74496,75879
5741,74505,75884
5742,74503,75883
5743,74515,75901
5744,74515,75895
5745,74515,75904
5746,74525,75919
5747,74523,75915
5748,74530,75927
5749,74533,75938
5750,74538,75955
5751,74541,75963
5752,74541,75964
5753,74553,75979
5754,74557,75993
5755,74565,75996
5756,74574,76000
5757,74571,76007
5758,74565,76002
5759,74569,75991
5760,74553,75970
5761,74523,75899
5762,74468,75805
5763,74408,75686
5764,74353,75556
5765,74297,75461
5766,74250,75369
5767,74222,75308
5768,74205,75282
5769,74200,75270
5770,74207,75270
5771,74221,75292
5772,74249,75334
5773,74253,75357
5774,74267,75390
5775,74275,75423
5776,74297,75434
5777,74296,75453
5778,74292,75452
5779,74298,75449
5780,74305,75442
5781,74294,75425
5782,74288,75419
5783,74284,75414
5784,74285,75414
5785,74301,75429
5786,74306,75453
5787,74316,75475
5788,74323,75494
5789,74347,75521
5790,74346,75529
5791,74355,75546
5792,74359,75544
5793,74349,75554
5794,74354,75552
5795,74354,75554
5796,74350,75539
5797,74346,75541
5798,74355,75536
5799,74349,75539
5800,74349,75550
5801,74369,75558
5802,74366,75564
5803,74372,75586
5804,74382,75587
5805,74391,75602
5806,74402,75619
5807,74408,75632
5808,74414,75657
5809,74432,75675
5810,74429,75690
5811,74441,75699
5812,74441,75716
5813,74451,75727
5814,74448,75731
5815,74452,75744
5816,74461,75749
5817,74453,75753
5818,74470,75766
5819,74466,75771
5820,74472,75779
5821,74473,75782
5822,74465,75779
5823,74466,75779
5824,74469,75798
5825,74465,75798
5826,74474,75812
5827,74474,75818
5828,74481,75812
5829,74486,75815
5830,74480,75830
5831,74479,75829
5832,74482,75838
5833,74482,75840
5834,74484,75849
5835,74499,75851
5836,74493,75859
5837,74506,75868
5838,74510,75877
5839,74510,75890
5840,74509,75894
5841,74517,75904
5842,74513,75902
5843,74520,75911
5844,74532,75929
5845,74539,75940
5846,74538,75945
5847,74547,75961
5848,74550,75967
5849,74547,75977
5850,74555,75980
5851,74559,75988
5852,74555,75995
5853,74559,75987
5854,74544,75946
5855,74504,75882
5856,74454,75770
5857,74375,75638
5858,74318,75524
5859,74274,75429
5860,74239,75349
5861,74201,75298
5862,74191,75272
5863,74183,75264
5864,74197,75282
5865,74212,75307
5866,74221,75321
5867,74249,75370
5868,74251,75399
5869,74277,75429
5870,74286,75437
5871,74297,75456
5872,74304,75470
5873,74300,75460
5874,74295,75455
5875,74284,75446
5876,74284,75441
5877,74275,75429
5878,74271,75430
5879,74289,75442
5880,74299,75462
5881,74307,75488
5882,74555,75980
5883,74559,75988
5884,74333,75527
5885,74326,75533
5886,74334,75550
5887,74330,75549
5888,74336,75543
5889,74323,75549
5890,74331,75543
5891,74331,75542
5892,74332,75542
5893,74339,75545
5894,74340,75549
5895,74344,75548
5896,74339,75567
5897,74340,75582
5898,74349,75598
5899,74364,75614
5900,74385,75636
5901,74395,75655
5902,74395,75674
5903,74396,75690
5904,74411,75703
5905,74409,75716
5906,74414,75713
5907,74416,75730
5908,74418,75736
5909,74427,75740
5910,74430,75744
5911,74436,75748
5912,74429,75752
5913,74425,75754
5914,74431,75762
5915,74440,75772
5916,74443,75785
5917,74437,75783
5918,74448,75795
5919,74448,75801
5920,74444,75809
5921,74447,75804
5922,74442,75812
5923,74442,75811
5924,74441,75814
5925,74446,75820
5926,74449,75833
5927,74453,75833
5928,74450,75839
5929,74461,75855
5930,74462,75865
5931,74460,75877
5932,74462,75890
5933,74475,75902
5934,74483,75905
5935,74477,75911
5936,74486,75911
5937,74484,75926
5938,74496,75937
5939,74499,75948
5940,74502,75953
5941,74502,75957
5942,74488,75935
5943,74468,75867
5944,74419,75796
5945,74369,75683
5946,74306,75572
5947,74263,75483
5948,74233,75396
5949,74194,75340
5950,74187,75324
5951,74185,75317
5952,74199,75328
5953,74211,75351
5954,74226,75390
5955,74248,75428
5956,74262,75459
5957,74282,75490
5958,74295,75521
5959,74315,75555
5960,74313,75569
5961,74328,75575
5962,74330,75585
5963,74330,75598
5964,74333,75595
5965,74332,75597
5966,74332,75610
5967,74345,75623
5968,74355,75643
5969,74360,75647
5970,74360,75651
5971,74364,75659
5972,74358,75645
5973,74360,75645
5974,74363,75651
5975,74348,75644
5976,74351,75639
5977,74349,75634
5978,74345,75634
5979,74349,75624
5980,74359,75635
5981,74360,75649
5982,74367,75654
5983,74375,75667
5984,74387,75686
5985,74409,75702
5986,74404,75720
5987,74408,75737
5988,74432,75753
5989,74427,75773
5990,74442,75790
5991,74453,75809
5992,74458,75824
5993,74464,75838
5994,74469,75845
5995,74477,75854
5996,74481,75862
5997,74476,75868
5998,74485,75874
5999,74488,75884
6000,74491,75889
6001,74498,75899
6002,74488,75904
6003,74498,75910
6004,74496,75912
6005,74503,75914
6006,74503,75916
6007,74504,75909
6008,74498,75932
6009,74508,75939
6010,74515,75943
6011,74507,75944
6012,74515,75950
6013,74518,75969
6014,74522,75961
