n,red,ir
798,163690,175980
799,163697,175957
800,163691,175959
801,163719,175992
802,163722,175961
803,163745,175998
804,163759,175991
805,163756,176000
806,163774,175985
807,163770,176003
808,163736,175969
809,163729,175943
810,163735,175898
811,163689,175836
812,163648,175787
813,163637,175720
814,163586,175632
815,163562,175576
816,163546,175529
817,163497,175453
818,163479,175399
819,163441,175359
820,163395,175324
821,163379,175317
822,163408,175317
823,163375,175316
824,163348,175360
825,163388,175357
826,163385,175381
827,163426,175384
828,163435,175422
829,163469,175438
830,163492,175469
831,163471,175492
832,163512,175547
833,163535,175538
834,163551,175564
835,163543,175613
836,163553,175618
837,163549,175635
838,163565,175638
839,163584,175633
840,163541,175618
841,163572,175652
842,163567,175636
843,163572,175652
844,163575,175676
845,163573,175694
846,163604,175698
847,163589,175717
848,163616,175707
849,163611,175738
850,163590,175708
851,163604,175724
852,163605,175720
853,163591,175723
854,163596,175699
855,163592,175696
856,163575,175692
857,163611,175700
858,163558,175676
859,163567,175709
860,163600,175714
861,163588,175696
862,163589,175703
863,163563,175712
864,163556,175725
865,163595,175718
866,163592,175743
867,163581,175730
868,163573,175733
869,163578,175756
870,163570,175762
871,163576,175764
872,163569,175755
873,163560,175743
874,163542,175686
875,163526,175637
876,163495,175560
877,163462,175502
878,163454,175486
879,163449,175455
880,163452,175464
881,163469,175459
882,163459,175462
883,163463,175499
884,163462,175511
885,163461,175507
886,163486,175518
887,163483,175536
888,163477,175538
889,163446,175560
890,163476,175548
891,163478,175541
892,163466,175561
893,163471,175584
894,163456,175563
895,163467,175563
896,163478,175587
897,163484,175607
898,163497,175629
899,163480,175646
900,163484,175652
901,163493,175664
902,163484,175653
903,163469,175671
904,163493,175661
905,163486,175674
906,163486,175696
907,163463,175677
908,163497,175680
909,163468,175684
910,163480,175685
911,163503,175690
912,163480,175673
913,163460,175699
914,163471,175713
915,163508,175699
916,163476,175697
917,163491,175732
918,163504,175739
919,163486,175746
920,163504,175752
921,163498,175770
922,163508,175785
923,163499,175781
924,163533,175792
925,163537,175794
926,163523,175812
927,163533,175819
928,163509,175825
929,163517,175833
930,163524,175814
931,163547,175842
932,163520,175841
933,163503,175857
934,163526,175843
935,163520,175859
936,163524,175840
937,163498,175844
938,163539,175836
939,163500,175830
940,163489,175802
941,163473,175752
942,163432,175697
943,163426,175629
944,163398,175575
945,163374,175535
946,163367,175523
947,163363,175508
948,163361,175515
949,163375,175525
950,163363,175536
951,163351,175543
952,163377,175538
953,163381,175571
954,163376,175560
955,163355,175586
956,163381,175570
957,163365,175576
958,163397,175583
959,163394,175614
960,163370,175591
961,163395,175627
962,163385,175618
963,163389,175642
964,163409,175661
965,163414,175676
966,163431,175691
967,163418,175701
968,163455,175731
969,163407,175712
970,163426,175707
971,163416,175696
972,163418,175732
973,163402,175736
974,163405,175735
975,163421,175734
976,163434,175733
977,163402,175736
978,163446,175782
979,163425,175738
980,163428,175778
981,163447,175788
982,163448,175793
983,163451,175847
984,163495,175846
985,163470,175871
986,163499,175912
987,163501,175915
988,163497,175887
989,163509,175891
990,163512,175922
991,163508,175934
992,163520,175966
993,163534,175969
994,163544,175968
995,163550,175999
996,163542,175987
997,163571,175987
998,163559,175994
999,163571,175988
1000,163554,176011
1001,163553,175991
1002,163548,176012
1003,163562,176000
1004,163559,176023
1005,163568,176009
1006,163563,176023
1007,163576,176002
1008,163580,176014
1009,163569,176013
1010,163562,176004
1011,163582,175993
1012,163557,175987
1013,163559,175955
1014,163539,175929
1015,163503,175861
1016,163497,175813
1017,163465,175776
1018,163446,175723
1019,163437,175694
1020,163443,175710
1021,163423,175702
1022,163425,175707
1023,163411,175711
1024,163413,175763
1025,163463,175766
1026,163442,175758
1027,163459,175775
1028,163456,175789
1029,163425,175787
1030,163455,175799
1031,163463,175814
1032,163430,175816
1033,163462,175836
1034,163466,175839
1035,163445,175861
1036,163475,175904
1037,163464,175870
1038,163474,175874
1039,163492,175926
1040,163487,175932
1041,163487,175941
1042,163486,175941
1043,163490,175934
1044,163485,175959
1045,163490,175960
1046,163496,175930
1047,163498,175934
1048,163504,175934
1049,163501,175955
1050,163497,175955
1051,163494,175944
1052,163508,175975
1053,163516,175996
1054,163525,175988
1055,163507,175985
1056,163515,175998
1057,163512,175997
1058,163515,176018
1059,163517,175999
1060,163511,176010
1061,163518,176028
1062,163522,176036
1063,163538,176018
1064,163515,176033
1065,163525,176051
1066,163523,176058
1067,163530,176074
1068,163544,176053
1069,163540,176050
1070,163525,176076
1071,163543,176054
1072,163546,176076
1073,163540,176071
1074,163542,176075
1075,163538,176085
1076,163545,176086
1077,163552,176080
1078,163547,176088
1079,163544,176080
1080,163594,176135
1081,163594,176123
1082,163607,176135
1083,163611,176142
1084,163607,176145
1085,163611,176152
1086,163601,176170
1087,163610,176145
1088,163618,176125
1089,163582,176087
1090,163560,176039
1091,163579,176004
1092,163535,175997
1093,163580,175981
1094,163517,175918
1095,163542,175928
1096,163549,175955
1097,163528,175930
1098,163521,175952
1099,163545,175974
1100,163557,175984
1101,163560,175973
1102,163544,175977
1103,163536,176001
1104,163568,175993
1105,163542,175998
1106,163548,176013
1107,163584,176006
1108,163563,176023
1109,163541,176044
1110,163564,176045
1111,163569,176068
1112,163609,176066
1113,163572,176070
1114,163575,176063
1115,163582,176063
1116,163581,176096
1117,163594,176087
1118,163594,176107
1119,163584,176083
1120,163569,176088
1121,163569,176116
1122,163580,176082
1123,163565,176083
1124,163593,176093
1125,163575,176116
1126,163577,176103
1127,163591,176115
1128,163577,176124
1129,163567,176126
1130,163571,176130
1131,163601,176132
1132,163614,176145
1133,163602,176146
1134,163599,176146
1135,163587,176149
1136,163600,176152
1137,163608,176143
1138,163596,176154
1139,163625,176196
1140,163606,176179
1141,163604,176174
1142,163604,176162
1143,163586,176168
1144,163608,176157
1145,163614,176173
1146,163604,176185
1147,163617,176167
1148,163612,176184
1149,163597,176176
1150,163592,176173
1151,163595,176144
1152,163569,176175
1153,163592,176178
1154,163586,176180
1155,163571,176168
1156,163593,176154
1157,163549,176147
1158,163564,176110
1159,163533,176057
1160,163548,176047
1161,163496,175988
1162,163493,175980
1163,163467,175956
1164,163478,175940
1165,163503,175949
1166,163492,175970
1167,163489,175989
1168,163478,175982
1169,163498,176011
1170,163498,176002
1171,163493,176025
1172,163484,176006
1173,163507,176049
1174,163499,176037
1175,163511,176055
1176,163528,176054
1177,163540,176068
1178,163534,176076
1179,163524,176107
1180,163546,176092
1181,163546,176112
1182,163541,176106
1183,163550,176090
1184,163532,176099
1185,163538,176100
1186,163533,176096
1187,163546,176097
1188,163518,176101
1189,163539,176088
1190,163506,176089
1191,163525,176079
1192,163548,176088
1193,163543,176115
1194,163524,176103
1195,163530,176106
1196,163530,176120
1197,163514,176117
1198,163545,176113
1199,163530,176126
1200,163541,176112
1201,163519,176112
1202,163536,176144
1203,163535,176119
1204,163549,176118
1205,163548,176129
1206,163537,176136
1207,163539,176118
1208,163544,176130
1209,163550,176138
1210,163549,176135
1211,163569,176164
1212,163550,176148
1213,163555,176157
1214,163550,176150
1215,163559,176155
1216,163550,176137
1217,163538,176151
1218,163564,176152
1219,163582,176170
1220,163550,176130
1221,163549,176127
1222,163541,176109
1223,163516,176060
1224,163479,176021
1225,163498,175965
1226,163470,175945
1227,163453,175923
1228,163451,175919
1229,163445,175911
1230,163433,175886
1231,163424,175902
1232,163434,175952
1233,163492,175893
1234,163470,175926
1235,163457,175963
1236,163472,175969
1237,163511,175996
1238,163501,176002
1239,163488,175964
1240,163465,176001
1241,163476,176019
1242,163486,176014
1243,163484,176004
1244,163477,176004
1245,163487,176034
1246,163485,176035
1247,163498,176044
1248,163479,176057
1249,163520,176068
1250,163487,176067
1251,163496,176076
1252,163503,176071
1253,163476,176073
1254,163514,176072
1255,163504,176052
1256,163498,176038
1257,163513,176055
1258,163478,176046
1259,163467,176047
1260,163460,176048
1261,163490,176044
1262,163465,176065
1263,163465,176050
1264,163458,176060
1265,163506,176058
1266,163497,176076
1267,163493,176065
1268,163487,176068
1269,163491,176080
1270,163510,176062
1271,163502,176100
1272,163499,176094
1273,163499,176114
1274,163524,176087
1275,163503,176122
1276,163520,176130
1277,163516,176119
1278,163514,176133
1279,163523,176146
1280,163527,176140
1281,163532,176156
1282,163537,176163
1283,163548,176162
1284,163540,176189
1285,163564,176180
1286,163533,176169
1287,163557,176168
1288,163541,176183
1289,163554,176176
1290,163533,176161
1291,163537,176122
1292,163509,176067
1293,163502,176035
1294,163461,175996
1295,163470,175959
1296,163459,175943
1297,163439,175939
1298,163439,175919
1299,163429,175913
1300,163451,175931
1301,163445,175927
1302,163429,175929
1303,163446,175935
1304,163493,175948
1305,163449,175941
1306,163437,175956
1307,163441,175956
1308,163420,175961
1309,163438,175967
1310,163445,175935
1311,163435,175954
1312,163416,175972
1313,163428,175963
1314,163440,175968
1315,163453,175948
1316,163415,175969
1317,163440,175963
1318,163437,175980
1319,163424,175985
1320,163445,176002
1321,163440,175994
1322,163414,175984
1323,163428,175986
1324,163444,175992
1325,163438,176023
1326,163449,176044
1327,163423,176028
1328,163435,176033
1329,163460,176057
1330,163450,176074
1331,163491,176084
1332,163480,176079
1333,163487,176105
1334,163484,176116
1335,163491,176136
1336,163510,176149
1337,163502,176141
1338,163497,176160
1339,163508,176160
1340,163531,176196
1341,163526,176164
1342,163541,176163
1343,163528,176157
1344,163526,176168
1345,163533,176192
1346,163527,176200
1347,163521,176200
1348,163523,176189
1349,163543,176202
1350,163543,176212
1351,163532,176211
1352,163524,176204
1353,163547,176210
1354,163520,176186
1355,163534,176233
1356,163520,176222
1357,163533,176217
1358,163543,176221
1359,163501,176202
1360,163503,176172
1361,163515,176138
1362,163460,176098
1363,163474,176057
1364,163453,176061
1365,163462,176038
1366,163454,176043
1367,163458,176070
1368,163467,176043
1369,163440,176066
1370,163469,176068
1371,163475,176059
1372,163465,176084
1373,163466,176096
1374,163460,176123
1375,163478,176105
1376,163475,176134
1377,163510,176150
1378,163507,176144
1379,163492,176137
1380,163497,176141
1381,163508,176190
1382,163495,176176
1383,163493,176172
1384,163528,176186
1385,163497,176181
1386,163510,176182
1387,163516,176174
1388,163499,176167
1389,163501,176167
1390,163490,176164
1391,163481,176186
1392,163509,176187
1393,163509,176189
1394,163506,176200
1395,163500,176208
1396,163515,176229
1397,163526,176202
1398,163517,176226
1399,163533,176235
1400,163532,176235
1401,163506,176258
1402,163538,176237
1403,163548,176240
1404,163547,176243
1405,163531,176266
1406,163531,176256
1407,163522,176262
1408,163524,176254
1409,163536,176234
1410,163522,176242
1411,163519,176247
1412,163515,176256
1413,163521,176257
1414,163518,176269
1415,163522,176260
1416,163539,176252
1417,163520,176248
1418,163507,176245
1419,163524,176267
1420,163558,176278
1421,163550,176255
1422,163541,176273
1423,163545,176260
1424,163553,176230
1425,163532,176230
1426,163471,176210
1427,163505,176171
1428,163486,176149
1429,163463,176095
1430,163453,176056
1431,163441,176054
1432,163440,176058
1433,163449,176037
1434,163443,176079
1435,163442,176082
1436,163455,176111
1437,163472,176094
1438,163483,176137
1439,163477,176143
1440,163470,176113
1441,163474,176131
1442,163467,176148
1443,163472,176136
1444,163471,176150
1445,163485,176141
1446,163467,176161
1447,163472,176163
1448,163472,176162
1449,163487,176152
1450,163478,176170
1451,163502,176133
1452,163461,176142
1453,163468,176140
1454,163475,176125
1455,163491,176131
1456,163465,176106
1457,163467,176116
1458,163465,176130
1459,163488,176120
1460,163461,176135
1461,163493,176156
1462,163494,176135
1463,163506,176155
1464,163481,176163
1465,163507,176172
1466,163507,176174
1467,163497,176199
1468,163508,176159
1469,163505,176155
1470,163510,176165
1471,163507,176191
1472,163531,176181
1473,163509,176187
1474,163492,176188
1475,163533,176200
1476,163527,176232
1477,163488,176206
1478,163500,176204
1479,163495,176191
1480,163513,176195
1481,163510,176208
1482,163541,176218
1483,163520,176244
1484,163518,176233
1485,163516,176241
1486,163518,176232
1487,163542,176237
1488,163527,176243
1489,163543,176251
1490,163556,176259
1491,163527,176208
1492,163519,176186
1493,163491,176150
1494,163495,176090
1495,163466,176060
1496,163456,176030
1497,163442,176009
1498,163448,176000
1499,163430,175990
1500,163420,175986
1501,163446,176003
1502,163435,176018
1503,163439,175998
1504,163455,176021
1505,163448,176020
1506,163474,176057
1507,163474,176051
1508,163452,176061
1509,163456,176052
1510,163468,176061
1511,163426,176068
1512,163471,176086
1513,163457,176075
1514,163468,176088
1515,163454,176089
1516,163480,176086
1517,163492,176086
1518,163468,176101
1519,163466,176116
1520,163466,176130
1521,163479,176123
1522,163474,176116
1523,163483,176114
1524,163482,176102
1525,163467,176117
1526,163473,176115
1527,163490,176111
1528,163478,176117
1529,163487,176120
1530,163501,176123
1531,163491,176139
1532,163506,176161
1533,163527,176146
1534,163518,176165
1535,163498,176161
1536,163508,176145
1537,163521,176176
1538,163535,176181
1539,163532,176166
1540,163535,176171
1541,163572,176173
1542,163550,176181
1543,163548,176179
1544,163551,176197
1545,163547,176180
1546,163573,176173
1547,163557,176195
1548,163540,176196
1549,163568,176190
1550,163568,176227
1551,163528,176204
1552,163548,176212
1553,163575,176213
1554,163559,176230
1555,163591,176237
1556,163555,176251
1557,163547,176240
1558,163557,176249
1559,163561,176252
1560,163550,176244
1561,163533,176225
1562,163503,176198
1563,163515,176161
1564,163511,176132
1565,163481,176080
1566,163463,176064
1567,163463,176040
1568,163451,176034
1569,163440,176019
1570,163445,176009
1571,163453,176009
1572,163446,176040
1573,163437,176051
1574,163462,176064
1575,163444,176061
1576,163472,176055
1577,163456,176064
1578,163455,176068
1579,163462,176058
1580,163457,176078
1581,163466,176071
1582,163454,176085
1583,163480,176096
1584,163454,176086
1585,163470,176123
1586,163474,176112
1587,163458,176130
1588,163466,176129
1589,163463,176125
1590,163454,176117
1591,163457,176119
1592,163473,176122
1593,163438,176111
1594,163464,176102
1595,163463,176113
1596,163489,176115
1597,163469,176131
1598,163507,176155
1599,163473,176136
1600,163455,176132
1601,163463,176124
1602,163456,176119
1603,163473,176139
1604,163489,176141
1605,163471,176164
1606,163468,176147
1607,163466,176169
1608,163490,176185
1609,163465,176162
1610,163480,176178
1611,163471,176172
1612,163473,176176
1613,163484,176172
1614,163472,176189
1615,163472,176194
1616,163467,176189
1617,163483,176193
1618,163498,176199
1619,163490,176205
1620,163508,176207
1621,163504,176207
1622,163498,176199
1623,163468,176207
1624,163481,176206
1625,163500,176203
1626,163484,176208
1627,163499,176208
1628,163475,176212
1629,163479,176216
1630,163490,176219
1631,163466,176239
1632,163475,176217
1633,163495,176192
1634,163498,176171
1635,163453,176121
1636,163465,176104
1637,163453,176081
1638,163437,176086
1639,163410,176042
1640,163418,176022
1641,163394,176034
1642,163425,176043
1643,163419,176071
1644,163419,176078
1645,163464,176108
1646,163451,176094
1647,163448,176101
1648,163446,176075
1649,163440,176114
1650,163436,176113
1651,163431,176103
1652,163425,176115
1653,163430,176109
1654,163441,176104
1655,163468,176207
1656,163442,176119
1657,163444,176146
1658,163439,176126
1659,163436,176122
1660,163451,176128
1661,163453,176151
1662,163444,176166
1663,163431,176162
1664,163460,176132
1665,163446,176114
1666,163447,176116
1667,163483,176146
1668,163430,176130
1669,163443,176148
1670,163455,176150
1671,163458,176180
1672,163465,176150
1673,163477,176159
1674,163473,176179
1675,163453,176169
1676,163458,176152
1677,163454,176175
1678,163445,176154
1679,163451,176175
1680,163469,176148
1681,163467,176183
1682,163465,176184
1683,163460,176178
1684,163458,176163
1685,163442,176167
1686,163459,176168
1687,163450,176162
1688,163444,176148
1689,163466,176187
1690,163441,176182
1691,163439,176160
1692,163440,176167
1693,163434,176157
1694,163437,176165
1695,163427,176164
1696,163428,176167
1697,163449,176211
1698,163428,176160
1699,163443,176174
1700,163450,176180
1701,163430,176162
1702,163427,176148
1703,163419,176096
1704,163421,176129
1705,163401,176042
1706,163384,175996
1707,163360,176006
1708,163376,175995
1709,163346,175976
1710,163365,175964
1711,163358,175984
1712,163364,176009
1713,163374,176021
1714,163378,176028
1715,163383,176021
1716,163371,176022
1717,163382,176037
1718,163388,176035
1719,163392,176048
1720,163398,176066
1721,163405,176070
1722,163418,176083
1723,163419,176070
1724,163395,176096
1725,163394,176107
1726,163399,176089
1727,163408,176089
1728,163407,176089
1729,163384,176079
1730,163399,176076
1731,163383,176082
1732,163372,176103
1733,163400,176058
1734,163374,176086
1735,163386,176089
1736,163443,176104
1737,163401,176088
1738,163397,176103
1739,163422,176117
1740,163431,176116
1741,163373,176096
1742,163384,176110
1743,163403,176107
1744,163377,176130
1745,163409,176125
1746,163396,176145
1747,163416,176141
1748,163415,176142
1749,163391,176147
1750,163403,176136
1751,163412,176181
1752,163375,176148
1753,163403,176178
1754,163423,176167
1755,163423,176177
1756,163404,176182
1757,163402,176163
1758,163414,176171
1759,163387,176163
1760,163383,176165
1761,163409,176153
1762,163402,176170
1763,163397,176159
1764,163381,176171
1765,163385,176158
1766,163385,176170
1767,163387,176177
1768,163395,176201
1769,163402,176162
1770,163401,176168
1771,163380,176176
1772,163381,176168
1773,163397,176173
1774,163404,176175
1775,163366,176147
1776,163362,176135
1777,163354,176105
1778,163342,176079
1779,163323,176060
1780,163305,175995
1781,163296,175982
1782,163275,175973
1783,163289,175923
1784,163286,175927
1785,163284,175925
1786,163278,175927
1787,163250,175947
1788,163290,175942
1789,163260,175948
1790,163266,175954
1791,163267,175950
1792,163282,175935
1793,163279,175985
1794,163264,175972
1795,163273,175976
1796,163295,175976
1797,163273,175998
1798,163321,176015
1799,163303,176020
1800,163294,176016
1801,163295,176046
1802,163312,176044
1803,163319,176050
1804,163308,176053
1805,163300,176067
1806,163312,176052
1807,163323,176062
1808,163312,176098
1809,163323,176085
1810,163320,176077
1811,163320,176096
1812,163327,176090
1813,163343,176097
1814,163344,176172
1815,163339,176112
1816,163333,176120
1817,163339,176142
1818,163337,176163
1819,163343,176158
1820,163341,176195
1821,163343,176162
1822,163369,176183
1823,163348,176169
1824,163341,176157
1825,163342,176176
1826,163360,176182
1827,163345,176204
1828,163346,176194
1829,163372,176213
1830,163363,176185
1831,163361,176196
1832,163363,176213
1833,163359,176209
1834,163349,176210
1835,163368,176200
1836,163382,176215
1837,163363,176228
1838,163367,176234
1839,163384,176249
1840,163386,176250
1841,163405,176256
1842,163382,176245
1843,163388,176257
1844,163374,176262
1845,163408,176242
1846,163372,176267
1847,163390,176273
1848,163387,176293
1849,163390,176279
1850,163395,176274
1851,163403,176275
1852,163383,176276
1853,163376,176264
1854,163379,176255
1855,163399,176218
1856,163356,176178
1857,163345,176149
1858,163353,176126
1859,163342,176100
1860,163328,176085
1861,163314,176077
1862,163312,176088
1863,163337,176093
1864,163351,176112
1865,163331,176107
1866,163366,176124
1867,163342,176131
1868,163350,176152
1869,163354,176171
1870,163343,176146
1871,163342,176142
1872,163360,176176
1873,163392,176177
1874,163352,176183
1875,163354,176147
1876,163330,176184
1877,163349,176157
1878,163351,176167
1879,163355,176191
1880,163362,176197
1881,163363,176212
1882,163371,176200
1883,163377,176206
1884,163366,176201
1885,163343,176203
1886,163382,176193
1887,163348,176178
1888,163358,176181
1889,163357,176201
1890,163327,176175
1891,163340,176175
1892,163350,176201
1893,163354,176199
1894,163355,176219
1895,163365,176205
1896,163365,176203
1897,163362,176208
1898,163356,176217
1899,163360,176231
1900,163353,176237
1901,163370,176211
1902,163350,176210
1903,163359,176215
1904,163335,176196
1905,163358,176197
1906,163373,176206
1907,163356,176223
1908,163363,176224
1909,163355,176223
1910,163370,176219
1911,163351,176225
1912,163354,176227
1913,163355,176220
1914,163355,176218
1915,163353,176225
1916,163352,176219
1917,163346,176219
1918,163369,176193
1919,163348,176178
1920,163354,176249
1921,163380,176234
1922,163378,176236
1923,163404,176239
1924,163377,176235
1925,163379,176232
1926,163377,176209
1927,163358,176183
1928,163351,176153
1929,163300,176100
1930,163295,176084
1931,163338,176034
1932,163282,176014
1933,163272,176015
1934,163290,176001
1935,163273,176006
1936,163280,176038
1937,163291,176065
1938,163275,176034
1939,163291,176063
1940,163296,176050
1941,163300,176059
1942,163303,176055
1943,163294,176052
1944,163298,176079
1945,163311,176089
1946,163303,176081
1947,163296,176077
1948,163297,176063
1949,163287,176082
1950,163299,176095
1951,163297,176092
1952,163298,176109
1953,163298,176101
1954,163307,176121
1955,163308,176111
1956,163314,176100
1957,163302,176091
1958,163314,176105
1959,163315,176092
1960,163305,176100
1961,163322,176093
1962,163316,176129
1963,163303,176130
1964,163326,176120
1965,163301,176132
1966,163303,176145
1967,163304,176115
1968,163311,176138
1969,163318,176157
1970,163304,176148
1971,163314,176158
1972,163321,176157
1973,163301,176185
1974,163314,176146
1975,163313,176180
1976,163320,176164
1977,163305,176176
1978,163308,176169
1979,163313,176173
1980,163321,176164
1981,163297,176191
1982,163312,176170
1983,163326,176201
1984,163308,176170
1985,163305,176173
1986,163301,176167
1987,163309,176170
1988,163299,176159
1989,163308,176152
1990,163319,176159
1991,163275,176137
1992,163266,176144
1993,163289,176123
1994,163308,176147
1995,163312,176151
1996,163291,176133
1997,163294,176118
1998,163283,176129
1999,163289,176121
2000,163302,176120
2001,163283,176116
2002,163286,176129
2003,163325,176120
2004,163280,176100
2005,163274,176088
2006,163238,176043
2007,163231,175990
2008,163221,175959
2009,163212,175925
2010,163213,175899
2011,163198,175890
2012,163210,175885
2013,163211,175887
2014,163189,175908
2015,163193,175891
2016,163202,175907
2017,163193,175927
2018,163189,175916
2019,163201,175917
2020,163190,175933
2021,163196,175928
2022,163199,175935
2023,163199,175929
2024,163209,175924
2025,163194,175933
2026,163201,175954
2027,163197,175970
2028,163217,175981
2029,163203,175995
2030,163231,176002
2031,163227,175998
2032,163231,176016
2033,163250,176047
2034,163256,176013
2035,163244,176036
2036,163259,176043
2037,163245,176031
2038,163275,176057
2039,163264,176041
2040,163287,176057
2041,163244,176043
2042,163262,176036
2043,163270,176057
2044,163283,176080
2045,163257,176082
2046,163282,176097
2047,163300,176110
2048,163278,176110
2049,163300,176120
2050,163287,176106
2051,163310,176102
2052,163302,176118
2053,163292,176130
2054,163290,176117
2055,163296,176123
2056,163290,176113
2057,163305,176118
2058,163279,176119
2059,163301,176145
2060,163291,176124
2061,163287,176178
2062,163284,176154
2063,163291,176130
2064,163302,176163
2065,163302,176139
2066,163308,176183
2067,163323,176171
2068,163300,176184
2069,163323,176174
2070,163287,176184
2071,163302,176181
2072,163294,176187
2073,163321,176173
2074,163315,176207
2075,163322,176208
2076,163331,176218
2077,163318,176211
2078,163325,176199
2079,163321,176212
2080,163320,176209
2081,163339,176211
2082,163318,176222
2083,163299,176205
2084,163317,176180
2085,163307,176153
2086,163300,176111
2087,163268,176102
2088,163263,176058
2089,163252,176044
2090,163246,176015
2091,163244,176045
2092,163255,176029
2093,163263,176058
2094,163291,176049
2095,163283,176062
2096,163264,176078
2097,163272,176083
2098,163288,176080
2099,163262,176067
2100,163290,176075
2101,163262,176090
2102,163275,176100
2103,163270,176103
2104,163272,176098
2105,163276,176098
2106,163275,176118
2107,163285,176126
2108,163264,176125
2109,163270,176138
2110,163280,176135
2111,163261,176125
2112,163281,176142
2113,163273,176150
2114,163291,176153
2115,163285,176117
2116,163269,176129
2117,163288,176123
2118,163281,176151
2119,163304,176145
2120,163284,176132
2121,163280,176147
2122,163289,176157
2123,163295,176165
2124,163307,176147
2125,163282,176149
2126,163285,176143
2127,163296,176166
2128,163297,176166
2129,163296,176159
2130,163302,176161
2131,163302,176163
2132,163303,176161
2133,163277,176181
2134,163310,176179
2135,163297,176168
2136,163308,176178
2137,163325,176179
2138,163294,176187
2139,163313,176192
2140,163314,176187
2141,163306,176187
2142,163321,176198
2143,163308,176201
2144,163301,176193
2145,163325,176212
2146,163302,176179
2147,163300,176191
2148,163311,176174
2149,163311,176194
2150,163297,176187
2151,163309,176218
2152,163303,176207
2153,163318,176234
2154,163315,176226
2155,163294,176215
2156,163300,176198
2157,163303,176172
2158,163287,176147
2159,163269,176105
2160,163242,176059
2161,163229,176041
2162,163229,176040
2163,163250,176020
2164,163249,176011
2165,163227,176021
2166,163235,176025
2167,163232,176040
2168,163252,176056
2169,163256,176038
2170,163251,176073
2171,163273,176056
2172,163249,176079
2173,163248,176075
2174,163257,176063
2175,163251,176067
2176,163270,176091
2177,163250,176059
2178,163247,176095
2179,163257,176090
2180,163247,176115
2181,163267,176102
2182,163297,176187
2183,163309,176218
2184,163265,176123
2185,163262,176098
2186,163264,176117
2187,163266,176105
2188,163253,176105
2189,163280,176099
2190,163276,176126
2191,163262,176116
2192,163263,176105
2193,163251,176086
2194,163258,176122
2195,163245,176115
2196,163287,176142
2197,163279,176120
2198,163256,176109
2199,163294,176115
2200,163300,176128
2201,163284,176126
2202,163273,176133
2203,163242,176126
2204,163283,176128
2205,163271,176118
2206,163275,176143
2207,163273,176128
2208,163302,176161
2209,163273,176147
2210,163268,176171
2211,163275,176144
2212,163258,176160
2213,163276,176140
2214,163282,176153
2215,163265,176172
2216,163278,176156
2217,163280,176158
2218,163257,176148
2219,163271,176149
2220,163280,176155
2221,163282,176166
2222,163291,176169
2223,163278,176177
2224,163282,176165
2225,163284,176157
2226,163277,176170
2227,163267,176173
2228,163284,176168
2229,163277,176170
2230,163273,176175
2231,163276,176164
2232,163276,176155
2233,163262,176152
2234,163259,176119
2235,163271,176097
2236,163251,176044
2237,163202,176030
2238,163186,176003
2239,163187,175969
2240,163175,175974
2241,163189,175954
2242,163194,175981
2243,163196,175960
2244,163191,175984
2245,163200,175983
2246,163200,175987
2247,163205,176004
2248,163185,176009
2249,163194,175993
2250,163181,176019
2251,163204,176018
2252,163194,176023
2253,163199,176041
2254,163223,176034
2255,163218,176019
2256,163220,176054
2257,163234,176054
2258,163216,176068
2259,163219,176083
2260,163223,176086
2261,163242,176098
2262,163257,176087
2263,163247,176099
2264,163253,176104
2265,163252,176090
2266,163255,176090
2267,163261,176104
2268,163264,176119
2269,163225,176101
2270,163252,176105
2271,163234,176110
2272,163259,176098
2273,163248,176115
2274,163274,176155
2275,163263,176150
2276,163271,176152
2277,163259,176139
2278,163289,176169
2279,163273,176139
2280,163268,176146
2281,163244,176153
2282,163269,176170
2283,163299,176204
2284,163278,176171
2285,163266,176173
2286,163253,176188
2287,163237,176185
2288,163279,176205
2289,163290,176207
2290,163275,176224
2291,163274,176198
2292,163265,176225
2293,163281,176218
2294,163277,176214
2295,163282,176212
2296,163285,176204
2297,163279,176210
2298,163273,176226
2299,163270,176220
2300,163286,176208
2301,163264,176225
2302,163264,176199
2303,163283,176226
2304,163271,176242
2305,163283,176226
2306,163289,176290
2307,163290,176297
2308,163282,176307
2309,163277,176292
2310,163297,176306
2311,163267,176314
2312,163297,176315
2313,163289,176301
2314,163296,176284
2315,163274,176252
2316,163254,176244
2317,163250,176185
2318,163242,176162
2319,163225,176140
2320,163224,176121
2321,163225,176101
2322,163198,176086
2323,163196,176098
2324,163202,176097
2325,163233,176128
2326,163218,176131
2327,163211,176108
2328,163224,176136
2329,163221,176141
2330,163214,176120
2331,163227,176135
2332,163234,176127
2333,163214,176165
2334,163239,176140
2335,163193,176158
2336,163232,176160
2337,163237,176166
2338,163238,176172
2339,163242,176179
2340,163224,176190
2341,163245,176201
2342,163238,176193
2343,163229,176198
2344,163248,176197
2345,163264,176191
2346,163232,176180
2347,163214,176179
2348,163240,176164
2349,163221,176184
2350,163214,176211
2351,163233,176185
2352,163223,176171
2353,163231,176176
2354,163213,176168
2355,163221,176169
2356,163225,176191
2357,163229,176176
2358,163227,176183
2359,163233,176175
2360,163215,176169
2361,163216,176174
2362,163224,176186
2363,163220,176196
2364,163193,176150
2365,163203,176182
2366,163223,176169
2367,163202,176175
2368,163204,176170
2369,163211,176165
2370,163231,176178
2371,163210,176172
2372,163214,176180
2373,163202,176180
2374,163201,176169
2375,163215,176195
2376,163202,176180
2377,163198,176194
2378,163215,176182
2379,163219,176186
2380,163204,176205
2381,163249,176182
2382,163212,176207
2383,163208,176185
2384,163223,176196
2385,163222,176190
2386,163211,176206
2387,163198,176174
2388,163204,176167
2389,163202,176161
2390,163207,176129
2391,163181,176108
2392,163188,176071
2393,163149,176030
2394,163148,176006
2395,163138,175962
2396,163119,175954
2397,163124,175987
2398,163127,175985
2399,163141,175977
2400,163123,176008
2401,163158,176028
2402,163166,176024
2403,163149,176026
2404,163146,176006
2405,163151,176017
2406,163161,176042
2407,163175,176045
2408,163177,176033
2409,163176,176046
2410,163163,176054
2411,163145,176076
2412,163152,176059
2413,163164,176059
2414,163151,176074
2415,163165,176070
2416,163174,176077
2417,163197,176097
2418,163178,176093
2419,163184,176076
2420,163183,176080
2421,163192,176105
2422,163158,176109
2423,163175,176089
2424,163156,176069
2425,163161,176081
2426,163176,176077
2427,163163,176087
2428,163192,176103
2429,163186,176109
2430,163159,176097
2431,163162,176118
2432,163169,176110
2433,163181,176134
2434,163172,176117
2435,163182,176127
2436,163180,176139
2437,163189,176129
2438,163167,176133
2439,163197,176152
2440,163181,176130
2441,163170,176165
2442,163183,176148
2443,163170,176148
2444,163190,176150
2445,163193,176152
2446,163178,176168
2447,163190,176155
2448,163189,176158
2449,163185,176149
2450,163174,176143
2451,163173,176146
2452,163190,176170
2453,163191,176175
2454,163172,176166
2455,163176,176175
2456,163197,176172
2457,163194,176168
2458,163187,176179
2459,163190,176191
2460,163193,176184
2461,163194,176198
2462,163210,176194
2463,163185,176181
2464,163190,176192
2465,163193,176202
2466,163192,176204
2467,163200,176197
2468,163184,176198
2469,163177,176184
2470,163179,176151
2471,163183,176143
2472,163141,176095
2473,163136,176040
2474,163132,176025
2475,163121,176006
2476,163117,175981
2477,163113,175969
2478,163114,175977
2479,163117,175974
2480,163121,175987
2481,163112,175989
2482,163110,175995
2483,163100,176001
2484,163121,176003
2485,163114,176005
2486,163128,176028
2487,163114,176046
2488,163127,176031
2489,163127,176024
2490,163126,176027
2491,163122,176044
2492,163118,176039
2493,163146,176053
2494,163158,176075
2495,163142,176059
2496,163171,176090
2497,163136,176087
2498,163163,176094
2499,163162,176106
2500,163168,176105
2501,163157,176110
2502,163192,176141
2503,163156,176117
2504,163161,176127
2505,163169,176101
2506,163179,176115
2507,163155,176156
2508,163156,176118
2509,163209,176158
2510,163180,176166
2511,163177,176181
2512,163185,176166
2513,163180,176143
2514,163176,176155
2515,163187,176157
2516,163169,176151
2517,163168,176163
2518,163177,176174
2519,163200,176177
2520,163155,176177
2521,163195,176187
2522,163199,176201
2523,163191,176195
2524,163230,176201
2525,163200,176190
2526,163194,176216
2527,163209,176201
2528,163223,176236
2529,163203,176231
2530,163195,176236
2531,163195,176207
2532,163194,176213
2533,163197,176208
2534,163209,176240
2535,163187,176223
2536,163206,176233
2537,163203,176235
2538,163193,176235
2539,163193,176229
2540,163205,176226
2541,163201,176234
2542,163193,176246
2543,163200,176254
2544,163195,176246
2545,163199,176263
2546,163198,176261
2547,163196,176254
2548,163202,176261
2549,163192,176240
2550,163191,176224
2551,163173,176199
2552,163153,176147
2553,163169,176119
2554,163133,176074
2555,163111,176052
2556,163111,176038
2557,163113,176021
2558,163106,176025
2559,163130,176023
2560,163087,176048
2561,163111,176054
2562,163122,176055
2563,163118,176074
2564,163116,176051
2565,163152,176063
2566,163096,176066
2567,163112,176065
2568,163146,176066
2569,163129,176053
2570,163125,176076
2571,163132,176082
2572,163116,176074
2573,163148,176109
2574,163126,176114
2575,163128,176115
2576,163130,176118
2577,163138,176112
2578,163118,176104
2579,163125,176109
2580,163104,176107
2581,163116,176106
2582,163121,176105
2583,163116,176114
2584,163132,176088
2585,163112,176104
2586,163129,176126
2587,163108,176134
2588,163117,176107
2589,163135,176121
2590,163127,176133
2591,163128,176140
2592,163128,176129
2593,163138,176150
2594,163110,176137
2595,163116,176134
2596,163111,176140
2597,163155,176156
2598,163127,176158
2599,163148,176162
2600,163124,176162
2601,163142,176166
2602,163136,176157
2603,163128,176164
2604,163153,176149
2605,163148,176161
2606,163150,176188
2607,163136,176173
2608,163147,176173
2609,163132,176185
2610,163124,176183
2611,163120,176166
2612,163129,176180
2613,163142,176171
2614,163149,176175
2615,163126,176156
2616,163174,176208
2617,163134,176166
2618,163129,176158
2619,163140,176157
2620,163117,176168
2621,163142,176155
2622,163119,176145
2623,163123,176110
2624,163111,176070
2625,163067,176041
2626,163065,176015
2627,163075,175968
2628,163073,175953
2629,163039,175937
2630,163028,175957
2631,163046,175934
2632,163039,175958
2633,163045,175960
2634,163048,175976
2635,163035,175973
2636,163064,175972
2637,163046,175970
2638,163060,175979
2639,163064,175985
2640,163060,175998
2641,163073,176002
2642,163063,175987
2643,163061,176006
2644,163064,176001
2645,163052,176013
2646,163072,176031
2647,163089,176051
2648,163068,176036
2649,163088,176046
2650,163132,176043
2651,163108,176044
2652,163082,176045
2653,163091,176054
2654,163099,176041
2655,163092,176045
2656,163104,176044
2657,163119,176036
2658,163073,176047
2659,163093,176063
2660,163101,176051
2661,163103,176052
2662,163086,176038
2663,163115,176069
2664,163073,176049
2665,163075,176071
2666,163093,176093
2667,163085,176087
2668,163091,176104
2669,163076,176080
2670,163095,176104
2671,163087,176093
2672,163090,176087
2673,163143,176112
2674,163096,176119
2675,163092,176119
2676,163124,176130
2677,163110,176126
2678,163124,176130
2679,163104,176131
2680,163090,176144
2681,163106,176123
2682,163111,176147
2683,163103,176131
2684,163091,176124
2685,163107,176129
2686,163089,176153
2687,163128,176157
2688,163091,176142
2689,163118,176145
2690,163114,176138
2691,163130,176138
2692,163114,176119
2693,163092,176131
2694,163105,176144
2695,163135,176143
2696,163098,176141
2697,163101,176144
2698,163109,176117
2699,163110,176132
2700,163106,176118
2701,163092,176079
2702,163078,176026
2703,163062,176007
2704,163027,175957
2705,162991,175949
2706,163004,175904
2707,162984,175887
2708,163035,175875
2709,163017,175890
2710,162988,175894
2711,163008,175898
2712,163025,175910
2713,163041,175924
2714,163020,175929
2715,163010,175927
2716,163017,175920
2717,163023,175948
2718,163031,175928
2719,163011,175936
2720,163019,175962
2721,163045,175940
2722,163012,175965
2723,163052,175965
2724,163053,175988
2725,163059,175987
2726,163042,175996
2727,163026,176016
2728,163042,176000
2729,163043,175994
2730,163051,176010
2731,163053,176034
2732,163063,176037
2733,163059,176030
2734,163069,176023
2735,163062,176030
2736,163041,176038
2737,163051,176033
2738,163069,176026
2739,163058,176041
2740,163064,176045
2741,163081,176088
2742,163068,176079
2743,163058,176078
2744,163090,176106
2745,163089,176102
2746,163084,176090
2747,163106,176106
2748,163098,176113
2749,163083,176110
2750,163096,176100
2751,163072,176112
2752,163091,176105
2753,163076,176117
2754,163109,176132
2755,163077,176121
2756,163096,176119
2757,163083,176132
2758,163092,176130
2759,163085,176137
2760,163106,176131
2761,163093,176150
2762,163098,176180
2763,163085,176164
2764,163087,176162
2765,163086,176143
2766,163096,176158
2767,163083,176153
2768,163080,176142
2769,163083,176173
2770,163093,176151
2771,163079,176166
2772,163106,176152
2773,163104,176179
2774,163070,176178
2775,163102,176181
2776,163103,176188
2777,163094,176183
2778,163085,176171
2779,163088,176193
2780,163115,176188
2781,163090,176161
2782,163093,176121
2783,163046,176095
2784,163042,176039
2785,163054,176017
2786,163060,175994
2787,163026,175984
2788,163049,175979
2789,163017,175985
2790,163044,175983
2791,163050,176002
2792,163053,176012
2793,163065,176051
2794,163054,176032
2795,163048,176035
2796,163073,176050
2797,163067,176056
2798,163055,176076
2799,163054,176050
2800,163061,176057
2801,163039,176055
2802,163063,176071
2803,163045,176061
2804,163061,176075
2805,163042,176086
2806,163045,176124
2807,163084,176087
2808,163071,176097
2809,163062,176076
2810,163075,176094
2811,163070,176087
2812,163072,176097
2813,163059,176075
2814,163073,176092
2815,163071,176095
2816,163062,176065
2817,163047,176079
2818,163073,176091
2819,163070,176081
2820,163043,176098
2821,163073,176099
2822,163082,176092
2823,163075,176118
2824,163058,176105
2825,163062,176105
2826,163064,176108
2827,163073,176105
2828,163053,176102
2829,163072,176108
2830,163068,176119
2831,163069,176124
2832,163061,176127
2833,163071,176140
2834,163065,176115
2835,163060,176122
2836,163068,176119
2837,163057,176129
2838,163047,176131
2839,163086,176132
2840,163074,176125
2841,163075,176130
2842,163081,176111
2843,163072,176118
2844,163080,176128
2845,163077,176138
2846,163069,176136
2847,163068,176131
2848,163064,176140
2849,163109,176172
2850,163083,176132
2851,163073,176131
2852,163074,176129
2853,163089,176131
2854,163071,176140
2855,163080,176123
2856,163074,176140
2857,163067,176084
2858,163060,176063
2859,163046,176029
2860,163023,175968
2861,162992,175936
2862,162973,175898
2863,162982,175887
2864,162964,175874
2865,162935,175881
2866,162943,175867
2867,162954,175875
2868,162946,175910
2869,162942,175884
2870,162954,175894
2871,162948,175875
2872,162955,175909
2873,162945,175945
2874,162965,175924
2875,162975,175944
2876,162976,175982
2877,162957,176010
2878,162997,176000
2879,162972,176003
2880,162977,176006
2881,162991,176002
2882,162969,176021
2883,162989,176031
2884,162984,176054
2885,163025,176065
2886,162984,176042
2887,162986,176056
2888,162985,176047
2889,162973,176047
2890,163015,176078
2891,162988,176054
2892,163013,176087
2893,162994,176080
2894,163023,176074
2895,162998,176081
2896,163008,176092
2897,163035,176114
2898,163007,176126
2899,163024,176112
2900,163036,176109
2901,163019,176121
2902,163036,176100
2903,163039,176106
2904,163030,176107
2905,163022,176115
2906,163013,176108
2907,163020,176117
2908,163013,176116
2909,163001,176104
2910,163024,176109
2911,163002,176096
2912,163001,176117
2913,163020,176106
2914,163051,176114
2915,163038,176131
2916,163030,176135
2917,163031,176131
2918,163021,176144
2919,163028,176137
2920,163050,176130
2921,163065,176147
2922,163050,176156
2923,163064,176173
2924,163038,176140
2925,163049,176166
2926,163054,176169
2927,163034,176143
2928,163045,176173
2929,163069,176198
2930,163089,176165
2931,163057,176190
2932,163064,176201
2933,163075,176200
2934,163073,176190
2935,163098,176202
2936,163079,176207
2937,163062,176211
2938,163056,176203
2939,163057,176176
2940,163061,176153
2941,163048,176095
2942,163014,176109
2943,163010,176055
2944,163018,176037
2945,162993,176058
2946,162999,176028
2947,163000,176024
2948,163020,176039
2949,163012,176019
2950,163026,176037
2951,163018,176031
2952,163021,176043
2953,163023,176047
2954,163042,176040
2955,163022,176062
2956,163038,176066
2957,163029,176060
2958,163017,176078
2959,163022,176074
2960,163030,176073
2961,163031,176082
2962,163046,176106
2963,163038,176115
2964,163052,176154
2965,163050,176148
2966,163052,176159
2967,163064,176137
2968,163041,176141
2969,163064,176179
2970,163040,176165
2971,163063,176173
2972,163034,176145
2973,163048,176152
2974,163046,176156
2975,163038,176155
2976,163032,176150
2977,163043,176163
2978,163031,176142
2979,163058,176171
2980,163043,176159
2981,163067,176174
2982,163057,176194
2983,163050,176191
2984,163041,176185
2985,163057,176195
2986,163058,176186
2987,163036,176188
2988,163056,176186
2989,163046,176212
2990,163054,176193
2991,163061,176196
2992,163044,176201
2993,163064,176209
2994,163039,176215
2995,163029,176228
2996,163032,176198
2997,163063,176205
2998,163056,176216
2999,163050,176213
3000,163022,176217
3001,163057,176202
3002,163052,176212
3003,163064,176219
3004,163044,176210
3005,163016,176243
3006,163055,176201
3007,163045,176221
3008,163058,176224
3009,163054,176224
3010,163044,176221
3011,163031,176220
3012,163052,176211
3013,163036,176185
3014,163035,176155
3015,163020,176137
3016,163010,176079
3017,162993,176067
3018,162998,176040
3019,162972,176023
3020,162966,176003
3021,163001,176045
3022,163004,176051
3023,162971,176033
3024,162975,176051
3025,162996,176069
3026,163003,176063
3027,163005,176081
3028,163002,176066
3029,163001,176080
3030,162985,176069
3031,163001,176082
3032,163008,176093
3033,163003,176077
3034,162996,176110
3035,163001,176097
3036,162998,176091
3037,163001,176103
3038,163015,176113
3039,162992,176124
3040,163016,176087
3041,163013,176111
3042,163002,176092
3043,163021,176110
3044,162996,176095
3045,162990,176107
3046,163007,176087
3047,163005,176089
3048,163002,176077
3049,162981,176077
3050,163017,176089
3051,162995,176121
3052,162999,176082
3053,163008,176097
3054,163012,176108
3055,163031,176120
3056,163022,176125
3057,163027,176109
3058,163010,176117
3059,163012,176129
3060,163026,176125
3061,163025,176121
3062,163038,176128
3063,163016,176123
3064,163028,176124
3065,162994,176128
3066,163011,176122
3067,163042,176143
3068,163010,176132
3069,163028,176124
3070,163007,176135
3071,163033,176140
3072,163008,176144
3073,163023,176136
3074,163024,176153
3075,163006,176144
3076,163015,176160
3077,163022,176144
3078,163034,176143
3079,163020,176173
3080,163022,176154
3081,163019,176166
3082,163032,176163
3083,163011,176162
3084,163024,176173
3085,163007,176156
3086,163025,176170
3087,163024,176174
3088,163017,176177
3089,163037,176170
3090,163045,176177
3091,163028,176162
3092,163005,176135
3093,162996,176134
3094,162988,176102
3095,162980,176086
3096,162962,176085
3097,162982,176063
3098,162946,176066
3099,162944,176054
3100,162920,176058
3101,162954,176078
3102,162962,176097
3103,162973,176090
3104,162976,176107
3105,162964,176100
3106,162977,176097
3107,162968,176131
3108,162953,176126
3109,162979,176147
3110,162964,176128
3111,162970,176135
3112,162962,176135
3113,162957,176139
3114,162952,176153
3115,162975,176145
3116,162974,176161
3117,162985,176172
3118,162996,176174
3119,162964,176195
3120,162973,176187
3121,162979,176214
3122,162988,176200
3123,162978,176176
3124,162996,176190
3125,162983,176202
3126,162991,176206
3127,162981,176198
3128,162987,176183
3129,162967,176190
3130,162995,176196
3131,162970,176188
3132,163012,176214
3133,162977,176198
3134,162981,176210
3135,162974,176239
3136,162994,176219
3137,162986,176217
3138,162984,176230
3139,162988,176243
3140,162991,176238
3141,163016,176252
3142,163005,176236
3143,163009,176245
3144,163011,176253
3145,162999,176260
3146,163019,176249
3147,163017,176243
3148,163003,176235
3149,162991,176268
3150,163016,176263
3151,162997,176264
3152,163006,176257
3153,163007,176256
3154,163009,176256
3155,163012,176247
3156,163014,176243
3157,163024,176263
3158,163009,176247
3159,163036,176260
3160,163017,176261
3161,163006,176286
3162,163022,176267
3163,162992,176259
3164,163020,176268
3165,163005,176256
3166,162996,176255
3167,163025,176270
3168,163008,176280
3169,163015,176280
3170,163019,176298
3171,163012,176295
3172,163033,176291
3173,163016,176311
3174,163010,176292
3175,163035,176281
3176,163015,176281
3177,162990,176259
3178,162995,176243
3179,162965,176198
3180,162975,176198
3181,162961,176168
3182,162953,176137
3183,162943,176126
3184,162925,176136
3185,162952,176146
3186,162941,176169
3187,162957,176192
3188,162963,176227
3189,162964,176220
3190,162969,176231
3191,162984,176225
3192,162974,176241
3193,162944,176255
3194,162974,176256
3195,162981,176291
3196,162957,176301
3197,162981,176309
3198,162984,176310
3199,162993,176320
3200,162976,176342
3201,162977,176329
3202,162990,176336
3203,162993,176353
3204,162994,176351
3205,162985,176363
3206,162990,176363
3207,163002,176352
3208,163022,176373
3209,163005,176377
3210,162986,176329
3211,162994,176356
3212,162999,176381
3213,163003,176349
3214,163010,176368
3215,162984,176385
3216,163000,176385
3217,163010,176405
3218,162996,176379
3219,162995,176387
3220,162986,176387
3221,163002,176407
3222,163008,176421
3223,163017,176385
3224,162990,176406
3225,163014,176395
3226,163020,176419
3227,163011,176410
3228,163011,176398
3229,162997,176383
3230,163018,176397
3231,162997,176387
3232,163010,176396
3233,162995,176410
3234,163007,176408
3235,162991,176395
3236,163011,176397
3237,162996,176421
3238,162986,176407
3239,163005,176409
3240,163022,176373
3241,163005,176377
3242,163000,176394
3243,162996,176396
3244,163013,176387
3245,162991,176384
3246,163002,176385
3247,162984,176385
3248,162991,176401
3249,163000,176389
3250,162994,176375
3251,162990,176400
3252,162992,176369
3253,162986,176380
3254,162975,176340
3255,162965,176302
3256,162957,176283
3257,162936,176237
3258,162924,176211
3259,162933,176205
3260,162935,176204
3261,162919,176196
3262,162931,176206
3263,162924,176204
3264,162950,176235
3265,162950,176250
3266,162942,176259
3267,162943,176234
3268,162961,176258
3269,162968,176263
3270,162943,176244
3271,162950,176273
3272,162958,176260
3273,162968,176269
3274,162970,176274
3275,162960,176293
3276,162958,176284
3277,162954,176297
3278,162982,176309
3279,162984,176304
3280,162965,176304
3281,162965,176289
3282,162988,176291
3283,162961,176296
3284,162991,176297
3285,162991,176324
3286,162982,176324
3287,162985,176355
3288,163004,176355
3289,163015,176364
3290,163010,176374
3291,163005,176398
3292,163012,176396
3293,163012,176404
3294,163024,176386
3295,163048,176405
3296,163008,176383
3297,163008,176363
3298,163020,176372
3299,162986,176371
3300,162990,176361
3301,163003,176339
3302,162991,176339
3303,162990,176346
3304,162980,176349
3305,162998,176328
3306,162981,176358
3307,162989,176330
3308,162984,176322
3309,163007,176357
3310,162991,176329
3311,162968,176314
3312,162982,176322
3313,162990,176329
3314,162980,176314
3315,162987,176324
3316,162973,176321
3317,162981,176305
3318,162972,176311
3319,163004,176307
3320,163000,176318
3321,163007,176308
3322,162986,176303
3323,163012,176315
3324,162991,176301
3325,162999,176298
3326,162991,176309
3327,162990,176311
3328,163003,176356
3329,162997,176326
3330,163013,176305
3331,163003,176295
3332,162991,176306
3333,163003,176310
3334,163031,176331
3335,163024,176312
3336,163038,176297
3337,163001,176280
3338,162992,176216
3339,162961,176200
3340,162964,176186
3341,162949,176130
3342,162935,176147
3343,162929,176126
3344,162933,176114
3345,162934,176120
3346,162932,176129
3347,162935,176125
3348,162923,176116
3349,162925,176141
3350,162935,176140
3351,162942,176187
3352,162931,176160
3353,162953,176149
3354,162952,176154
3355,162943,176147
3356,162943,176134
3357,162951,176158
3358,162938,176150
3359,162935,176150
3360,162953,176162
3361,162951,176151
3362,162944,176162
3363,162969,176177
3364,162975,176177
3365,162943,176175
3366,162946,176180
3367,162959,176164
3368,162940,176168
3369,162963,176176
3370,162945,176179
3371,162939,176176
3372,162962,176167
3373,162944,176182
3374,162965,176187
3375,162953,176186
3376,162968,176180
3377,162959,176182
3378,162958,176206
3379,162963,176186
3380,162970,176185
3381,162973,176190
3382,162964,176181
3383,162960,176187
3384,162965,176178
3385,162954,176184
3386,162968,176189
3387,162917,176196
3388,162962,176188
3389,162950,176186
3390,162960,176182
3391,162972,176183
3392,162974,176226
3393,162976,176204
3394,162972,176220
3395,162966,176210
3396,162974,176222
3397,162963,176216
3398,162971,176212
3399,162993,176231
3400,162975,176226
3401,162972,176249
3402,162969,176222
3403,162984,176238
3404,162975,176243
3405,162975,176261
3406,162982,176253
3407,162957,176261
3408,162961,176263
3409,162974,176246
3410,162955,176243
3411,162967,176263
3412,162974,176259
3413,162958,176249
3414,162978,176256
3415,162948,176247
3416,162951,176261
3417,162976,176238
3418,162957,176261
3419,162959,176259
3420,162973,176267
3421,162941,176251
3422,162955,176254
3423,162956,176198
3424,162943,176187
3425,162949,176145
3426,162943,176097
3427,162925,176091
3428,162935,176085
3429,162916,176073
3430,162923,176068
3431,162894,176067
3432,162906,176062
3433,162897,176067
3434,162901,176076
3435,162917,176053
3436,162929,176083
3437,162906,176065
3438,162910,176038
3439,162930,176056
3440,162894,176053
3441,162933,176062
3442,162940,176054
3443,162918,176053
3444,162942,176072
3445,162924,176092
3446,162949,176106
3447,162960,176118
3448,162976,176165
3449,162974,176135
3450,162980,176159
3451,162963,176155
3452,162995,176151
3453,162988,176159
3454,162996,176171
3455,162941,176144
3456,162973,176131
3457,162975,176152
3458,162970,176162
3459,162980,176136
3460,162976,176133
3461,162969,176148
3462,162954,176148
3463,162949,176155
3464,162970,176160
3465,162935,176152
3466,162959,176152
3467,162950,176132
3468,162974,176135
3469,162956,176137
3470,162960,176140
3471,162944,176142
3472,162952,176158
3473,162928,176149
3474,162952,176173
3475,162945,176151
3476,162954,176169
3477,162952,176156
3478,162967,176158
3479,162939,176168
3480,162949,176165
3481,162955,176166
3482,162939,176154
3483,162964,176161
3484,162955,176167
3485,162959,176170
3486,162961,176176
3487,162957,176183
3488,162946,176179
3489,162967,176188
3490,162946,176191
3491,162936,176191
3492,162949,176154
3493,162960,176167
3494,162951,176179
3495,162949,176159
3496,162937,176169
3497,162925,176169
3498,162928,176122
3499,162950,176132
3500,162875,176066
3501,162894,176038
3502,162899,176020
3503,162876,176009
3504,162872,176013
3505,162860,176027
3506,162894,176035
3507,162898,176046
3508,162867,176016
3509,162868,176019
3510,162880,176031
3511,162878,176053
3512,162881,176056
3513,162901,176053
3514,162884,176062
3515,162913,176077
3516,162887,176075
3517,162878,176054
3518,162899,176085
3519,162888,176070
3520,162897,176085
3521,162893,176097
3522,162895,176114
3523,162894,176080
3524,162923,176092
3525,162886,176079
3526,162880,176050
3527,162877,176030
3528,162895,176050
3529,162868,176047
3530,162883,176048
3531,162876,176061
3532,162877,176047
3533,162900,176051
3534,162875,176050
3535,162875,176047
3536,162899,176062
3537,162883,176064
3538,162879,176055
3539,162892,176048
3540,162882,176055
3541,162881,176064
3542,162881,176067
3543,162875,176077
3544,162891,176055
3545,162868,176077
3546,162901,176059
3547,162870,176048
3548,162880,176028
3549,162884,176051
3550,162888,176065
3551,162886,176073
3552,162886,176070
3553,162884,176086
3554,162886,176084
3555,162904,176079
3556,162885,176095
3557,162894,176104
3558,162919,176126
3559,162904,176155
3560,162925,176181
3561,162907,176163
3562,162921,176177
3563,162925,176175
3564,162915,176198
3565,162916,176181
3566,162900,176192
3567,162902,176165
3568,162901,176141
3569,162891,176107
3570,162858,176101
3571,162884,176069
3572,162878,176057
3573,162870,176037
3574,162853,176022
3575,162858,176046
3576,162881,176070
3577,162858,176058
3578,162855,176056
3579,162871,176081
3580,162859,176074
3581,162859,176067
3582,162884,176084
3583,162843,176074
3584,162871,176081
3585,162896,176079
3586,162906,176068
3587,162874,176064
3588,162873,176075
3589,162875,176077
3590,162861,176064
3591,162872,176064
3592,162871,176107
3593,162854,176092
3594,162866,176073
3595,162883,176104
3596,162874,176068
3597,162849,176088
3598,162834,176076
3599,162847,176089
3600,162853,176070
3601,162846,176071
3602,162845,176086
3603,162849,176067
3604,162832,176090
3605,162841,176084
3606,162858,176093
3607,162872,176099
3608,162873,176088
3609,162836,176114
3610,162845,176085
3611,162819,176119
3612,162860,176091
3613,162866,176079
3614,162869,176099
3615,162872,176109
3616,162848,176109
3617,162852,176094
3618,162845,176093
3619,162843,176087
3620,162857,176094
3621,162851,176100
3622,162846,176091
3623,162837,176074
3624,162869,176090
3625,162850,176088
3626,162819,176086
3627,162825,176080
3628,162833,176092
3629,162828,176090
3630,162828,176085
3631,162852,176065
3632,162838,176085
3633,162850,176092
3634,162843,176106
3635,162850,176099
3636,162842,176094
3637,162852,176109
3638,162850,176093
3639,162847,176099
3640,162830,176085
3641,162844,176040
3642,162814,176032
3643,162803,175977
3644,162797,175933
3645,162785,175918
3646,162752,175891
3647,162771,175881
3648,162775,175906
3649,162778,175925
3650,162764,175903
3651,162780,175902
3652,162787,175919
3653,162786,175920
3654,162802,175937
3655,162767,175935
3656,162773,175931
3657,162778,175927
3658,162798,175909
3659,162778,175939
3660,162774,175937
3661,162794,175920
3662,162788,175931
3663,162772,175953
3664,162790,175961
3665,162799,175966
3666,162802,176008
3667,162836,176009
3668,162814,176012
3669,162827,175985
3670,162809,175980
3671,162812,175998
3672,162805,176002
3673,162810,175999
3674,162812,176000
3675,162817,176003
3676,162815,176014
3677,162786,176030
3678,162792,176027
3679,162828,176024
3680,162812,176028
3681,162821,176038
3682,162804,176050
3683,162838,176069
3684,162842,176093
3685,162848,176102
3686,162876,176142
3687,162862,176132
3688,162877,176129
3689,162876,176138
3690,162881,176121
3691,162864,176153
3692,162893,176147
3693,162900,176146
3694,162893,176169
3695,162883,176144
3696,162885,176172
3697,162891,176159
3698,162904,176190
3699,162891,176168
3700,162892,176170
3701,162899,176165
3702,162891,176169
3703,162905,176156
3704,162899,176167
3705,162902,176179
3706,162903,176149
3707,162902,176163
3708,162902,176181
3709,162938,176166
3710,162887,176171
3711,162903,176149
3712,162883,176172
3713,162896,176172
3714,162904,176159
3715,162896,176172
3716,162888,176176
3717,162908,176137
3718,162880,176127
3719,162869,176113
3720,162866,176049
3721,162858,176049
3722,162833,176011
3723,162821,175991
3724,162813,175958
3725,162809,175936
3726,162819,175970
3727,162823,175983
3728,162822,176011
3729,162827,176007
3730,162829,176016
3731,162817,176016
3732,162803,176000
3733,162835,176006
3734,162825,176018
3735,162827,176028
3736,162839,176037
3737,162832,176033
3738,162833,176021
3739,162841,176030
3740,162881,176084
3741,162824,176057
3742,162836,176071
3743,162849,176064
3744,162831,176063
3745,162823,176059
3746,162857,176065
3747,162812,176058
3748,162857,176080
3749,162843,176068
3750,162835,176052
3751,162839,176044
3752,162840,176073
3753,162814,176047
3754,162837,176060
3755,162839,176072
3756,162828,176075
3757,162827,176075
3758,162819,175970
3759,162829,176075
3760,162854,176086
3761,162825,176071
3762,162842,176071
3763,162843,176067
3764,162840,176068
3765,162828,176060
3766,162814,176050
3767,162841,176076
3768,162830,176104
3769,162831,176087
3770,162848,176079
3771,162839,176083
3772,162832,176084
3773,162837,176074
3774,162836,176094
3775,162836,176066
3776,162837,176074
3777,162832,176081
3778,162831,176074
3779,162833,176080
3780,162824,176080
3781,162832,176094
3782,162832,176078
3783,162816,176090
3784,162829,176088
3785,162836,176096
3786,162836,176086
3787,162850,176076
3788,162838,176094
3789,162824,176064
3790,162844,176063
3791,162831,176049
3792,162813,176035
3793,162786,175961
3794,162770,175926
3795,162763,175909
3796,162749,175893
3797,162755,175853
3798,162775,175868
3799,162758,175868
3800,162756,175879
3801,162766,175887
3802,162775,175888
3803,162779,175932
3804,162772,175907
3805,162777,175934
3806,162791,175942
3807,162802,175930
3808,162785,175927
3809,162772,175949
3810,162807,175955
3811,162804,175950
3812,162805,175979
3813,162808,176008
3814,162807,176003
3815,162809,176030
3816,162823,176051
3817,162814,176041
3818,162802,176061
3819,162808,176063
3820,162803,176074
3821,162798,176073
3822,162794,176078
3823,162809,176087
3824,162800,176097
3825,162794,176095
3826,162806,176083
3827,162814,176127
3828,162806,176133
3829,162802,176132
3830,162805,176108
3831,162813,176143
3832,162820,176129
3833,162812,176141
3834,162846,176183
3835,162848,176171
3836,162842,176179
3837,162864,176176
3838,162840,176185
3839,162850,176176
3840,162869,176176
3841,162842,176201
3842,162869,176196
3843,162829,176177
3844,162857,176182
3845,162843,176172
3846,162827,176171
3847,162837,176177
3848,162817,176169
3849,162839,176162
3850,162833,176179
3851,162840,176163
3852,162850,176174
3853,162841,176164
3854,162836,176185
3855,162859,176193
3856,162826,176182
3857,162823,176151
3858,162821,176170
3859,162817,176161
3860,162847,176186
3861,162822,176165
3862,162831,176167
3863,162849,176155
3864,162816,176164
3865,162823,176170
3866,162826,176181
3867,162814,176165
3868,162797,176156
3869,162842,176143
3870,162813,176136
3871,162808,176148
3872,162807,176120
3873,162794,176120
3874,162776,176048
3875,162737,176009
3876,162762,175958
3877,162747,175932
3878,162726,175911
3879,162716,175887
3880,162687,175886
3881,162688,175887
3882,162707,175891
3883,162735,175903
3884,162702,175872
3885,162695,175871
3886,162705,175904
3887,162714,175862
3888,162726,175889
3889,162693,175871
3890,162707,175842
3891,162688,175840
3892,162716,175865
3893,162688,175864
3894,162689,175858
3895,162707,175895
3896,162728,175895
3897,162731,175912
3898,162726,175930
3899,162722,175940
3900,162736,175948
3901,162758,175980
3902,162739,175954
3903,162750,175987
3904,162743,175969
3905,162737,175945
3906,162732,175972
3907,162756,175961
3908,162748,175969
3909,162745,175968
3910,162727,175966
3911,162746,175973
3912,162763,175958
3913,162765,175996
3914,162771,176011
3915,162756,176019
3916,162771,176003
3917,162772,176017
3918,162764,176011
3919,162767,176018
3920,162790,176035
3921,162772,176038
3922,162770,176032
3923,162781,176033
3924,162786,176042
3925,162782,176055
3926,162806,176054
3927,162799,176067
3928,162787,176061
3929,162789,176057
3930,162776,176057
3931,162780,176055
3932,162773,176049
3933,162780,176073
3934,162772,176084
3935,162769,176068
3936,162780,176083
3937,162791,176090
3938,162762,176105
3939,162784,176093
3940,162795,176099
3941,162791,176108
3942,162788,176125
3943,162789,176119
3944,162789,176155
3945,162798,176122
3946,162785,176106
3947,162802,176112
3948,162790,176115
3949,162776,176115
3950,162772,176105
3951,162774,176098
3952,162789,176117
3953,162764,176090
3954,162765,176082
3955,162786,176094
3956,162763,176108
3957,162773,176075
3958,162747,176099
3959,162778,176095
3960,162763,176100
3961,162766,176097
3962,162747,176084
3963,162757,176101
3964,162763,176099
3965,162755,176094
3966,162759,176051
3967,162763,176077
3968,162719,175975
3969,162696,175955
3970,162704,175933
3971,162688,175918
3972,162696,175895
3973,162681,175881
3974,162704,175869
3975,162704,175916
3976,162742,175930
3977,162700,175930
3978,162698,175954
3979,162709,175944
3980,162715,175941
3981,162701,175972
3982,162699,175947
3983,162724,175948
3984,162694,175968
3985,162679,175948
3986,162692,175941
3987,162693,175960
3988,162701,175941
3989,162686,175955
3990,162680,175938
3991,162682,175958
3992,162644,175943
3993,162659,175939
3994,162638,175920
3995,162678,175940
3996,162643,175918
3997,162659,175907
3998,162653,175936
3999,162640,175918
4000,162644,175913
4001,162619,175904
4002,162657,175919
4003,162625,175912
4004,162639,175887
4005,162636,175934
4006,162638,175919
4007,162624,175935
4008,162619,175941
4009,162637,175948
4010,162642,175950
4011,162620,175959
4012,162618,175953
4013,162642,175959
4014,162617,175946
4015,162624,175943
4016,162613,175937
4017,162601,175947
4018,162609,175932
4019,162597,175938
4020,162613,175980
4021,162604,175965
4022,162613,175982
4023,162601,175990
4024,162635,175992
4025,162636,175998
4026,162625,176008
4027,162644,176012
4028,162628,176008
4029,162621,176014
4030,162647,176045
4031,162618,176033
4032,162630,176014
4033,162630,176021
4034,162622,176032
4035,162653,176055
4036,162644,176037
4037,162648,176057
4038,162643,176053
4039,162646,176049
4040,162638,176050
4041,162653,176067
4042,162655,176077
4043,162654,176086
4044,162656,176066
4045,162658,176103
4046,162675,176096
4047,162663,176092
4048,162671,176097
4049,162654,176078
4050,162657,176057
4051,162648,176034
4052,162631,175973
4053,162619,175950
4054,162619,175914
4055,162595,175887
4056,162596,175890
4057,162616,175873
4058,162584,175890
4059,162591,175884
4060,162570,175882
4061,162583,175900
4062,162587,175863
4063,162595,175868
4064,162578,175888
4065,162580,175874
4066,162601,175875
4067,162606,175886
4068,162579,175868
4069,162596,175869
4070,162592,175865
4071,162599,175869
4072,162592,175892
4073,162589,175894
4074,162597,175897
4075,162613,175930
4076,162612,175911
4077,162601,175913
4078,162617,175921
4079,162613,175923
4080,162605,175921
4081,162605,175918
4082,162634,175912
4083,162640,175921
4084,162626,175932
4085,162604,175936
4086,162633,175924
4087,162620,175922
4088,162625,175965
4089,162642,175948
4090,162642,175957
4091,162643,175954
4092,162645,175963
4093,162672,175994
4094,162662,175962
4095,162640,175982
4096,162645,175998
4097,162663,175980
4098,162651,175972
4099,162690,175975
4100,162666,175982
4101,162653,175986
4102,162677,175990
4103,162648,175992
4104,162668,176020
4105,162669,175999
4106,162650,176016
4107,162683,176017
4108,162663,176000
4109,162665,176021
4110,162688,176045
4111,162667,176001
4112,162656,176012
4113,162678,176011
4114,162645,176004
4115,162653,176002
4116,162672,176019
4117,162666,176040
4118,162688,176017
4119,162652,176020
4120,162667,176015
4121,162643,176024
4122,162644,176046
4123,162693,176029
4124,162629,176002
4125,162645,176016
4126,162651,176012
4127,162640,175965
4128,162641,175993
4129,162635,176017
4130,162624,176001
4131,162653,176017
4132,162627,176009
4133,162615,176004
4134,162628,176019
4135,162620,176003
4136,162611,175982
4137,162625,175958
4138,162611,175939
4139,162581,175910
4140,162565,175867
4141,162556,175831
4142,162548,175813
4143,162542,175798
4144,162532,175795
4145,162531,175790
4146,162552,175805
4147,162563,175792
4148,162547,175792
4149,162541,175814
4150,162566,175815
4151,162556,175839
4152,162563,175815
4153,162536,175830
4154,162564,175833
4155,162540,175825
4156,162551,175820
4157,162539,175836
4158,162565,175834
4159,162568,175846
4160,162569,175852
4161,162545,175834
4162,162554,175832
4163,162557,175851
4164,162571,175885
4165,162583,175868
4166,162586,175894
4167,162582,175891
4168,162583,175884
4169,162590,175880
4170,162573,175890
4171,162566,175874
4172,162579,175874
4173,162609,175912
4174,162576,175896
4175,162567,175892
4176,162607,175869
4177,162605,175897
4178,162626,175905
4179,162605,175945
4180,162598,175937
4181,162631,175946
4182,162603,175909
4183,162628,175931
4184,162591,175940
4185,162607,175950
4186,162620,175949
4187,162605,175948
4188,162616,175951
4189,162597,175973
4190,162580,175960
4191,162607,175968
4192,162583,175980
4193,162575,175989
4194,162573,175977
4195,162578,175967
4196,162574,175982
4197,162591,175990
4198,162586,176003
4199,162582,175986
4200,162573,176017
4201,162565,176004
4202,162576,176011
4203,162576,176026
4204,162595,176022
4205,162592,176040
4206,162614,176036
4207,162574,176067
4208,162639,176041
4209,162609,176042
4210,162631,176071
4211,162618,176053
4212,162626,176049
4213,162598,176062
4214,162623,176088
4215,162598,176083
4216,162609,176079
4217,162618,176082
4218,162633,176102
4219,162634,176092
4220,162651,176104
4221,162659,176097
4222,162640,176105
4223,162654,176103
4224,162636,176105
4225,162635,176108
4226,162639,176106
4227,162629,176095
4228,162616,176097
4229,162624,176086
4230,162625,176058
4231,162627,176013
4232,162590,175984
4233,162583,175978
4234,162577,175934
4235,162600,175969
4236,162565,175947
4237,162559,175942
4238,162570,175947
4239,162564,175958
4240,162564,175975
4241,162562,175991
4242,162586,175997
4243,162605,176001
4244,162591,176002
4245,162588,175996
4246,162581,175996
4247,162600,176017
4248,162612,176008
4249,162615,176007
4250,162614,176023
4251,162595,176025
4252,162613,176023
4253,162602,176034
4254,162591,176031
4255,162611,176043
4256,162598,176037
4257,162614,176047
4258,162642,176059
4259,162620,176052
4260,162633,176053
4261,162609,176059
4262,162622,176042
4263,162598,176066
4264,162597,176078
4265,162594,176060
4266,162619,176064
4267,162611,176072
4268,162607,176079
4269,162593,176083
4270,162619,176085
4271,162611,176087
4272,162623,176091
4273,162597,176068
4274,162582,176080
4275,162587,176098
4276,162605,176108
4277,162606,176102
4278,162607,176095
4279,162602,176113
4280,162637,176145
4281,162615,176115
4282,162605,176112
4283,162615,176107
4284,162616,176117
4285,162605,176125
4286,162601,176115
4287,162607,176116
4288,162598,176109
4289,162595,176129
4290,162609,176124
4291,162602,176118
4292,162596,176128
4293,162587,176127
4294,162605,176152
4295,162605,176144
4296,162589,176126
4297,162620,176138
4298,162596,176147
4299,162583,176138
4300,162610,176130
4301,162611,176142
4302,162603,176144
4303,162607,176140
4304,162607,176141
4305,162606,176124
4306,162582,176073
4307,162583,176069
4308,162583,176036
4309,162559,175989
4310,162557,175982
4311,162549,175989
4312,162545,175977
4313,162552,175971
4314,162551,175980
4315,162551,175978
4316,162561,175970
4317,162545,175990
4318,162553,175984
4319,162565,175993
4320,162549,176002
4321,162564,176009
4322,162567,175994
4323,162563,175984
4324,162534,175990
4325,162562,175989
4326,162548,175990
4327,162538,175999
4328,162555,176000
4329,162565,176007
4330,162558,176005
4331,162554,176014
4332,162562,176014
4333,162569,176001
4334,162558,176000
4335,162563,175970
4336,162564,175996
4337,162557,175999
4338,162551,175998
4339,162554,175974
4340,162534,176005
4341,162556,176021
4342,162543,176016
4343,162560,176015
4344,162566,176019
4345,162558,176053
4346,162580,176042
4347,162603,176039
4348,162560,176060
4349,162597,176092
4350,162585,176050
4351,162590,176060
4352,162627,176101
4353,162636,176099
4354,162603,176072
4355,162608,176080
4356,162607,176126
4357,162605,176119
4358,162608,176089
4359,162598,176084
4360,162611,176100
4361,162607,176094
4362,162626,176130
4363,162596,176125
4364,162598,176092
4365,162611,176109
4366,162612,176124
4367,162594,176128
4368,162598,176117
4369,162607,176121
4370,162595,176124
4371,162606,176128
4372,162622,176131
4373,162617,176138
4374,162615,176140
4375,162599,176138
4376,162606,176153
4377,162596,176150
4378,162629,176141
4379,162607,176131
4380,162595,176122
4381,162598,176126
4382,162599,176114
4383,162596,176069
4384,162582,176046
4385,162573,176011
4386,162541,176017
4387,162532,175961
4388,162526,175961
4389,162546,175945
4390,162530,175952
4391,162540,175958
4392,162536,175958
4393,162542,175970
4394,162545,175979
4395,162558,175972
4396,162573,176002
4397,162559,175996
4398,162549,175988
4399,162557,175991
4400,162545,175981
4401,162532,175979
4402,162527,175967
4403,162534,175987
4404,162537,176001
4405,162547,175995
4406,162521,176011
4407,162558,175992
4408,162528,175999
4409,162518,176001
4410,162556,176012
4411,162531,175987
4412,162536,175991
4413,162517,175997
4414,162519,175982
4415,162548,175991
4416,162522,175991
4417,162558,176039
4418,162548,175991
4419,162543,176017
4420,162535,176000
4421,162534,175993
4422,162531,176026
4423,162519,176013
4424,162523,176017
4425,162519,176017
4426,162538,176027
4427,162527,176013
4428,162510,176017
4429,162542,176014
4430,162547,176034
4431,162530,176034
4432,162517,176050
4433,162523,176042
4434,162570,176065
4435,162514,176040
4436,162531,176024
4437,162555,176036
4438,162536,176072
4439,162539,176041
4440,162532,176064
4441,162550,176053
4442,162548,176057
4443,162538,176061
4444,162552,176074
4445,162559,176045
4446,162544,176075
4447,162543,176076
4448,162543,176074
4449,162553,176063
4450,162546,176060
4451,162538,176074
4452,162559,176072
4453,162532,176058
4454,162537,176060
4455,162540,176079
4456,162545,176077
4457,162531,176093
4458,162539,176075
4459,162530,176104
4460,162546,176094
4461,162552,176094
4462,162544,176095
4463,162550,176067
4464,162526,176066
4465,162520,176052
4466,162517,176007
4467,162517,175964
4468,162499,175946
4469,162496,175947
4470,162497,175901
4471,162469,175915
4472,162462,175905
4473,162479,175930
4474,162494,175956
4475,162494,175981
4476,162484,175954
4477,162502,175960
4478,162501,175969
4479,162509,175990
4480,162522,176002
4481,162507,175975
4482,162540,175996
4483,162508,176021
4484,162503,176012
4485,162521,176028
4486,162526,175998
4487,162525,176001
4488,162521,176011
4489,162514,176040
4490,162524,176023
4491,162530,176043
4492,162536,176051
4493,162526,176042
4494,162529,176049
4495,162538,176057
4496,162559,176081
4497,162531,176022
4498,162525,176049
4499,162537,176058
4500,162531,176059
4501,162516,176050
4502,162537,176043
4503,162529,176043
4504,162523,176047
4505,162565,176063
4506,162522,176059
4507,162532,176091
4508,162545,176085
4509,162543,176083
4510,162525,176088
4511,162528,176115
4512,162542,176118
4513,162545,176096
4514,162548,176106
4515,162546,176113
4516,162547,176116
4517,162528,176100
4518,162538,176098
4519,162555,176124
4520,162559,176128
4521,162551,176141
4522,162568,176124
4523,162556,176130
4524,162562,176140
4525,162578,176137
4526,162542,176124
4527,162551,176138
4528,162551,176155
4529,162564,176145
4530,162563,176152
4531,162557,176157
4532,162548,176126
4533,162559,176135
4534,162547,176161
4535,162562,176149
4536,162563,176173
4537,162542,176161
4538,162553,176146
4539,162555,176121
4540,162514,176110
4541,162516,176094
4542,162536,176060
4543,162501,176027
4544,162497,175987
4545,162502,175998
4546,162505,176002
4547,162520,176005
4548,162485,176022
4549,162494,176016
4550,162503,176016
4551,162510,176035
4552,162520,176033
4553,162537,176055
4554,162508,176041
4555,162497,176035
4556,162515,176039
4557,162505,176059
4558,162526,176045
4559,162503,176058
4560,162513,176056
4561,162505,176068
4562,162514,176072
4563,162518,176071
4564,162525,176063
4565,162538,176075
4566,162516,176067
4567,162525,176056
4568,162508,176072
4569,162532,176059
4570,162522,176062
4571,162518,176055
4572,162500,176040
4573,162525,176071
4574,162529,176069
4575,162519,176068
4576,162537,176050
4577,162531,176027
4578,162528,176052
4579,162549,176038
4580,162534,176069
4581,162540,176059
4582,162513,176059
4583,162530,176060
4584,162536,176058
4585,162527,176053
4586,162524,176058
4587,162535,176052
4588,162523,176059
4589,162517,176071
4590,162518,176050
4591,162498,176069
4592,162528,176045
4593,162534,176093
4594,162504,176053
4595,162526,176071
4596,162503,176058
4597,162510,176051
4598,162496,176055
4599,162519,176048
4600,162512,176059
4601,162512,176069
4602,162514,176058
4603,162522,176055
4604,162531,176051
4605,162530,176053
4606,162526,176059
4607,162540,176079
4608,162512,176056
4609,162538,176061
4610,162521,176074
4611,162508,176046
4612,162520,176054
4613,162505,176067
4614,162527,176057
4615,162522,176050
4616,162490,176053
4617,162500,175990
4618,162495,175964
4619,162466,175927
4620,162454,175895
4621,162451,175869
4622,162455,175858
4623,162465,175862
4624,162442,175847
4625,162457,175854
4626,162445,175871
4627,162446,175888
4628,162441,175870
4629,162438,175883
4630,162436,175877
4631,162444,175885
4632,162461,175911
4633,162466,175921
4634,162451,175912
4635,162455,175912
4636,162440,175899
4637,162464,175921
4638,162458,175904
4639,162465,175942
4640,162441,175952
4641,162465,175976
4642,162473,175960
4643,162478,175971
4644,162484,175982
4645,162481,176002
4646,162501,175988
4647,162512,176022
4648,162507,176018
4649,162498,176005
4650,162489,176010
4651,162500,175996
4652,162494,176010
4653,162527,176012
4654,162517,176016
4655,162545,176041
4656,162552,176048
4657,162553,176044
4658,162559,176068
4659,162546,176044
4660,162545,176066
4661,162562,176074
4662,162549,176079
4663,162558,176082
4664,162550,176078
4665,162559,176093
4666,162555,176086
4667,162577,176120
4668,162530,176067
4669,162540,176075
4670,162519,176063
4671,162542,176069
4672,162515,176097
4673,162507,176079
4674,162520,176069
4675,162513,176080
4676,162523,176055
4677,162517,176099
4678,162532,176085
4679,162543,176114
4680,162518,176109
4681,162523,176128
4682,162543,176137
4683,162521,176135
4684,162542,176142
4685,162541,176150
4686,162553,176153
4687,162531,176159
4688,162546,176154
4689,162524,176137
4690,162541,176136
4691,162532,176143
4692,162552,176151
4693,162527,176149
4694,162559,176132
4695,162560,176153
4696,162543,176136
4697,162542,176165
4698,162556,176132
4699,162585,176134
4700,162544,176134
4701,162565,176120
4702,162537,176111
4703,162535,176092
4704,162516,176037
4705,162505,176018
4706,162500,175975
4707,162475,175962
4708,162475,175939
4709,162464,175949
4710,162491,175959
4711,162471,175951
4712,162487,175957
4713,162504,175960
4714,162479,175979
4715,162503,175960
4716,162481,175986
4717,162506,175979
4718,162494,175995
4719,162508,175988
4720,162502,175993
4721,162494,176003
4722,162488,176004
4723,162516,175981
4724,162490,176008
4725,162506,176003
4726,162495,176004
4727,162504,176013
4728,162510,176042
4729,162502,176037
4730,162538,176022
4731,162523,176040
4732,162501,176039
4733,162513,176047
4734,162522,176036
4735,162523,176040
4736,162514,176062
4737,162528,176052
4738,162507,176055
4739,162519,176042
4740,162518,176069
4741,162535,176084
4742,162517,176065
4743,162546,176086
4744,162543,176071
4745,162547,176104
4746,162541,176086
4747,162513,176098
4748,162539,176102
4749,162570,176136
4750,162533,176114
4751,162545,176146
4752,162542,176135
4753,162543,176128
4754,162540,176119
4755,162553,176141
4756,162543,176136
4757,162556,176140
4758,162541,176145
4759,162547,176148
4760,162556,176151
4761,162542,176156
4762,162564,176159
4763,162555,176165
4764,162581,176171
4765,162564,176166
4766,162556,176167
4767,162559,176171
4768,162559,176173
4769,162564,176178
4770,162559,176166
4771,162563,176190
4772,162576,176193
4773,162550,176205
4774,162575,176172
4775,162585,176183
4776,162572,176201
4777,162568,176192
4778,162549,176192
4779,162563,176205
4780,162572,176206
4781,162565,176186
4782,162558,176188
4783,162546,176216
4784,162541,176207
4785,162567,176196
4786,162551,176192
4787,162524,176177
4788,162543,176114
4789,162514,176084
4790,162506,176066
4791,162480,176043
4792,162496,176006
4793,162473,176022
4794,162492,176017
4795,162500,176034
4796,162501,176031
4797,162485,176047
4798,162510,176067
4799,162500,176055
4800,162513,176068
4801,162494,176086
4802,162500,176071
4803,162484,176090
4804,162497,176077
4805,162490,176091
4806,162507,176105
4807,162506,176082
4808,162509,176105
4809,162497,176121
4810,162512,176113
4811,162502,176156
4812,162526,176121
4813,162520,176140
4814,162529,176143
4815,162508,176135
4816,162519,176128
4817,162523,176123
4818,162500,176126
4819,162507,176124
4820,162528,176118
4821,162509,176121
4822,162507,176125
4823,162512,176104
4824,162528,176102
4825,162506,176105
4826,162509,176107
4827,162500,176102
4828,162515,176101
4829,162515,176111
4830,162513,176130
4831,162519,176124
4832,162508,176126
4833,162505,176130
4834,162507,176122
4835,162532,176119
4836,162507,176123
4837,162537,176114
4838,162515,176113
4839,162500,176136
4840,162517,176120
4841,162506,176119
4842,162525,176133
4843,162505,176132
4844,162519,176127
4845,162513,176120
4846,162509,176110
4847,162517,176121
4848,162517,176135
4849,162496,176125
4850,162521,176122
4851,162515,176113
4852,162517,176147
4853,162532,176124
4854,162524,176106
4855,162521,176143
4856,162533,176149
4857,162518,176136
4858,162522,176131
4859,162533,176130
4860,162530,176113
4861,162508,176093
4862,162531,176056
4863,162483,176025
4864,162480,176003
4865,162523,175985
4866,162477,175946
4867,162465,175946
4868,162464,175940
4869,162437,175944
4870,162470,175963
4871,162477,175990
4872,162486,175965
4873,162504,175988
4874,162480,175990
4875,162528,176011
4876,162478,175983
4877,162459,175989
4878,162479,175971
4879,162471,175976
4880,162476,175998
4881,162498,175999
4882,162488,176000
4883,162496,176017
4884,162504,176007
4885,162497,176022
4886,162472,176007
4887,162494,176009
4888,162469,176005
4889,162495,176007
4890,162465,176001
4891,162484,176010
4892,162495,175982
4893,162478,175991
4894,162471,175994
4895,162508,175981
4896,162497,176022
4897,162500,175989
4898,162479,175999
4899,162468,175994
4900,162467,175992
4901,162474,176018
4902,162471,176000
4903,162478,176002
4904,162498,176015
4905,162483,176004
4906,162494,176003
4907,162481,176009
4908,162500,176010
4909,162509,176054
4910,162480,176015
4911,162494,176026
4912,162488,176009
4913,162490,176015
4914,162494,176016
4915,162491,176009
4916,162490,176014
4917,162499,176028
4918,162508,176023
4919,162515,176054
4920,162496,176023
4921,162490,176027
4922,162497,176025
4923,162491,176037
4924,162484,176025
4925,162498,176030
4926,162502,176048
4927,162492,176052
4928,162503,176038
4929,162489,176042
4930,162501,176054
4931,162511,176076
4932,162504,176070
4933,162478,176058
4934,162501,176069
4935,162502,176069
4936,162493,176083
4937,162503,176086
4938,162506,176103
4939,162521,176063
4940,162501,176083
4941,162496,176075
4942,162500,176074
4943,162491,176033
4944,162481,176025
4945,162467,175982
4946,162449,175941
4947,162449,175916
4948,162454,175901
4949,162445,175886
4950,162434,175897
4951,162422,175899
4952,162438,175909
4953,162439,175914
4954,162435,175926
4955,162450,175939
4956,162453,175937
4957,162443,175943
4958,162459,175962
4959,162453,175946
4960,162456,175952
4961,162442,175936
4962,162457,175961
4963,162455,175969
4964,162436,175965
4965,162457,175978
4966,162471,175988
4967,162461,175982
4968,162474,175983
4969,162448,175998
4970,162461,176005
4971,162465,175999
4972,162476,175989
4973,162468,175986
4974,162480,176006
4975,162480,175981
4976,162467,176002
4977,162467,176021
4978,162464,176023
4979,162473,175989
4980,162459,176009
4981,162454,176005
4982,162447,176012
4983,162460,176039
4984,162468,175995
4985,162456,176023
4986,162456,176013
4987,162472,176018
4988,162496,176040
4989,162496,176039
4990,162502,176044
4991,162473,176041
4992,162465,176060
4993,162484,176057
4994,162486,176058
4995,162489,176057
4996,162504,176086
4997,162490,176048
4998,162495,176067
4999,162470,176057
5000,162470,176078
5001,162479,176081
5002,162491,176083
5003,162470,176063
5004,162484,176070
5005,162470,176085
5006,162491,176084
5007,162494,176089
5008,162475,176076
5009,162503,176093
5010,162511,176077
5011,162498,176107
5012,162486,176093
5013,162513,176101
5014,162490,176095
5015,162540,176111
5016,162505,176122
5017,162538,176121
5018,162515,176121
5019,162510,176135
5020,162529,176155
5021,162506,176110
5022,162538,176130
5023,162516,176120
5024,162500,176105
5025,162501,176077
5026,162481,176044
5027,162480,176019
5028,162466,175985
5029,162465,175974
5030,162491,175981
5031,162460,175943
5032,162459,175964
5033,162440,175958
5034,162465,175955
5035,162474,175968
5036,162450,175995
5037,162469,175989
5038,162460,175999
5039,162494,176089
5040,162465,176006
5041,162471,175991
5042,162465,175998
5043,162470,175984
5044,162482,175993
5045,162466,176012
5046,162456,176015
5047,162480,176031
5048,162487,176023
5049,162483,176017
5050,162484,176014
5051,162476,176014
5052,162460,176018
5053,162482,176011
5054,162487,176024
5055,162518,176022
5056,162482,176011
5057,162474,176023
5058,162470,176028
5059,162467,176000
5060,162484,176024
5061,162471,176008
5062,162464,176014
5063,162452,176022
5064,162461,176033
5065,162457,176027
5066,162482,176002
5067,162476,176028
5068,162459,176039
5069,162442,176026
5070,162461,176038
5071,162461,176033
5072,162473,176044
5073,162467,176033
5074,162483,176019
5075,162476,176040
5076,162476,176017
5077,162474,176030
5078,162486,176035
5079,162467,176051
5080,162485,176047
5081,162489,176037
5082,162513,176065
5083,162470,176026
5084,162452,176052
5085,162465,176033
5086,162453,176041
5087,162468,176043
5088,162501,176037
5089,162474,176033
5090,162471,176038
5091,162471,176060
5092,162473,176045
5093,162466,176056
5094,162479,176059
5095,162458,176032
5096,162485,176060
5097,162454,176039
5098,162455,176011
5099,162444,175967
5100,162435,175959
5101,162436,175917
5102,162414,175899
5103,162421,175892
5104,162420,175876
5105,162404,175886
5106,162420,175870
5107,162419,175893
5108,162404,175893
5109,162410,175908
5110,162426,175906
5111,162429,175914
5112,162434,175923
5113,162416,175908
5114,162418,175919
5115,162438,175913
5116,162466,175937
5117,162462,175908
5118,162455,175931
5119,162426,175938
5120,162450,175924
5121,162456,175929
5122,162458,175924
5123,162438,175932
5124,162450,175968
5125,162444,175950
5126,162448,175944
5127,162444,175929
5128,162438,175936
5129,162449,175937
5130,162435,175948
5131,162444,175934
5132,162460,175949
5133,162470,175942
5134,162450,175946
5135,162445,175951
5136,162451,175968
5137,162476,175969
5138,162441,175955
5139,162459,175954
5140,162437,175943
5141,162459,175978
5142,162457,175963
5143,162456,175979
5144,162469,175995
5145,162472,175979
5146,162482,175983
5147,162457,175990
5148,162477,175970
5149,162453,175997
5150,162446,175995
5151,162469,175981
5152,162473,176001
5153,162450,176006
5154,162465,176017
5155,162458,176042
5156,162469,176034
5157,162501,176057
5158,162463,176012
5159,162458,176007
5160,162449,176023
5161,162458,176025
5162,162469,176018
5163,162485,176020
5164,162475,176006
5165,162470,176017
5166,162466,176000
5167,162494,176015
5168,162472,176001
5169,162481,176024
5170,162490,176035
5171,162477,176033
5172,162486,176042
5173,162477,176036
5174,162463,176026
5175,162467,176030
5176,162469,175992
5177,162460,175983
5178,162451,175950
5179,162440,175916
5180,162436,175889
5181,162416,175864
5182,162405,175868
5183,162428,175864
5184,162403,175850
5185,162389,175843
5186,162421,175851
5187,162416,175862
5188,162413,175863
5189,162410,175860
5190,162423,175845
5191,162415,175857
5192,162421,175862
5193,162408,175860
5194,162412,175847
5195,162415,175863
5196,162426,175857
5197,162435,175869
5198,162422,175873
5199,162409,175877
5200,162415,175882
5201,162436,175885
5202,162421,175904
5203,162446,175909
5204,162425,175902
5205,162414,175894
5206,162433,175905
5207,162435,175907
5208,162441,175909
5209,162442,175902
5210,162429,175912
5211,162425,175892
5212,162422,175870
5213,162417,175885
5214,162432,175892
5215,162424,175912
5216,162445,175905
5217,162426,175918
5218,162489,175940
5219,162439,175924
5220,162431,175917
5221,162437,175933
5222,162452,175924
5223,162444,175940
5224,162451,175938
5225,162440,175973
5226,162473,175962
5227,162449,175953
5228,162453,175979
5229,162450,175959
5230,162450,175949
5231,162450,175969
5232,162461,175984
5233,162450,175962
5234,162469,175971
5235,162456,175988
5236,162458,175965
5237,162481,175959
5238,162451,175979
5239,162482,175992
5240,162453,176000
5241,162464,176038
5242,162474,176003
5243,162449,176011
5244,162471,176017
5245,162491,176025
5246,162483,176014
5247,162473,176026
5248,162490,176031
5249,162483,176033
5250,162488,176022
5251,162497,176029
5252,162484,176049
5253,162489,176032
5254,162488,176041
5255,162507,176040
5256,162498,176055
5257,162475,176048
5258,162500,176039
5259,162485,176053
5260,162538,176086
5261,162480,176037
5262,162486,176025
5263,162472,176009
5264,162462,175968
5265,162465,175949
5266,162433,175912
5267,162416,175889
5268,162442,175879
5269,162415,175859
5270,162426,175877
5271,162416,175869
5272,162417,175875
5273,162432,175901
5274,162412,175919
5275,162429,175897
5276,162423,175910
5277,162429,175894
5278,162463,175921
5279,162415,175892
5280,162414,175895
5281,162414,175881
5282,162394,175891
5283,162419,175890
5284,162450,175903
5285,162430,175922
5286,162432,175930
5287,162456,175949
5288,162432,175926
5289,162441,175941
5290,162420,175939
5291,162430,175920
5292,162410,175930
5293,162414,175942
5294,162412,175926
5295,162472,176009
5296,162398,175918
5297,162412,175902
5298,162412,175907
5299,162418,175916
5300,162417,175893
5301,162408,175931
5302,162422,175926
5303,162445,175937
5304,162418,175935
5305,162414,175943
5306,162423,175929
5307,162427,175934
5308,162440,175933
5309,162416,175921
5310,162409,175936
5311,162412,175920
5312,162407,175944
5313,162407,175940
5314,162439,175937
5315,162407,175950
5316,162433,175951
5317,162402,175955
5318,162419,175968
5319,162399,175941
5320,162419,175934
5321,162426,175933
5322,162403,175969
5323,162428,175970
5324,162417,175943
5325,162414,175968
5326,162397,175963
5327,162411,175944
5328,162422,175952
5329,162415,175949
5330,162440,175965
5331,162412,175955
5332,162405,175960
5333,162411,175937
5334,162409,175945
5335,162410,175927
5336,162415,175896
5337,162383,175869
5338,162379,175831
5339,162380,175793
5340,162369,175771
5341,162375,175777
5342,162360,175776
5343,162353,175795
5344,162356,175773
5345,162378,175790
5346,162363,175801
5347,162352,175788
5348,162363,175770
5349,162361,175793
5350,162361,175783
5351,162347,175819
5352,162393,175824
5353,162372,175801
5354,162375,175820
5355,162374,175810
5356,162373,175823
5357,162357,175834
5358,162369,175843
5359,162397,175854
5360,162386,175841
5361,162364,175825
5362,162374,175832
5363,162367,175827
5364,162392,175833
5365,162370,175838
5366,162373,175826
5367,162395,175838
5368,162385,175823
5369,162384,175819
5370,162370,175820
5371,162399,175827
5372,162372,175841
5373,162385,175824
5374,162374,175829
5375,162383,175848
5376,162390,175854
5377,162382,175844
5378,162377,175859
5379,162397,175841
5380,162403,175849
5381,162386,175870
5382,162395,175856
5383,162413,175866
5384,162427,175909
5385,162391,175862
5386,162397,175863
5387,162397,175875
5388,162403,175886
5389,162380,175874
5390,162400,175868
5391,162401,175878
5392,162394,175910
5393,162401,175890
5394,162399,175888
5395,162407,175907
5396,162403,175921
5397,162441,175912
5398,162412,175879
5399,162406,175905
5400,162423,175909
5401,162405,175947
5402,162389,175946
5403,162422,175939
5404,162421,175926
5405,162407,175930
5406,162429,175950
5407,162447,175955
5408,162406,175948
5409,162446,175966
5410,162420,175944
5411,162416,175946
5412,162425,175946
5413,162413,175947
5414,162401,175910
5415,162391,175879
5416,162373,175869
5417,162378,175829
5418,162354,175778
5419,162329,175747
5420,162330,175728
5421,162357,175728
5422,162340,175707
5423,162324,175712
5424,162330,175724
5425,162323,175714
5426,162330,175742
5427,162330,175750
5428,162332,175749
5429,162317,175756
5430,162318,175729
5431,162331,175733
5432,162349,175761
5433,162338,175760
5434,162351,175765
5435,162343,175759
5436,162366,175748
5437,162335,175745
5438,162339,175779
5439,162342,175769
5440,162351,175798
5441,162335,175795
5442,162370,175799
5443,162333,175802
5444,162386,175805
5445,162359,175815
5446,162348,175815
5447,162359,175835
5448,162365,175814
5449,162369,175821
5450,162365,175831
5451,162375,175832
5452,162364,175822
5453,162382,175839
5454,162370,175855
5455,162393,175858
5456,162378,175870
5457,162386,175868
5458,162414,175858
5459,162407,175870
5460,162386,175864
5461,162399,175869
5462,162405,175863
5463,162413,175894
5464,162425,175888
5465,162397,175906
5466,162397,175886
5467,162409,175890
5468,162400,175890
5469,162382,175899
5470,162401,175912
5471,162405,175889
5472,162410,175896
5473,162413,175894
5474,162413,175901
5475,162399,175907
5476,162407,175907
5477,162406,175909
5478,162410,175895
5479,162416,175925
5480,162403,175910
5481,162400,175919
5482,162400,175934
5483,162397,175916
5484,162411,175919
5485,162407,175919
5486,162417,175926
5487,162451,175942
5488,162411,175938
5489,162424,175947
5490,162425,175950
5491,162415,175976
5492,162417,175967
5493,162414,176000
5494,162431,175959
5495,162406,175947
5496,162388,175882
5497,162383,175884
5498,162379,175852
5499,162355,175846
5500,162397,175818
5501,162356,175831
5502,162371,175819
5503,162371,175830
5504,162354,175835
5505,162410,175832
5506,162357,175826
5507,162341,175839
5508,162393,175844
5509,162380,175858
5510,162384,175869
5511,162393,175848
5512,162378,175833
5513,162387,175842
5514,162352,175858
5515,162394,175852
5516,162385,175861
5517,162389,175862
5518,162406,175885
5519,162417,175889
5520,162375,175893
5521,162408,175882
5522,162397,175865
5523,162381,175856
5524,162400,175863
5525,162388,175875
5526,162367,175863
5527,162378,175864
5528,162403,175876
5529,162381,175869
5530,162382,175851
5531,162396,175863
5532,162371,175873
5533,162363,175872
5534,162398,175871
5535,162381,175893
5536,162389,175875
5537,162383,175873
5538,162386,175863
5539,162381,175861
5540,162375,175873
5541,162389,175863
5542,162391,175871
5543,162379,175869
5544,162377,175864
5545,162379,175877
5546,162402,175888
5547,162381,175856
5548,162385,175861
5549,162378,175867
5550,162397,175866
5551,162383,175875
5552,162395,175878
5553,162378,175861
5554,162375,175881
5555,162391,175876
5556,162381,175870
5557,162388,175868
5558,162379,175869
5559,162391,175864
5560,162388,175893
5561,162385,175872
5562,162396,175887
5563,162378,175877
5564,162385,175859
5565,162363,175871
5566,162380,175884
5567,162373,175860
5568,162368,175854
5569,162372,175811
5570,162343,175789
5571,162333,175755
5572,162329,175717
5573,162303,175720
5574,162323,175688
5575,162309,175700
5576,162305,175697
5577,162313,175692
5578,162299,175707
5579,162317,175720
5580,162301,175704
5581,162308,175720
5582,162331,175733
5583,162329,175733
5584,162332,175720
5585,162314,175721
5586,162324,175704
5587,162340,175729
5588,162321,175727
5589,162322,175718
5590,162324,175746
5591,162342,175749
5592,162364,175759
5593,162337,175748
5594,162359,175735
5595,162362,175763
5596,162341,175765
5597,162313,175764
5598,162363,175756
5599,162335,175756
5600,162341,175762
5601,162335,175748
5602,162353,175742
5603,162332,175748
5604,162313,175760
5605,162351,175783
5606,162342,175785
5607,162324,175777
5608,162342,175780
5609,162336,175786
5610,162341,175780
5611,162353,175787
5612,162358,175793
5613,162367,175804
5614,162337,175813
5615,162336,175797
5616,162348,175798
5617,162365,175810
5618,162394,175801
5619,162381,175833
5620,162369,175804
5621,162349,175828
5622,162370,175819
5623,162370,175828
5624,162362,175832
5625,162367,175843
5626,162355,175858
5627,162383,175854
5628,162382,175863
5629,162368,175861
5630,162406,175850
5631,162391,175843
5632,162384,175853
5633,162360,175865
5634,162417,175876
5635,162398,175872
5636,162391,175883
5637,162378,175871
5638,162403,175860
5639,162379,175877
5640,162381,175883
5641,162394,175882
5642,162391,175876
5643,162380,175857
5644,162416,175902
5645,162390,175880
5646,162406,175873
5647,162390,175870
5648,162377,175840
5649,162344,175810
5650,162372,175790
5651,162365,175777
5652,162335,175731
5653,162315,175718
5654,162342,175703
5655,162328,175688
5656,162312,175691
5657,162352,175704
5658,162334,175682
5659,162334,175711
5660,162324,175706
5661,162335,175697
5662,162327,175702
5663,162332,175702
5664,162328,175701
5665,162321,175707
5666,162329,175709
5667,162331,175701
5668,162320,175706
5669,162318,175718
5670,162332,175735
5671,162310,175737
5672,162324,175737
5673,162329,175733
5674,162333,175768
5675,162339,175770
5676,162349,175770
5677,162342,175770
5678,162347,175763
5679,162354,175769
5680,162340,175753
5681,162362,175771
5682,162367,175754
5683,162366,175783
5684,162342,175786
5685,162339,175788
5686,162375,175782
5687,162353,175809
5688,162365,175804
5689,162355,175782
5690,162358,175803
5691,162375,175808
5692,162338,175808
5693,162344,175822
5694,162353,175831
5695,162353,175820
5696,162361,175813
5697,162366,175831
5698,162363,175828
5699,162364,175883
5700,162373,175857
5701,162376,175827
5702,162359,175841
5703,162376,175872
5704,162354,175889
5705,162378,175860
5706,162354,175867
5707,162369,175868
5708,162369,175868
5709,162373,175866
5710,162388,175892
5711,162381,175873
5712,162382,175893
5713,162374,175899
5714,162389,175893
5715,162362,175896
5716,162379,175905
5717,162372,175913
5718,162385,175919
5719,162391,175924
5720,162397,175908
5721,162388,175919
5722,162391,175939
5723,162404,175933
5724,162395,175933
5725,162377,175944
5726,162379,175962
5727,162392,175935
5728,162374,175960
5729,162370,175941
5730,162345,175902
5731,162340,175860
5732,162335,175821
5733,162312,175812
5734,162306,175819
5735,162327,175807
5736,162327,175817
5737,162310,175823
5738,162334,175829
5739,162318,175819
5740,162318,175834
5741,162315,175810
5742,162295,175838
5743,162311,175866
5744,162332,175855
5745,162337,175832
5746,162327,175842
5747,162323,175839
5748,162308,175857
5749,162326,175867
5750,162339,175847
5751,162334,175839
5752,162347,175853
5753,162340,175860
5754,162352,175864
5755,162337,175860
5756,162383,175873
5757,162342,175844
5758,162379,175878
5759,162354,175831
5760,162338,175837
5761,162322,175845
5762,162316,175839
5763,162348,175811
5764,162325,175820
5765,162335,175822
5766,162335,175825
5767,162368,175860
5768,162357,175829
5769,162337,175835
5770,162341,175831
5771,162354,175834
5772,162348,175834
5773,162341,175839
5774,162331,175848
5775,162341,175850
5776,162342,175857
5777,162368,175844
5778,162356,175882
5779,162352,175856
5780,162346,175841
5781,162328,175899
5782,162360,175868
5783,162338,175841
5784,162350,175863
5785,162332,175843
5786,162329,175847
5787,162380,175848
5788,162365,175909
5789,162351,175881
5790,162337,175894
5791,162346,175884
5792,162348,175888
5793,162355,175894
5794,162334,175900
5795,162334,175930
5796,162338,175921
5797,162358,175907
5798,162324,175942
5799,162335,175934
5800,162339,175930
5801,162334,175937
5802,162331,175930
5803,162309,175896
5804,162331,175877
5805,162341,175839
5806,162331,175848
5807,162278,175786
5808,162269,175790
5809,162255,175765
5810,162270,175782
5811,162246,175766
5812,162271,175771
5813,162269,175773
5814,162268,175774
5815,162277,175825
5816,162275,175799
5817,162281,175813
5818,162286,175799
5819,162287,175787
5820,162284,175800
5821,162260,175803
5822,162262,175801
5823,162262,175800
5824,162286,175815
5825,162293,175812
5826,162308,175818
5827,162281,175819
5828,162291,175849
5829,162295,175814
5830,162280,175833
5831,162290,175836
5832,162320,175851
5833,162279,175851
5834,162297,175853
5835,162294,175843
5836,162287,175851
5837,162278,175823
5838,162295,175827
5839,162281,175832
5840,162294,175835
5841,162282,175826
5842,162285,175843
5843,162286,175831
5844,162284,175824
5845,162284,175833
5846,162258,175823
5847,162260,175844
5848,162261,175830
5849,162285,175839
5850,162301,175822
5851,162262,175831
5852,162274,175847
5853,162264,175845
5854,162269,175860
5855,162294,175865
5856,162272,175839
5857,162290,175856
5858,162286,175859
5859,162284,175846
5860,162285,175851
5861,162277,175856
5862,162288,175874
5863,162277,175865
5864,162260,175868
5865,162272,175873
5866,162275,175883
5867,162278,175874
5868,162282,175855
5869,162282,175862
5870,162286,175867
5871,162297,175884
5872,162297,175872
5873,162289,175894
5874,162298,175888
5875,162295,175882
5876,162284,175876
5877,162298,175892
5878,162316,175909
5879,162290,175877
5880,162283,175888
5881,162290,175907
5882,162289,175887
5883,162302,175901
5884,162302,175906
5885,162304,175884
5886,162285,175856
5887,162291,175852
5888,162277,175815
5889,162267,175772
5890,162253,175772
5891,162253,175759
5892,162263,175739
5893,162260,175724
5894,162257,175736
5895,162220,175733
5896,162257,175756
5897,162255,175754
5898,162256,175771
5899,162219,175754
5900,162247,175751
5901,162231,175750
5902,162245,175763
5903,162242,175775
5904,162255,175769
5905,162264,175761
5906,162276,175793
5907,162258,175792
5908,162292,175806
5909,162244,175800
5910,162273,175801
5911,162271,175807
5912,162275,175814
5913,162283,175859
5914,162276,175846
5915,162287,175828
5916,162310,175860
5917,162310,175843
5918,162287,175833
5919,162261,175839
5920,162271,175827
5921,162255,175834
5922,162270,175852
5923,162296,175835
5924,162271,175858
5925,162293,175844
5926,162287,175855
5927,162282,175849
5928,162288,175867
5929,162268,175861
5930,162288,175849
5931,162304,175863
5932,162290,175877
5933,162286,175868
5934,162295,175884
5935,162313,175901
5936,162279,175891
5937,162306,175885
5938,162282,175891
5939,162292,175912
5940,162278,175912
5941,162305,175913
5942,162273,175906
5943,162286,175905
5944,162293,175934
5945,162298,175936
5946,162281,175940
5947,162295,175964
5948,162295,175975
5949,162285,175974
5950,162292,175974
5951,162292,175970
5952,162285,175966
5953,162282,175976
5954,162310,175970
5955,162302,175978
5956,162282,175982
5957,162311,175977
5958,162307,175987
5959,162314,175973
5960,162290,175976
5961,162302,175968
5962,162284,175924
5963,162304,175929
5964,162302,175884
5965,162289,175875
5966,162282,175839
5967,162263,175846
5968,162260,175823
5969,162273,175792
5970,162247,175813
5971,162267,175809
5972,162280,175818
5973,162278,175817
5974,162276,175819
5975,162264,175823
5976,162283,175842
5977,162252,175840
5978,162264,175831
5979,162286,175821
5980,162293,175831
5981,162298,175830
5982,162304,175825
5983,162284,175830
5984,162284,175826
5985,162284,175844
5986,162264,175839
5987,162280,175838
5988,162280,175823
5989,162292,175826
5990,162317,175826
5991,162288,175821
5992,162287,175839
5993,162297,175815
5994,162299,175811
5995,162276,175812
5996,162280,175829
5997,162302,175833
5998,162287,175827
5999,162290,175825
6000,162282,175836
6001,162307,175846
6002,162276,175843
6003,162298,175831
6004,162280,175871
6005,162304,175860
6006,162291,175868
6007,162313,175880
6008,162314,175880
6009,162300,175873
6010,162293,175862
6011,162316,175893
6012,162325,175905
6013,162317,175887
6014,162306,175867
6015,162321,175877
6016,162320,175895
6017,162323,175894
6018,162302,175882
6019,162331,175894
6020,162315,175895
6021,162307,175920
6022,162332,175938
6023,162327,175929
6024,162314,175916
6025,162327,175939
6026,162319,175944
6027,162295,175936
6028,162335,175935
6029,162334,175918
6030,162320,175952
6031,162336,175935
6032,162354,175967
6033,162336,175957
6034,162348,175939
6035,162328,175957
6036,162296,175927
6037,162317,175935
6038,162332,175906
6039,162303,175909
6040,162292,175847
6041,162270,175825
6042,162278,175817
6043,162262,175743
6044,162271,175743
6045,162265,175738
6046,162234,175716
6047,162267,175748
6048,162276,175741
6049,162255,175753
6050,162268,175748
6051,162260,175751
6052,162283,175751
6053,162272,175748
6054,162269,175761
6055,162257,175769
6056,162288,175745
6057,162282,175749
6058,162263,175765
6059,162256,175756
6060,162286,175771
6061,162260,175763
6062,162286,175767
6063,162277,175757
6064,162283,175770
6065,162282,175786
6066,162267,175778
6067,162267,175788
6068,162280,175791
6069,162282,175762
6070,162284,175780
6071,162256,175753
6072,162291,175763
6073,162274,175764
6074,162263,175757
6075,162275,175771
6076,162278,175788
6077,162276,175786
6078,162263,175782
6079,162269,175807
6080,162266,175780
6081,162306,175802
6082,162276,175785
6083,162265,175795
6084,162304,175807
6085,162292,175821
6086,162278,175817
6087,162273,175824
6088,162289,175814
6089,162290,175810
6090,162278,175817
6091,162284,175811
6092,162298,175821
6093,162281,175835
6094,162265,175838
6095,162289,175821
6096,162283,175838
6097,162287,175827
6098,162288,175838
6099,162295,175841
6100,162300,175857
6101,162331,175838
6102,162288,175845
6103,162293,175856
6104,162303,175844
6105,162299,175867
6106,162316,175887
6107,162302,175864
6108,162268,175871
6109,162291,175866
6110,162273,175869
6111,162290,175874
6112,162301,175894
6113,162306,175890
6114,162304,175900
6115,162328,175895
6116,162320,175898
6117,162291,175888
6118,162297,175901
6119,162285,175902
6120,162296,175906
6121,162292,175891
6122,162290,175833
6123,162283,175799
6124,162271,175784
6125,162267,175751
6126,162256,175741
6127,162232,175743
6128,162234,175733
6129,162266,175739
6130,162265,175759
6131,162260,175746
6132,162262,175753
6133,162252,175760
6134,162248,175762
6135,162256,175754
6136,162276,175773
6137,162290,175762
6138,162279,175794
6139,162291,175782
6140,162270,175767
6141,162273,175768
6142,162270,175784
6143,162282,175773
6144,162282,175789
6145,162290,175790
6146,162282,175799
6147,162277,175783
6148,162292,175776
6149,162302,175768
6150,162307,175804
6151,162297,175795
6152,162301,175792
6153,162271,175777
6154,162283,175777
6155,162279,175802
6156,162270,175763
6157,162289,175763
6158,162277,175777
6159,162275,175765
6160,162258,175788
6161,162274,175768
6162,162260,175772
6163,162246,175776
6164,162280,175801
6165,162259,175777
6166,162255,175805
6167,162309,175804
6168,162298,175803
6169,162279,175778
6170,162264,175784
6171,162249,175784
6172,162261,175791
6173,162283,175782
6174,162283,175795
6175,162270,175776
6176,162291,175785
6177,162246,175798
6178,162265,175784
6179,162254,175785
6180,162270,175776
6181,162257,175785
6182,162268,175795
6183,162266,175780
6184,162273,175788
6185,162288,175781
6186,162266,175791
6187,162244,175788
6188,162280,175772
6189,162268,175757
6190,162267,175779
6191,162290,175766
6192,162276,175763
6193,162255,175752
6194,162257,175730
6195,162239,175689
6196,162244,175638
6197,162212,175620
6198,162189,175588
6199,162203,175587
6200,162201,175569
6201,162194,175572
6202,162201,175590
6203,162196,175590
6204,162207,175595
6205,162216,175593
6206,162214,175610
6207,162203,175622
6208,162209,175618
6209,162208,175623
6210,162209,175643
6211,162208,175638
6212,162220,175667
6213,162212,175635
6214,162243,175648
6215,162213,175639
6216,162220,175631
6217,162229,175661
6218,162242,175654
6219,162247,175673
6220,162226,175673
6221,162226,175657
6222,162216,175662
6223,162229,175652
6224,162223,175650
6225,162222,175654
6226,162215,175655
6227,162243,175654
6228,162227,175645
6229,162218,175652
6230,162238,175671
6231,162232,175671
6232,162237,175675
6233,162239,175670
6234,162241,175670
6235,162251,175674
6236,162235,175682
6237,162231,175664
6238,162242,175677
6239,162246,175679
6240,162254,175658
6241,162225,175692
6242,162237,175679
6243,162231,175669
6244,162241,175668
6245,162237,175674
6246,162236,175659
6247,162235,175665
6248,162223,175681
6249,162247,175651
6250,162238,175670
6251,162224,175650
6252,162225,175657
6253,162246,175656
6254,162236,175662
6255,162236,175680
6256,162239,175667
6257,162245,175644
6258,162234,175682
6259,162216,175655
6260,162239,175680
6261,162245,175662
6262,162244,175692
6263,162212,175674
6264,162218,175676
6265,162242,175724
6266,162217,175673
6267,162224,175674
6268,162219,175664
6269,162208,175596
6270,162156,175588
6271,162183,175521
6272,162178,175517
6273,162142,175489
6274,162146,175472
6275,162172,175496
6276,162136,175475
6277,162159,175489
6278,162167,175467
6279,162179,175498
6280,162177,175497
6281,162184,175520
6282,162166,175504
6283,162164,175505
6284,162165,175509
6285,162158,175509
6286,162153,175506
6287,162177,175520
6288,162141,175496
6289,162154,175501
6290,162181,175510
6291,162161,175525
6292,162165,175503
6293,162159,175526
6294,162163,175532
6295,162198,175574
6296,162149,175530
6297,162195,175553
6298,162162,175541
6299,162135,175539
6300,162146,175541
6301,162159,175545
6302,162142,175544
6303,162143,175517
6304,162142,175553
6305,162143,175547
6306,162146,175522
6307,162155,175527
6308,162142,175519
6309,162134,175528
6310,162153,175547
6311,162126,175543
6312,162149,175564
6313,162150,175580
6314,162156,175594
6315,162168,175620
6316,162150,175590
6317,162158,175588
6318,162164,175599
6319,162159,175594
6320,162167,175602
6321,162165,175616
6322,162164,175597
6323,162173,175610
6324,162173,175623
6325,162159,175658
6326,162167,175633
6327,162161,175661
6328,162171,175652
6329,162182,175643
6330,162173,175648
6331,162177,175660
6332,162173,175651
6333,162184,175666
6334,162182,175674
6335,162186,175665
6336,162167,175673
6337,162165,175660
6338,162202,175690
6339,162191,175683
6340,162176,175675
6341,162172,175647
6342,162157,175655
6343,162169,175643
6344,162128,175582
6345,162127,175557
6346,162125,175518
6347,162114,175480
6348,162106,175436
6349,162101,175431
6350,162095,175437
6351,162075,175410
6352,162076,175441
6353,162089,175454
6354,162108,175480
6355,162091,175479
6356,162098,175469
6357,162090,175463
6358,162097,175509
6359,162134,175535
6360,162153,175574
6361,162163,175676
6362,162190,175706
6363,162182,175731
6364,162220,175768
6365,162228,175838
6366,162232,175861
6367,162252,175907
6368,162276,175927
6369,162264,175953
6370,162287,175945
6371,162266,175938
6372,162248,175937
6373,162278,175965
6374,162268,175935
6375,162261,175957
6376,162271,175995
6377,162260,175985
6378,162266,175993
6379,162284,176015
6380,162258,176006
6381,162262,176026
6382,162307,176021
6383,162282,176030
6384,162293,176072
6385,162317,176074
6386,162305,176081
6387,162312,176130
6388,162352,176150
6389,162363,176196
6390,162375,176205
6391,162378,176203
6392,162385,176207
6393,162382,176183
6394,162434,176219
6395,162430,176222
6396,162438,176240
6397,162459,176250
6398,162461,176251
6399,162459,176235
6400,162475,176244
6401,162482,176268
6402,162479,176259
6403,162513,176261
6404,162478,176264
6405,162547,176282
6406,162557,176279
6407,162521,176275
6408,162573,176298
6409,162560,176286
6410,162505,176289
6411,162520,176209
6412,162518,176209
6413,162510,176226
6414,162544,176229
6415,162529,176189
6416,162526,176189
6417,162556,176194
6418,162527,176203
6419,162504,176189
6420,162497,176169
6421,162498,176161
6422,162500,176167
6423,162506,176206
6424,162528,176245
6425,162525,176250
6426,162501,176250
6427,162510,176270
6428,162502,176278
6429,162505,176280
6430,162529,176289
6431,162525,176326
6432,162559,176362
6433,162531,176342
6434,162557,176364
6435,162570,176393
6436,162584,176403
6437,162555,176420
6438,162587,176453
6439,162608,176465
6440,162589,176459
6441,162602,176449
6442,162645,176491
6443,162621,176472
6444,162618,176469
6445,162625,176483
6446,162625,176464
6447,162632,176473
6448,162632,176476
6449,162643,176483
6450,162657,176465
6451,162640,176479
6452,162653,176473
6453,162642,176472
6454,162653,176459
6455,162650,176475
6456,162662,176468
6457,162647,176453
6458,162666,176440
6459,162658,176455
6460,162634,176445
6461,162653,176443
6462,162634,176450
6463,162663,176425
6464,162651,176440
6465,162667,176433
6466,162631,176411
6467,162619,176406
6468,162644,176402
6469,162615,176370
6470,162628,176402
6471,162644,176396
6472,162617,176407
6473,162651,176406
6474,162643,176425
6475,162635,176429
6476,162667,176441
6477,162668,176472
6478,162661,176471
6479,162667,176478
6480,162670,176464
6481,162664,176479
6482,162675,176487
6483,162672,176481
6484,162677,176488
6485,162681,176485
6486,162664,176502
6487,162688,176495
6488,162681,176505
6489,162684,176491
6490,162687,176508
6491,162696,176502
6492,162682,176500
6493,162694,176513
6494,162696,176439
6495,162666,176418
6496,162640,176368
6497,162627,176362
6498,162627,176322
6499,162634,176326
6500,162621,176346
6501,162631,176328
6502,162577,176340
6503,162579,176336
6504,162587,176344
6505,162588,176328
6506,162570,176357
6507,162572,176339
6508,162570,176372
6509,162583,176366
6510,162580,176398
6511,162571,176364
6512,162577,176392
6513,162579,176396
6514,162570,176403
6515,162569,176381
6516,162569,176392
6517,162545,176380
6518,162559,176382
6519,162569,176363
6520,162566,176399
6521,162562,176395
6522,162583,176396
6523,162547,176428
6524,162555,176406
6525,162565,176438
6526,162529,176407
6527,162542,176403
6528,162518,176408
6529,162536,176417
6530,162521,176448
6531,162516,176466
6532,162510,176526
6533,162526,176597
6534,162519,176624
6535,162468,176565
6536,162497,176565
6537,162501,176616
6538,162518,176626
6539,162495,176659
6540,162512,176679
6541,162500,176665
6542,162520,176715
6543,162509,176733
6544,162542,176745
6545,162531,176779
6546,162552,176792
6547,162546,176774
6548,162531,176797
6549,162574,176833
6550,162614,176830
6551,162571,176810
6552,162573,176814
6553,162590,176818
6554,162591,176803
6555,162602,176805
6556,162630,176816
6557,162622,176829
6558,162626,176834
6559,162649,176837
6560,162645,176804
6561,162643,176818
6562,162642,176813
6563,162647,176780
6564,162668,176781
6565,162685,176759
6566,162676,176797
6567,162681,176775
6568,162675,176773
6569,162671,176758
6570,162674,176759
6571,162699,176736
6572,162680,176721
6573,162711,176717
6574,162687,176741
6575,162710,176700
6576,162678,176673
6577,162677,176661
6578,162665,176662
6579,162660,176623
6580,162651,176590
6581,162639,176575
6582,162642,176516
6583,162617,176494
6584,162588,176434
6585,162593,176428
6586,162611,176412
6587,162605,176408
6588,162604,176432
6589,162591,176413
6590,162631,176410
6591,162592,176401
6592,162576,176394
6593,162592,176372
6594,162589,176386
6595,162578,176388
6596,162570,176404
6597,162567,176376
6598,162582,176368
6599,162590,176372
6600,162572,176368
6601,162606,176411
6602,162562,176382
6603,162581,176392
6604,162559,176409
6605,162578,176372
6606,162558,176396
6607,162560,176385
6608,162577,176383
6609,162567,176407
6610,162570,176381
6611,162574,176370
6612,162579,176369
6613,162563,176359
6614,162575,176377
6615,162559,176389
6616,162563,176387
6617,162569,176390
6618,162576,176379
6619,162538,176402
6620,162541,176385
6621,162564,176370
6622,162556,176378
6623,162564,176397
6624,162565,176392
6625,162576,176384
6626,162571,176408
6627,162542,176410
6628,162562,176432
6629,162564,176420
6630,162564,176433
6631,162527,176430
6632,162581,176437
6633,162555,176446
6634,162548,176433
6635,162533,176432
6636,162555,176451
6637,162527,176439
6638,162550,176434
6639,162546,176445
6640,162593,176479
6641,162574,176435
6642,162546,176443
6643,162541,176451
6644,162573,176472
6645,162580,176468
6646,162570,176453
6647,162533,176438
6648,162579,176454
6649,162560,176422
6650,162585,176451
6651,162572,176424
6652,162565,176436
6653,162561,176450
6654,162581,176399
6655,162583,176414
6656,162573,176412
6657,162576,176382
6658,162555,176378
6659,162543,176340
6660,162540,176293
6661,162533,176281
6662,162509,176252
6663,162510,176227
6664,162489,176214
6665,162487,176210
6666,162498,176207
6667,162488,176201
6668,162479,176205
6669,162484,176217
6670,162488,176205
6671,162484,176213
6672,162483,176248
6673,162505,176229
6674,162488,176224
6675,162481,176245
6676,162496,176232
6677,162491,176251
6678,162501,176261
6679,162495,176243
6680,162502,176248
6681,162504,176277
6682,162503,176265
6683,162491,176293
6684,162505,176249
6685,162524,176264
6686,162490,176291
6687,162502,176248
6688,162489,176272
6689,162469,176271
6690,162501,176256
6691,162476,176240
6692,162457,176234
6693,162458,176206
6694,162474,176194
6695,162487,176193
6696,162472,176179
6697,162475,176210
6698,162462,176185
6699,162461,176211
6700,162466,176182
6701,162472,176230
6702,162461,176219
6703,162483,176231
6704,162483,176244
6705,162475,176223
6706,162479,176226
6707,162488,176247
6708,162478,176231
6709,162477,176240
6710,162481,176251
6711,162482,176245
6712,162470,176272
6713,162485,176266
6714,162461,176273
6715,162479,176282
6716,162469,176287
6717,162473,176297
6718,162521,176274
6719,162477,176296
6720,162465,176296
6721,162464,176320
6722,162468,176315
6723,162479,176321
6724,162482,176324
6725,162472,176281
6726,162482,176300
6727,162467,176264
6728,162459,176235
6729,162463,176269
6730,162488,176260
6731,162481,176279
6732,162488,176249
6733,162467,176245
6734,162460,176208
6735,162445,176178
6736,162446,176126
6737,162453,176112
6738,162438,176067
6739,162397,176050
6740,162388,176010
6741,162393,176001
6742,162391,176013
6743,162349,176006
6744,162350,175991
6745,162378,176002
6746,162367,176010
6747,162368,176005
6748,162385,176024
6749,162364,176008
6750,162367,176028
6751,162380,176006
6752,162365,176018
6753,162397,176015
6754,162401,176028
6755,162387,176056
6756,162382,176054
6757,162409,176066
6758,162408,176066
6759,162411,176104
6760,162395,176130
6761,162428,176131
6762,162400,176121
6763,162409,176121
6764,162410,176125
6765,162395,176141
6766,162390,176117
6767,162401,176110
6768,162407,176111
6769,162414,176093
6770,162375,176141
6771,162397,176117
6772,162389,176111
6773,162403,176134
6774,162405,176108
6775,162410,176114
6776,162420,176117
6777,162423,176105
6778,162393,176119
6779,162400,176121
6780,162396,176133
6781,162407,176137
6782,162422,176125
6783,162435,176149
6784,162390,176150
6785,162402,176173
6786,162422,176166
6787,162420,176179
6788,162421,176173
6789,162437,176199
6790,162447,176196
6791,162425,176222
6792,162437,176241
