n,red,ir
16594,79787,82697
16595,79807,82706
16596,79807,82730
16597,79806,82732
16598,79812,82738
16599,79818,82745
16600,79826,82743
16601,79829,82752
16602,79832,82757
16603,79833,82752
16604,79830,82748
16605,79815,82732
16606,79804,82716
16607,79790,82674
16608,79774,82637
16609,79762,82600
16610,79755,82579
16611,79754,82570
16612,79738,82551
16613,79735,82538
16614,79740,82525
16615,79737,82521
16616,79739,82526
16617,79735,82524
16618,79750,82543
16619,79756,82550
16620,79767,82564
16621,79782,82587
16622,79813,82628
16623,79821,82664
16624,79840,82692
16625,79847,82717
16626,79857,82739
16627,79864,82767
16628,79878,82779
16629,79878,82791
16630,79888,82806
16631,79891,82821
16632,79887,82828
16633,79899,82834
16634,79893,82841
16635,79900,82869
16636,79899,82870
16637,79910,82888
16638,79909,82893
16639,79910,82902
16640,79916,82906
16641,79917,82905
16642,79902,82913
16643,79906,82908
16644,79904,82914
16645,79897,82919
16646,79892,82911
16647,79894,82915
16648,79887,82913
16649,79893,82924
16650,79894,82920
16651,79897,82925
16652,79899,82941
16653,79899,82941
16654,79899,82950
16655,79907,82954
16656,79917,82975
16657,79907,82988
16658,79920,82989
16659,79930,83001
16660,79937,83015
16661,79933,83030
16662,79930,83034
16663,79943,83035
16664,79947,83053
16665,79948,83065
16666,79952,83074
16667,79949,83066
16668,79943,83061
16669,79927,83018
16670,79910,82978
16671,79885,82927
16672,79852,82860
16673,79831,82808
16674,79816,82762
16675,79796,82712
16676,79788,82689
16677,79784,82676
16678,79782,82665
16679,79782,82669
16680,79782,82666
16681,79780,82670
16682,79793,82683
16683,79795,82692
16684,79799,82710
16685,79798,82720
16686,79807,82728
16687,79794,82724
16688,79795,82723
16689,79800,82719
16690,79790,82709
16691,79793,82700
16692,79784,82701
16693,79789,82703
16694,79798,82716
16695,79802,82722
16696,79800,82723
16697,79805,82722
16698,79799,82731
16699,79804,82723
16700,79796,82716
16701,79798,82714
16702,79793,82708
16703,79792,82703
16704,79799,82704
16705,79797,82708
16706,79795,82704
16707,79797,82703
16708,79795,82699
16709,79803,82710
16710,79805,82716
16711,79814,82730
16712,79825,82738
16713,79832,82747
16714,79830,82762
16715,79837,82758
16716,79832,82765
16717,79836,82769
16718,79841,82773
16719,79837,82785
16720,79838,82799
16721,79848,82798
16722,79844,82799
16723,79844,82811
16724,79845,82812
16725,79860,82805
16726,79856,82817
16727,79846,82827
16728,79856,82817
16729,79856,82840
16730,79853,82840
16731,79853,82838
16732,79859,82844
16733,79863,82861
16734,79858,82865
16735,79853,82868
16736,79870,82872
16737,79868,82876
16738,79869,82882
16739,79881,82898
16740,79878,82913
16741,79886,82920
16742,79880,82917
16743,79880,82911
16744,79864,82913
16745,79864,82926
16746,79866,82934
16747,79869,82945
16748,79866,82939
16749,79858,82934
16750,79846,82919
16751,79837,82924
16752,79837,82922
16753,79831,82907
16754,79828,82913
16755,79833,82904
16756,79819,82916
16757,79829,82911
16758,79814,82895
16759,79808,82895
16760,79810,82893
16761,79797,82873
16762,79791,82868
16763,79781,82842
16764,79774,82812
16765,79763,82777
16766,79738,82737
16767,79719,82690
16768,79688,82645
16769,79665,82601
16770,79642,82557
16771,79623,82517
16772,79600,82492
16773,79579,82477
16774,79591,82480
16775,79589,82477
16776,79595,82482
16777,79587,82501
16778,79601,82513
16779,79605,82515
16780,79606,82523
16781,79609,82536
16782,79611,82547
16783,79609,82551
16784,79603,82546
16785,79596,82549
16786,79574,82540
16787,79557,82527
16788,79544,82519
16789,79534,82512
16790,79543,82530
16791,79538,82532
16792,79544,82544
16793,79557,82553
16794,79552,82563
16795,79550,82582
16796,79559,82591
16797,79555,82595
16798,79544,82588
16799,79541,82594
16800,79548,82591
16801,79541,82594
16802,79543,82594
16803,79539,82602
16804,79543,82603
16805,79544,82611
16806,79549,82610
16807,79551,82631
16808,79569,82647
16809,79569,82662
16810,79569,82680
16811,79577,82707
16812,79578,82731
16813,79580,82749
16814,79589,82773
16815,79593,82786
16816,79591,82793
16817,79589,82803
16818,79596,82819
16819,79595,82819
16820,79601,82833
16821,79605,82843
16822,79605,82836
16823,79591,82841
16824,79594,82827
16825,79585,82815
16826,79589,82818
16827,79591,82800
16828,79585,82772
16829,79579,82754
16830,79579,82739
16831,79576,82725
16832,79567,82708
16833,79577,82704
16834,79566,82693
16835,79576,82674
16836,79584,82680
16837,79590,82677
16838,79594,82683
16839,79600,82669
16840,79614,82668
16841,79603,82666
16842,79601,82650
16843,79619,82656
16844,79620,82650
16845,79626,82648
16846,79629,82649
16847,79642,82650
16848,79644,82645
16849,79650,82678
16850,79661,82694
16851,79674,82699
16852,79675,82702
16853,79678,82712
16854,79664,82703
16855,79669,82693
16856,79657,82676
16857,79654,82677
16858,79653,82665
16859,79657,82658
16860,79654,82667
16861,79656,82667
16862,79653,82674
16863,79655,82671
16864,79654,82673
16865,79651,82673
16866,79664,82683
16867,79670,82691
16868,79680,82699
16869,79686,82708
16870,79685,82706
16871,79700,82716
16872,79698,82730
16873,79700,82722
16874,79699,82702
16875,79683,82659
16876,79682,82621
16877,79661,82580
16878,79647,82527
16879,79631,82501
16880,79626,82460
16881,79611,82427
16882,79608,82416
16883,79607,82423
16884,79605,82422
16885,79611,82421
16886,79616,82424
16887,79627,82446
16888,79620,82452
16889,79641,82469
16890,79630,82478
16891,79628,82469
16892,79624,82484
16893,79620,82474
16894,79609,82459
16895,79595,82443
16896,79598,82422
16897,79586,82421
16898,79582,82417
16899,79561,82410
16900,79573,82416
16901,79571,82421
16902,79574,82424
16903,79586,82421
16904,79582,82423
16905,79589,82441
16906,79595,82465
16907,79613,82487
16908,79620,82522
16909,79643,82551
16910,79650,82569
16911,79660,82590
16912,79663,82605
16913,79688,82626
16914,79679,82637
16915,79687,82635
16916,79683,82654
16917,79702,82674
16918,79702,82685
16919,79714,82692
16920,79717,82713
16921,79721,82734
16922,79717,82748
16923,79717,82741
16924,79709,82743
16925,79713,82748
16926,79708,82754
16927,79720,82767
16928,79714,82775
16929,79735,82790
16930,79756,82821
16931,79750,82822
16932,79756,82831
16933,79755,82818
16934,79749,82827
16935,79753,82822
16936,79752,82810
16937,79744,82802
16938,79740,82806
16939,79731,82785
16940,79724,82763
16941,79719,82755
16942,79727,82762
16943,79720,82749
16944,79718,82745
16945,79725,82759
16946,79726,82754
16947,79739,82756
16948,79741,82762
16949,79757,82757
16950,79761,82765
16951,79777,82785
16952,79782,82793
16953,79791,82798
16954,79782,82791
16955,79780,82785
16956,79761,82756
16957,79754,82745
16958,79757,82734
16959,79751,82728
16960,79754,82713
16961,79752,82705
16962,79743,82692
16963,79742,82673
16964,79726,82634
16965,79742,82629
16966,79742,82627
16967,79735,82617
16968,79733,82604
16969,79727,82606
16970,79735,82589
16971,79739,82601
16972,79743,82592
16973,79745,82586
16974,79750,82570
16975,79731,82562
16976,79742,82543
16977,79739,82549
16978,79742,82559
16979,79725,82537
16980,79701,82520
16981,79685,82503
16982,79682,82492
16983,79668,82470
16984,79657,82463
16985,79635,82445
16986,79625,82441
16987,79625,82442
16988,79620,82454
16989,79609,82458
16990,79603,82475
16991,79600,82491
16992,79602,82507
16993,79590,82532
16994,79561,82518
16995,79538,82505
16996,79521,82489
16997,79508,82489
16998,79502,82487
16999,79496,82498
17000,79483,82497
17001,79474,82505
17002,79466,82513
17003,79457,82516
17004,79450,82512
17005,79442,82506
17006,79439,82524
17007,79438,82530
17008,79425,82533
17009,79431,82546
17010,79427,82559
17011,79442,82580
17012,79442,82621
17013,79445,82644
17014,79461,82684
17015,79478,82725
17016,79483,82752
17017,79485,82777
17018,79489,82790
17019,79496,82817
17020,79492,82812
17021,79470,82804
17022,79443,82783
17023,79423,82757
17024,79418,82737
17025,79414,82735
17026,79437,82761
17027,79446,82796
17028,79460,82840
17029,79485,82886
17030,79498,82928
17031,79505,82964
17032,79507,83000
17033,79498,83008
17034,79492,83025
17035,79468,83005
17036,79455,82984
17037,79440,82964
17038,79420,82914
17039,79410,82899
17040,79409,82879
17041,79399,82869
17042,79390,82853
17043,79381,82841
17044,79380,82838
17045,79380,82852
17046,79390,82868
17047,79409,82905
17048,79438,82944
17049,79442,82962
17050,79436,82971
17051,79429,82980
17052,79441,83006
17053,79441,83026
17054,79437,83025
17055,79438,83024
17056,79422,83018
17057,79397,82988
17058,79377,82954
17059,79346,82904
17060,79329,82867
17061,79323,82829
17062,79303,82807
17063,79284,82778
17064,79281,82748
17065,79292,82743
17066,79281,82748
17067,79283,82747
17068,79284,82751
17069,79286,82783
17070,79291,82798
17071,79311,82820
17072,79313,82841
17073,79317,82859
17074,79316,82878
17075,79312,82878
17076,79299,82864
17077,79286,82841
17078,79273,82815
17079,79292,82817
17080,79284,82821
17081,79293,82827
17082,79291,82822
17083,79293,82829
17084,79292,82826
17085,79286,82835
17086,79292,82818
17087,79279,82805
17088,79272,82797
17089,79278,82787
17090,79267,82762
17091,79251,82758
17092,79260,82755
17093,79261,82753
17094,79271,82749
17095,79265,82754
17096,79265,82757
17097,79277,82753
17098,79278,82759
17099,79281,82767
17100,79284,82773
17101,79281,82790
17102,79301,82808
17103,79309,82823
17104,79319,82848
17105,79331,82869
17106,79345,82882
17107,79349,82890
17108,79365,82909
17109,79372,82931
17110,79373,82947
17111,79381,82957
17112,79379,82973
17113,79379,82968
17114,79384,82982
17115,79380,82970
17116,79381,82981
17117,79378,82983
17118,79382,82986
17119,79376,82983
17120,79375,82998
17121,79374,82997
17122,79379,82997
17123,79377,82986
17124,79375,83000
17125,79371,82984
17126,79362,82987
17127,79366,82984
17128,79358,82987
17129,79352,82986
17130,79354,82977
17131,79350,82976
17132,79348,82961
17133,79340,82948
17134,79334,82931
17135,79308,82882
17136,79273,82827
17137,79250,82745
17138,79225,82679
17139,79190,82629
17140,79175,82567
17141,79155,82520
17142,79135,82475
17143,79126,82448
17144,79114,82425
17145,79108,82406
17146,79103,82408
17147,79105,82401
17148,79099,82405
17149,79093,82404
17150,79087,82418
17151,79097,82421
17152,79094,82437
17153,79106,82436
17154,79094,82436
17155,79097,82429
17156,79093,82425
17157,79097,82427
17158,79095,82412
17159,79088,82415
17160,79078,82414
17161,79081,82418
17162,79084,82437
17163,79088,82422
17164,79090,82431
17165,79081,82435
17166,79095,82434
17167,79088,82433
17168,79094,82421
17169,79086,82415
17170,79092,82412
17171,79088,82408
17172,79088,82401
17173,79082,82382
17174,79091,82396
17175,79097,82398
17176,79091,82399
17177,79088,82393
17178,79095,82400
17179,79096,82398
17180,79094,82406
17181,79099,82404
17182,79109,82415
17183,79113,82416
17184,79106,82418
17185,79107,82421
17186,79099,82422
17187,79105,82423
17188,79103,82416
17189,79108,82414
17190,79111,82408
17191,79109,82412
17192,79111,82409
17193,79118,82407
17194,79114,82401
17195,79115,82399
17196,79117,82402
17197,79118,82383
17198,79114,82369
17199,79120,82376
17200,79112,82373
17201,79124,82372
17202,79111,82364
17203,79112,82355
17204,79109,82354
17205,79106,82353
17206,79116,82357
17207,79124,82364
17208,79133,82366
17209,79134,82362
17210,79140,82361
17211,79141,82369
17212,79133,82369
17213,79137,82368
17214,79142,82372
17215,79133,82363
17216,79142,82345
17217,79126,82301
17218,79106,82258
17219,79093,82201
17220,79071,82155
17221,79052,82106
17222,79036,82055
17223,79025,82015
17224,79015,81990
17225,78998,81976
17226,79002,81951
17227,78986,81931
17228,78986,81927
17229,78979,81926
17230,78992,81923
17231,78993,81933
17232,78987,81924
17233,78984,81935
17234,78983,81921
17235,78983,81907
17236,78976,81904
17237,78976,81889
17238,78972,81879
17239,78964,81877
17240,78959,81867
17241,78975,81878
17242,78969,81875
17243,78973,81879
17244,78966,81878
17245,78978,81883
17246,78983,81885
17247,78986,81891
17248,78994,81886
17249,78988,81893
17250,79006,81892
17251,79006,81881
17252,79011,81880
17253,79011,81895
17254,79019,81896
17255,79026,81895
17256,79026,81896
17257,79032,81903
17258,79033,81908
17259,79035,81915
17260,79042,81921
17261,79040,81935
17262,79039,81943
17263,79050,81958
17264,79062,81969
17265,79065,81970
17266,79066,81970
17267,79067,82003
17268,79074,82012
17269,79075,82011
17270,79078,82019
17271,79077,82036
17272,79077,82040
17273,79076,82052
17274,79083,82057
17275,79094,82065
17276,79082,82075
17277,79085,82078
17278,79100,82093
17279,79111,82100
17280,79099,82119
17281,79100,82128
17282,79109,82136
17283,79106,82140
17284,79110,82148
17285,79120,82155
17286,79102,82170
17287,79112,82171
17288,79116,82179
17289,79106,82188
17290,79110,82192
17291,79120,82211
17292,79124,82221
17293,79118,82221
17294,79134,82243
17295,79134,82245
17296,79128,82267
17297,79141,82269
17298,79148,82284
17299,79150,82294
17300,79144,82311
17301,79165,82318
17302,79168,82321
17303,79176,82331
17304,79172,82340
17305,79180,82345
17306,79170,82347
17307,79161,82308
17308,79152,82274
17309,79132,82229
17310,79110,82180
17311,79088,82129
17312,79070,82089
17313,79054,82039
17314,79045,82008
17315,79040,81984
17316,79034,81976
17317,79026,81972
17318,79034,81972
17319,79037,81973
17320,79037,81978
17321,79047,81999
17322,79041,81993
17323,79040,81995
17324,79040,81998
17325,79031,81990
17326,79036,81987
17327,79036,81982
17328,79034,81978
17329,79019,81959
17330,79031,81973
17331,79024,81967
17332,79023,81974
17333,79032,81983
17334,79038,81985
17335,79040,81995
17336,79033,82010
17337,79048,82014
17338,79043,82012
17339,79050,82011
17340,79034,82014
17341,79047,82014
17342,79034,82018
17343,79036,82015
17344,79041,82025
17345,79039,82010
17346,79035,82011
17347,79045,82012
17348,79049,82011
17349,79051,82020
17350,79054,82028
17351,79049,82029
17352,79061,82036
17353,79054,82036
17354,79067,82048
17355,79065,82056
17356,79067,82060
17357,79079,82067
17358,79079,82064
17359,79081,82063
17360,79084,82066
17361,79092,82072
17362,79096,82077
17363,79103,82085
17364,79098,82091
17365,79108,82103
17366,79107,82109
17367,79118,82114
17368,79120,82120
17369,79128,82136
17370,79137,82145
17371,79143,82139
17372,79139,82151
17373,79146,82163
17374,79146,82179
17375,79149,82175
17376,79150,82187
17377,79149,82189
17378,79146,82194
17379,79147,82196
17380,79155,82213
17381,79149,82206
17382,79147,82217
17383,79140,82208
17384,79148,82222
17385,79152,82215
17386,79145,82226
17387,79150,82218
17388,79140,82231
17389,79129,82219
17390,79128,82230
17391,79123,82222
17392,79124,82230
17393,79128,82228
17394,79133,82234
17395,79126,82241
17396,79130,82245
17397,79133,82254
17398,79138,82256
17399,79144,82270
17400,79144,82279
17401,79142,82289
17402,79151,82289
17403,79146,82307
17404,79154,82297
17405,79160,82309
17406,79163,82296
17407,79147,82263
17408,79129,82242
17409,79103,82188
17410,79090,82138
17411,79068,82098
17412,79054,82057
17413,79044,82028
17414,79042,81998
17415,79041,81983
17416,79044,81974
17417,79040,81964
17418,79045,81965
17419,79049,81978
17420,79045,81982
17421,79050,81987
17422,79055,81989
17423,79045,81997
17424,79046,81996
17425,79039,81991
17426,79041,81982
17427,79042,81966
17428,79031,81973
17429,79027,81967
17430,79022,81956
17431,79038,81976
17432,79031,81968
17433,79034,81964
17434,79041,81985
17435,79045,81979
17436,79046,81981
17437,79053,81990
17438,79047,81983
17439,79055,81995
17440,79050,81988
17441,79052,81990
17442,79051,81992
17443,79051,81992
17444,79048,81982
17445,79051,81996
17446,79045,81987
17447,79040,81984
17448,79037,81991
17449,79047,81990
17450,79051,81998
17451,79057,82005
17452,79066,82022
17453,79064,82024
17454,79072,82045
17455,79072,82040
17456,79076,82054
17457,79082,82069
17458,79090,82084
17459,79095,82078
17460,79093,82088
17461,79088,82098
17462,79087,82092
17463,79086,82103
17464,79091,82102
17465,79094,82104
17466,79089,82109
17467,79095,82115
17468,79098,82111
17469,79099,82116
17470,79093,82116
17471,79090,82123
17472,79077,82105
17473,79086,82112
17474,79078,82117
17475,79089,82113
17476,79088,82128
17477,79095,82128
17478,79099,82131
17479,79099,82137
17480,79103,82149
17481,79106,82144
17482,79114,82153
17483,79103,82158
17484,79106,82167
17485,79114,82167
17486,79109,82166
17487,79116,82171
17488,79124,82181
17489,79115,82185
17490,79113,82195
17491,79126,82201
17492,79111,82207
17493,79125,82211
17494,79125,82216
17495,79121,82217
17496,79115,82221
17497,79121,82227
17498,79120,82207
17499,79094,82203
17500,79084,82156
17501,79063,82120
17502,79046,82072
17503,79031,82031
17504,79016,81990
17505,79004,81956
17506,79001,81928
17507,78989,81919
17508,78976,81902
17509,78992,81897
17510,78975,81887
17511,78980,81894
17512,78976,81894
17513,78976,81902
17514,78976,81914
17515,78973,81919
17516,78974,81923
17517,78971,81920
17518,78965,81916
17519,78967,81914
17520,78972,81914
17521,78965,81898
17522,78962,81905
17523,78962,81904
17524,78975,81910
17525,78967,81898
17526,78971,81904
17527,78970,81896
17528,78972,81891
17529,78968,81893
17530,78961,81880
17531,78968,81883
17532,78965,81880
17533,78970,81875
17534,78961,81866
17535,78965,81870
17536,78981,81874
17537,78974,81882
17538,78978,81886
17539,78975,81885
17540,78986,81889
17541,78990,81903
17542,78984,81901
17543,78997,81921
17544,78989,81924
17545,78996,81919
17546,78994,81925
17547,78993,81921
17548,78998,81920
17549,78994,81935
17550,79002,81926
17551,78999,81945
17552,79003,81948
17553,79003,81957
17554,79005,81946
17555,79009,81957
17556,79007,81957
17557,78999,81950
17558,79009,81958
17559,79013,81966
17560,79010,81970
17561,79004,81965
17562,79006,81965
17563,79005,81977
17564,79007,81967
17565,78986,81964
17566,78990,81967
17567,78988,81953
17568,78979,81960
17569,78982,81968
17570,78981,81965
17571,78970,81964
17572,78977,81971
17573,78974,81972
17574,78967,81981
17575,78969,81979
17576,78981,81985
17577,78964,81987
17578,78973,81986
17579,78972,81984
17580,78982,81981
17581,78979,82001
17582,78993,82002
17583,78995,81999
17584,78989,81999
17585,78984,81974
17586,78979,81938
17587,78968,81903
17588,78952,81861
17589,78937,81822
17590,78931,81777
17591,78932,81759
17592,78923,81741
17593,78916,81720
17594,78914,81714
17595,78920,81706
17596,78915,81716
17597,78915,81711
17598,78919,81719
17599,78915,81735
17600,78921,81736
17601,78922,81734
17602,78918,81739
17603,78909,81733
17604,78900,81718
17605,78909,81710
17606,78896,81710
17607,78897,81695
17608,78887,81698
17609,78878,81690
17610,78884,81692
17611,78875,81679
17612,78876,81693
17613,78870,81698
17614,78867,81691
17615,78870,81687
17616,78866,81692
17617,78864,81691
17618,78863,81689
17619,78864,81687
17620,78870,81685
17621,78863,81687
17622,78855,81682
17623,78861,81682
17624,78862,81688
17625,78861,81682
17626,78872,81684
17627,78874,81698
17628,78879,81703
17629,78887,81696
17630,78894,81718
17631,78888,81721
17632,78886,81732
17633,78889,81733
17634,78893,81731
17635,78894,81735
17636,78887,81740
17637,78887,81745
17638,78893,81744
17639,78895,81747
17640,78894,81755
17641,78893,81747
17642,78890,81749
17643,78897,81765
17644,78896,81760
17645,78892,81768
17646,78902,81776
17647,78912,81779
17648,78900,81780
17649,78900,81784
17650,78905,81791
17651,78907,81797
17652,78908,81798
17653,78910,81809
17654,78913,81806
17655,78913,81804
17656,78918,81812
17657,78914,81816
17658,78912,81816
17659,78905,81818
17660,78905,81812
17661,78902,81823
17662,78899,81823
17663,78897,81815
17664,78898,81829
17665,78908,81832
17666,78900,81830
17667,78900,81835
17668,78902,81847
17669,78902,81857
17670,78900,81851
17671,78902,81854
17672,78896,81868
17673,78903,81875
17674,78904,81870
17675,78907,81873
17676,78900,81864
17677,78884,81845
17678,78875,81805
17679,78859,81766
17680,78852,81721
17681,78832,81686
17682,78815,81649
17683,78815,81613
17684,78812,81593
17685,78808,81572
17686,78802,81569
17687,78800,81555
17688,78803,81551
17689,78796,81549
17690,78803,81560
17691,78798,81555
17692,78794,81558
17693,78788,81564
17694,78795,81561
17695,78790,81561
17696,78782,81553
17697,78783,81545
17698,78764,81538
17699,78773,81538
17700,78770,81540
17701,78776,81540
17702,78813,81567
17703,78815,81552
17704,78822,81578
17705,78843,81588
17706,78840,81596
17707,78835,81594
17708,78849,81602
17709,78858,81607
17710,78854,81611
17711,78857,81607
17712,78861,81619
17713,78868,81613
17714,78867,81616
17715,78864,81618
17716,78870,81611
17717,78864,81619
17718,78875,81623
17719,78877,81618
17720,78876,81630
17721,78887,81642
17722,78891,81654
17723,78888,81658
17724,78903,81677
17725,78895,81681
17726,78903,81686
17727,78899,81686
17728,78909,81702
17729,78906,81696
17730,78895,81708
17731,78899,81712
17732,78893,81721
17733,78900,81718
17734,78903,81723
17735,78900,81736
17736,78901,81737
17737,78902,81735
17738,78887,81739
17739,78886,81738
17740,78894,81742
17741,78900,81733
17742,78898,81747
17743,78898,81743
17744,78894,81738
17745,78892,81763
17746,78900,81760
17747,78889,81765
17748,78897,81760
17749,78900,81756
17750,78893,81769
17751,78895,81775
17752,78890,81779
17753,78893,81768
17754,78889,81773
17755,78898,81776
17756,78892,81784
17757,78894,81783
17758,78902,81800
17759,78904,81799
17760,78894,81805
17761,78898,81808
17762,78904,81820
17763,78902,81820
17764,78894,81827
17765,78907,81824
17766,78905,81831
17767,78903,81843
17768,78908,81851
17769,78903,81845
17770,78907,81857
17771,78910,81864
17772,78916,81870
17773,78906,81873
17774,78910,81870
17775,78911,81872
17776,78899,81846
17777,78896,81815
17778,78874,81768
17779,78855,81720
17780,78841,81676
17781,78833,81638
17782,78810,81595
17783,78800,81573
17784,78796,81551
17785,78799,81533
17786,78792,81538
17787,78797,81528
17788,78794,81532
17789,78783,81533
17790,78796,81547
17791,78792,81548
17792,78797,81548
17793,78796,81555
17794,78806,81568
17795,78829,81578
17796,78824,81576
17797,78833,81579
17798,78832,81582
17799,78832,81571
17800,78830,81571
17801,78826,81564
17802,78828,81570
17803,78835,81586
17804,78836,81595
17805,78844,81601
17806,78841,81603
17807,78833,81599
17808,78845,81600
17809,78851,81612
17810,78863,81619
17811,78868,81622
17812,78862,81618
17813,78876,81622
17814,78871,81626
17815,78875,81628
17816,78874,81638
17817,78885,81627
17818,78885,81643
17819,78882,81649
17820,78901,81650
17821,78902,81657
17822,78905,81667
17823,78906,81673
17824,78917,81693
17825,78919,81702
17826,78920,81704
17827,78925,81720
17828,78923,81715
17829,78923,81727
17830,78933,81734
17831,78928,81735
17832,78932,81744
17833,78946,81751
17834,78945,81752
17835,78943,81756
17836,78945,81753
17837,78946,81764
17838,78941,81761
17839,78945,81765
17840,78942,81774
17841,78951,81780
17842,78951,81782
17843,78958,81787
17844,78957,81786
17845,78951,81794
17846,78947,81799
17847,78957,81800
17848,78955,81803
17849,78949,81817
17850,78964,81818
17851,78952,81816
17852,78965,81815
17853,78962,81824
17854,78956,81833
17855,78954,81834
17856,78952,81837
17857,78961,81841
17858,78962,81839
17859,78961,81851
17860,78958,81850
17861,78959,81856
17862,78955,81860
17863,78959,81864
17864,78957,81870
17865,78957,81869
17866,78965,81879
17867,78958,81879
17868,78965,81897
17869,78954,81892
17870,78962,81895
17871,78966,81897
17872,78969,81907
17873,78968,81911
17874,78975,81919
17875,78976,81924
17876,78981,81922
17877,78971,81915
17878,78965,81887
17879,78954,81852
17880,78927,81802
17881,78915,81760
17882,78890,81700
17883,78884,81676
17884,78872,81648
17885,78863,81617
17886,78850,81608
17887,78850,81590
17888,78848,81589
17889,78843,81590
17890,78852,81588
17891,78851,81595
17892,78855,81603
17893,78853,81613
17894,78862,81616
17895,78850,81624
17896,78853,81617
17897,78841,81613
17898,78840,81607
17899,78826,81598
17900,78833,81589
17901,78828,81579
17902,78828,81578
17903,78834,81578
17904,78831,81593
17905,78838,81593
17906,78841,81600
17907,78845,81599
17908,78841,81605
17909,78843,81618
17910,78846,81612
17911,78844,81621
17912,78858,81623
17913,78863,81616
17914,78855,81619
17915,78866,81614
17916,78860,81616
17917,78864,81622
17918,78867,81631
17919,78866,81629
17920,78873,81626
17921,78869,81644
17922,78881,81640
17923,78876,81661
17924,78885,81664
17925,78895,81679
17926,78889,81687
17927,78891,81691
17928,78893,81696
17929,78888,81704
17930,78892,81713
17931,78896,81706
17932,78899,81723
17933,78899,81726
17934,78898,81726
17935,78900,81739
17936,78898,81736
17937,78906,81737
17938,78910,81745
17939,78903,81752
17940,78911,81758
17941,78908,81752
17942,78917,81760
17943,78908,81763
17944,78915,81773
17945,78913,81779
17946,78921,81787
17947,78924,81779
17948,78918,81772
17949,78914,81796
17950,78928,81795
17951,78912,81793
17952,78936,81805
17953,78924,81813
17954,78933,81812
17955,78937,81819
17956,78931,81817
17957,78926,81822
17958,78939,81832
17959,78939,81835
17960,78941,81847
17961,78942,81856
17962,78942,81855
17963,78945,81851
17964,78943,81868
17965,78949,81862
17966,78945,81868
17967,78938,81878
17968,78944,81874
17969,78938,81881
17970,78940,81888
17971,78940,81888
17972,78950,81901
17973,78943,81912
17974,78952,81912
17975,78949,81915
17976,78945,81919
17977,78951,81919
17978,78948,81931
17979,78947,81939
17980,78947,81942
17981,78952,81946
17982,78951,81938
17983,78940,81911
17984,78922,81871
17985,78899,81824
17986,78877,81779
17987,78863,81737
17988,78850,81697
17989,78843,81669
17990,78841,81627
17991,78824,81608
17992,78813,81587
17993,78809,81580
17994,78810,81589
17995,78803,81572
17996,78809,81587
17997,78812,81592
17998,78807,81597
17999,78817,81615
18000,78820,81603
18001,78818,81617
18002,78814,81614
18003,78814,81607
18004,78805,81607
18005,78801,81598
18006,78797,81589
18007,78789,81588
18008,78793,81583
18009,78801,81584
18010,78803,81594
18011,78804,81592
18012,78800,81606
18013,78815,81607
18014,78800,81609
18015,78813,81613
18016,78814,81617
18017,78823,81619
18018,78823,81621
18019,78820,81613
18020,78832,81618
18021,78831,81626
18022,78830,81623
18023,78836,81630
18024,78835,81633
18025,78837,81632
18026,78834,81642
18027,78852,81641
18028,78852,81657
18029,78858,81663
18030,78867,81675
18031,78861,81683
18032,78869,81691
18033,78873,81701
18034,78814,81614
18035,78883,81707
18036,78879,81711
18037,78878,81721
18038,78880,81723
18039,78878,81733
18040,78883,81738
18041,78882,81743
18042,78882,81746
18043,78877,81742
18044,78884,81746
18045,78886,81749
18046,78883,81757
18047,78889,81754
18048,78890,81762
18049,78882,81766
18050,78882,81768
18051,78876,81769
18052,78889,81770
18053,78878,81777
18054,78882,81778
18055,78889,81784
18056,78881,81789
18057,78892,81794
18058,78880,81801
18059,78895,81811
18060,78890,81797
18061,78882,81808
18062,78893,81813
18063,78890,81816
18064,78889,81820
18065,78902,81819
18066,78897,81841
18067,78901,81846
18068,78909,81843
18069,78898,81843
18070,78907,81857
18071,78903,81858
18072,78904,81866
18073,78898,81864
18074,78904,81868
18075,78898,81871
18076,78908,81873
18077,78911,81885
18078,78910,81888
18079,78907,81880
18080,78908,81901
18081,78899,81898
18082,78900,81902
18083,78906,81909
18084,78906,81918
18085,78905,81914
18086,78902,81915
18087,78911,81912
18088,78892,81904
18089,78884,81874
18090,78862,81836
18091,78853,81787
18092,78836,81741
18093,78821,81683
18094,78807,81653
18095,78784,81622
18096,78777,81603
18097,78763,81579
18098,78761,81571
18099,78758,81558
18100,78755,81566
18101,78768,81559
18102,78783,81575
18103,78779,81586
18104,78782,81607
18105,78773,81614
18106,78781,81623
18107,78782,81608
18108,78773,81611
18109,78766,81613
18110,78764,81598
18111,78754,81580
18112,78752,81587
18113,78757,81575
18114,78752,81584
18115,78759,81579
18116,78757,81590
18117,78782,81605
18118,78781,81620
18119,78780,81627
18120,78793,81619
18121,78787,81618
18122,78793,81627
18123,78796,81625
18124,78789,81622
18125,78795,81617
18126,78793,81623
18127,78803,81624
18128,78801,81631
18129,78812,81634
18130,78813,81640
18131,78813,81654
18132,78824,81663
18133,78828,81667
18134,78842,81674
18135,78844,81678
18136,78844,81693
18137,78850,81702
18138,78850,81714
18139,78848,81708
18140,78849,81717
18141,78852,81731
18142,78854,81726
18143,78856,81729
18144,78859,81738
18145,78864,81741
18146,78867,81736
18147,78875,81748
18148,78869,81743
18149,78871,81743
18150,78870,81754
18151,78861,81765
18152,78858,81753
18153,78868,81757
18154,78873,81770
18155,78871,81772
18156,78862,81773
18157,78880,81775
18158,78878,81794
18159,78882,81789
18160,78873,81789
18161,78874,81799
18162,78883,81794
18163,78874,81805
18164,78877,81804
18165,78878,81813
18166,78884,81818
18167,78875,81823
18168,78872,81828
18169,78876,81831
18170,78878,81833
18171,78883,81838
18172,78880,81846
18173,78892,81845
18174,78887,81848
18175,78878,81852
18176,78880,81862
18177,78881,81860
18178,78881,81870
18179,78873,81881
18180,78882,81885
18181,78880,81893
18182,78889,81897
18183,78885,81896
18184,78897,81899
18185,78896,81908
18186,78896,81919
18187,78904,81915
18188,78904,81922
18189,78902,81933
18190,78909,81947
18191,78908,81939
18192,78904,81939
18193,78901,81906
18194,78885,81875
18195,78863,81822
18196,78850,81778
18197,78829,81727
18198,78821,81693
18199,78805,81659
18200,78799,81631
18201,78782,81610
18202,78779,81596
18203,78769,81588
18204,78766,81596
18205,78774,81600
18206,78774,81600
18207,78775,81617
18208,78786,81622
18209,78780,81637
18210,78783,81647
18211,78788,81658
18212,78782,81655
18213,78785,81649
18214,78782,81649
18215,78769,81651
18216,78776,81644
18217,78773,81642
18218,78778,81641
18219,78790,81652
18220,78784,81654
18221,78792,81657
18222,78784,81664
18223,78789,81652
18224,78801,81669
18225,78794,81667
18226,78794,81661
18227,78799,81661
18228,78807,81654
18229,78805,81668
18230,78795,81659
18231,78811,81669
18232,78813,81680
18233,78812,81686
18234,78826,81686
18235,78836,81696
18236,78828,81707
18237,78831,81700
18238,78836,81712
18239,78843,81723
18240,78839,81729
18241,78845,81746
18242,78852,81752
18243,78858,81769
18244,78863,81764
18245,78856,81768
18246,78857,81772
18247,78864,81780
18248,78860,81780
18249,78878,81779
18250,78866,81783
18251,78870,81793
18252,78872,81794
18253,78872,81797
18254,78879,81793
18255,78877,81814
18256,78881,81802
18257,78880,81807
18258,78882,81807
18259,78880,81825
18260,78888,81824
18261,78887,81823
18262,78888,81835
18263,78888,81832
18264,78881,81841
18265,78891,81845
18266,78826,81686
18267,78886,81849
18268,78891,81851
18269,78892,81862
18270,78887,81861
18271,78890,81867
18272,78890,81878
18273,78893,81889
18274,78896,81889
18275,78897,81887
18276,78896,81899
18277,78901,81901
18278,78890,81903
18279,78896,81906
18280,78890,81905
18281,78902,81933
18282,78905,81925
18283,78899,81930
18284,78906,81934
18285,78902,81948
18286,78915,81953
18287,78897,81951
18288,78912,81943
18289,78897,81921
18290,78876,81893
18291,78870,81842
18292,78842,81803
18293,78825,81757
18294,78802,81713
18295,78811,81672
18296,78786,81632
18297,78776,81611
18298,78770,81593
18299,78771,81584
18300,78761,81578
18301,78765,81579
18302,78768,81584
18303,78783,81600
18304,78769,81605
18305,78780,81614
18306,78767,81621
18307,78777,81624
18308,78779,81620
18309,78773,81628
18310,78767,81624
18311,78774,81618
18312,78765,81614
18313,78773,81623
18314,78766,81618
18315,78776,81620
18316,78773,81628
18317,78776,81629
18318,78778,81633
18319,78781,81630
18320,78774,81645
18321,78777,81634
18322,78780,81647
18323,78776,81647
18324,78787,81647
18325,78793,81654
18326,78799,81651
18327,78800,81656
18328,78803,81660
18329,78810,81664
18330,78817,81666
18331,78814,81679
18332,78824,81687
18333,78825,81697
18334,78824,81697
18335,78832,81703
18336,78831,81710
18337,78826,81715
18338,78828,81725
18339,78837,81730
18340,78835,81739
18341,78824,81738
18342,78824,81741
18343,78827,81735
18344,78830,81739
18345,78821,81747
18346,78825,81748
18347,78826,81743
18348,78814,81758
18349,78824,81750
18350,78824,81759
18351,78822,81759
18352,78824,81770
18353,78828,81771
18354,78825,81775
18355,78817,81773
18356,78823,81773
18357,78824,81777
18358,78830,81783
18359,78839,81796
18360,78828,81797
18361,78836,81798
18362,78839,81790
18363,78838,81802
18364,78838,81805
18365,78845,81822
18366,78843,81820
18367,78861,81827
18368,78851,81824
18369,78846,81827
18370,78853,81834
18371,78857,81828
18372,78848,81831
18373,78842,81848
18374,78845,81852
18375,78846,81853
18376,78852,81856
18377,78848,81860
18378,78854,81862
18379,78865,81869
18380,78853,81853
18381,78847,81834
18382,78835,81808
18383,78818,81769
18384,78797,81713
18385,78790,81666
18386,78766,81623
18387,78758,81585
18388,78744,81549
18389,78740,81532
18390,78722,81507
18391,78729,81502
18392,78718,81495
18393,78731,81502
18394,78739,81508
18395,78730,81514
18396,78730,81525
18397,78735,81537
18398,78742,81543
18399,78737,81540
18400,78737,81546
18401,78737,81546
18402,78738,81541
18403,78717,81536
18404,78732,81532
18405,78740,81536
18406,78736,81537
18407,78747,81541
18408,78734,81540
18409,78740,81546
18410,78740,81539
18411,78746,81551
18412,78750,81553
18413,78751,81557
18414,78753,81549
18415,78759,81555
18416,78760,81543
18417,78766,81548
18418,78768,81553
18419,78764,81557
18420,78770,81559
18421,78774,81561
18422,78782,81568
18423,78783,81569
18424,78791,81581
18425,78805,81582
18426,78804,81594
18427,78799,81605
18428,78802,81598
18429,78809,81607
18430,78797,81620
18431,78793,81626
18432,78806,81635
18433,78810,81641
18434,78799,81635
18435,78795,81639
18436,78796,81648
18437,78787,81640
18438,78804,81642
18439,78791,81645
18440,78801,81651
18441,78801,81655
18442,78808,81661
18443,78812,81667
18444,78811,81660
18445,78802,81668
18446,78812,81670
18447,78807,81677
18448,78809,81675
18449,78819,81681
18450,78817,81681
18451,78826,81684
18452,78819,81694
18453,78828,81687
18454,78817,81700
18455,78827,81698
18456,78836,81703
18457,78830,81715
18458,78836,81719
18459,78831,81717
18460,78836,81730
18461,78836,81736
18462,78849,81747
18463,78844,81749
18464,78852,81757
18465,78858,81769
18466,78849,81767
18467,78851,81772
18468,78852,81765
18469,78855,81772
18470,78855,81752
18471,78838,81727
18472,78828,81683
18473,78814,81643
18474,78798,81600
18475,78779,81557
18476,78780,81512
18477,78765,81477
18478,78752,81457
18479,78757,81429
18480,78760,81424
18481,78758,81424
18482,78764,81425
18483,78769,81439
18484,78781,81448
18485,78789,81456
18486,78794,81459
18487,78797,81473
18488,78801,81471
18489,78798,81476
18490,78791,81480
18491,78793,81466
18492,78794,81477
18493,78796,81461
18494,78807,81466
18495,78805,81471
18496,78852,81757
18497,78858,81769
18498,78809,81493
18499,78820,81482
18500,78819,81495
18501,78810,81492
18502,78813,81490
18503,78803,81485
18504,78811,81489
18505,78807,81491
18506,78813,81498
18507,78811,81502
18508,78809,81491
18509,78808,81490
18510,78813,81488
18511,78825,81503
18512,78816,81517
18513,78819,81523
18514,78836,81529
18515,78832,81526
18516,78842,81547
18517,78839,81551
18518,78851,81561
18519,78843,81558
18520,78848,81569
18521,78850,81577
18522,78844,81582
18523,78856,81585
18524,78863,81591
18525,78855,81601
18526,78869,81605
18527,78870,81609
18528,78870,81618
18529,78866,81617
18530,78876,81610
18531,78873,81624
18532,78881,81635
18533,78885,81636
18534,78888,81640
18535,78889,81642
18536,78893,81653
18537,78893,81656
18538,78894,81653
18539,78900,81666
18540,78904,81670
18541,78912,81661
18542,78910,81673
18543,78915,81680
18544,78918,81685
18545,78913,81685
18546,78914,81686
18547,78909,81693
18548,78917,81699
18549,78916,81709
18550,78921,81723
18551,78924,81715
18552,78919,81728
18553,78916,81733
18554,78924,81737
18555,78919,81743
18556,78933,81747
18557,78926,81748
18558,78934,81755
18559,78933,81763
18560,78936,81765
18561,78947,81772
18562,78936,81746
18563,78925,81707
18564,78906,81672
18565,78895,81615
18566,78872,81578
18567,78864,81529
18568,78852,81494
18569,78845,81472
18570,78834,81460
18571,78828,81432
18572,78832,81435
18573,78835,81437
18574,78826,81443
18575,78836,81459
18576,78836,81458
18577,78844,81482
18578,78846,81481
18579,78849,81500
18580,78847,81500
18581,78850,81489
18582,78845,81489
18583,78843,81485
18584,78840,81483
18585,78844,81473
18586,78847,81489
18587,78861,81491
18588,78846,81493
18589,78860,81493
18590,78851,81504
18591,78849,81511
18592,78846,81506
18593,78857,81512
18594,78849,81511
18595,78851,81509
18596,78854,81511
18597,78866,81507
18598,78863,81501
18599,78874,81511
18600,78872,81502
18601,78883,81521
18602,78888,81526
18603,78889,81533
18604,78891,81537
18605,78898,81540
18606,78911,81561
18607,78907,81562
18608,78912,81572
18609,78920,81583
18610,78929,81600
18611,78928,81600
18612,78926,81601
18613,78924,81612
18614,78927,81612
18615,78940,81617
18616,78940,81621
18617,78934,81630
18618,78933,81640
18619,78937,81645
18620,78945,81640
18621,78945,81658
18622,78941,81667
18623,78947,81672
18624,78941,81678
18625,78941,81682
18626,78947,81679
18627,78939,81672
18628,78947,81687
18629,78949,81692
18630,78941,81698
18631,78954,81699
18632,78954,81717
18633,78962,81727
18634,78968,81732
18635,78965,81734
18636,78975,81737
18637,78969,81750
18638,78972,81756
18639,78973,81761
18640,78971,81762
18641,78982,81773
18642,78978,81774
18643,78981,81775
18644,78980,81778
18645,78997,81783
18646,78978,81770
18647,78980,81749
18648,78964,81709
18649,78957,81672
18650,78937,81645
18651,78918,81604
18652,78907,81568
18653,78890,81535
18654,78894,81529
18655,78891,81513
18656,78876,81510
18657,78886,81501
18658,78885,81523
18659,78885,81533
18660,78891,81535
18661,78891,81551
18662,78903,81571
18663,78904,81579
18664,78892,81590
18665,78899,81598
18666,78899,81599
18667,78899,81603
18668,78905,81609
18669,78916,81612
18670,78911,81620
18671,78924,81621
18672,78919,81629
18673,78923,81633
18674,78916,81634
18675,78921,81631
18676,78922,81632
18677,78916,81636
18678,78907,81629
18679,78908,81625
18680,78920,81620
18681,78923,81622
18682,78923,81633
18683,78925,81612
18684,78928,81619
18685,78925,81630
18686,78942,81628
18687,78941,81650
18688,78946,81654
18689,78949,81646
18690,78951,81670
18691,78955,81671
18692,78954,81684
18693,78957,81689
18694,78946,81695
18695,78955,81705
18696,78963,81708
18697,78960,81717
18698,78962,81723
18699,78953,81722
18700,78954,81726
18701,78957,81729
18702,78962,81732
18703,78964,81747
18704,78959,81749
18705,78966,81756
18706,78965,81761
18707,78970,81759
18708,78967,81755
18709,78978,81767
18710,78972,81768
18711,78979,81779
18712,78984,81783
18713,78993,81784
18714,78991,81785
18715,79003,81794
18716,78995,81795
18717,78988,81800
18718,78999,81794
18719,78999,81804
18720,78994,81826
18721,79005,81820
18722,79005,81821
18723,79000,81828
18724,79005,81833
18725,79008,81836
18726,78994,81826
18727,78993,81808
18728,78963,81708
18729,78960,81717
18730,78925,81689
18731,78913,81634
18732,78900,81598
18733,78889,81562
18734,78878,81533
18735,78866,81500
18736,78853,81491
18737,78842,81491
18738,78850,81499
18739,78845,81500
18740,78843,81497
18741,78841,81514
18742,78837,81524
18743,78858,81537
18744,78858,81543
18745,78851,81548
18746,78854,81562
18747,78842,81552
18748,78849,81554
18749,78853,81548
18750,78841,81558
18751,78856,81571
18752,78858,81575
18753,78865,81580
18754,78865,81580
18755,78863,81590
18756,78863,81588
18757,78863,81594
18758,78868,81595
18759,78877,81589
18760,78875,81593
18761,78874,81602
18762,78885,81598
18763,78875,81591
18764,78886,81598
18765,78888,81604
18766,78896,81607
18767,78901,81611
18768,78906,81623
18769,78901,81627
18770,78918,81640
18771,78922,81657
18772,78922,81660
18773,78925,81664
18774,78918,81670
18775,78923,81681
18776,78927,81684
18777,78933,81691
18778,78932,81697
18779,78924,81695
18780,78927,81710
18781,78927,81712
18782,78928,81717
18783,78929,81727
18784,78929,81726
18785,78928,81723
18786,78926,81727
18787,78932,81741
18788,78924,81727
18789,78920,81734
18790,78926,81732
18791,78929,81744
18792,78929,81749
18793,78920,81749
18794,78931,81756
18795,78927,81764
18796,78923,81757
18797,78928,81765
18798,78926,81776
18799,78928,81780
18800,78935,81788
18801,78939,81790
18802,78936,81791
18803,78939,81791
18804,78939,81799
18805,78929,81785
18806,78930,81751
18807,78909,81709
18808,78895,81678
18809,78874,81628
18810,78855,81579
18811,78842,81535
18812,78832,81506
18813,78814,81476
18814,78814,81454
18815,78804,81440
18816,78801,81445
18817,78811,81451
18818,78810,81456
18819,78809,81463
18820,78815,81488
18821,78832,81493
18822,78835,81508
18823,78829,81508
18824,78833,81511
18825,78832,81510
18826,78820,81507
18827,78811,81498
18828,78816,81488
18829,78821,81493
18830,78817,81492
18831,78822,81508
18832,78833,81510
18833,78831,81510
18834,78829,81519
18835,78832,81532
18836,78841,81527
18837,78832,81541
18838,78839,81534
18839,78838,81542
18840,78845,81541
18841,78835,81542
18842,78837,81539
18843,78847,81538
18844,78854,81550
18845,78853,81552
18846,78859,81548
18847,78864,81566
18848,78870,81578
18849,78871,81583
18850,78882,81597
18851,78889,81614
18852,78895,81622
18853,78889,81626
18854,78896,81644
18855,78906,81644
18856,78913,81655
18857,78918,81669
18858,78925,81678
18859,78927,81681
18860,78935,81696
18861,78937,81708
18862,78942,81717
18863,78940,81727
18864,78943,81724
18865,78954,81736
18866,78957,81735
18867,78953,81738
18868,78955,81749
18869,78962,81749
18870,78953,81753
18871,78959,81761
18872,78964,81753
18873,78968,81764
18874,78961,81768
18875,78968,81776
18876,78968,81787
18877,78965,81782
18878,78963,81792
18879,78972,81798
18880,78969,81806
18881,78971,81816
18882,78978,81818
18883,78978,81831
18884,78980,81838
18885,78984,81845
18886,78993,81852
18887,78993,81855
18888,78999,81848
18889,78986,81829
18890,78968,81788
18891,78956,81741
18892,78935,81691
18893,78914,81635
18894,78886,81585
18895,78871,81548
18896,78855,81516
18897,78848,81491
18898,78840,81474
18899,78843,81483
18900,78834,81480
18901,78842,81490
18902,78843,81499
18903,78847,81511
18904,78842,81514
18905,78855,81532
18906,78853,81529
18907,78844,81528
18908,78844,81522
18909,78836,81524
18910,78842,81513
18911,78831,81508
18912,78833,81512
18913,78839,81521
18914,78852,81513
18915,78845,81542
18916,78863,81555
18917,78865,81565
18918,78878,81578
18919,78883,81586
18920,78889,81603
18921,78883,81604
18922,78895,81616
18923,78898,81623
18924,78900,81621
18925,78907,81624
18926,78913,81625
18927,78924,81631
18928,78923,81638
18929,78919,81642
18930,78934,81652
18931,78933,81653
18932,78928,81665
18933,78943,81675
18934,78943,81690
18935,78946,81695
18936,78949,81691
18937,78948,81703
18938,78963,81716
18939,78955,81725
18940,78946,81727
18941,78964,81739
18942,78959,81751
18943,78961,81748
18944,78953,81767
18945,78962,81761
18946,78962,81775
18947,78966,81779
18948,78957,81781
18949,78968,81779
18950,78968,81793
18951,78970,81789
18952,78976,81797
18953,78980,81817
18954,78987,81810
18955,78985,81829
18956,78994,81831
18957,78998,81822
18958,78999,81841
18959,79004,81842
18960,79003,81854
18961,79004,81861
18962,79006,81874
18963,78933,81653
18964,78928,81665
18965,79022,81882
18966,79013,81895
18967,79002,81898
18968,79013,81903
18969,79025,81911
18970,79023,81924
18971,79021,81926
18972,79031,81942
18973,79025,81950
18974,79022,81950
18975,79020,81957
18976,79028,81967
18977,79025,81970
18978,79032,81968
18979,79025,81954
18980,79015,81915
18981,78983,81862
18982,78973,81806
18983,78940,81751
18984,78918,81699
18985,78897,81642
18986,78882,81608
18987,78884,81578
18988,78885,81565
18989,78875,81563
18990,78870,81557
18991,78879,81558
18992,78887,81579
18993,78878,81584
18994,78889,81590
18995,78886,81611
18996,78887,81607
18997,78891,81617
18998,78887,81614
18999,78886,81615
19000,78876,81606
19001,78875,81603
19002,78868,81592
19003,78868,81597
19004,78871,81598
19005,78865,81603
19006,78863,81607
19007,78864,81620
19008,78868,81627
19009,78879,81643
19010,78873,81640
19011,78872,81639
19012,78865,81644
19013,78878,81661
19014,78869,81663
19015,78865,81661
19016,78867,81664
19017,78862,81663
19018,78869,81668
19019,78860,81663
19020,78868,81672
19021,78869,81672
19022,78876,81690
19023,78869,81690
19024,78880,81709
19025,78879,81714
19026,78884,81730
19027,78891,81730
19028,78894,81740
19029,78908,81759
19030,78917,81770
19031,78917,81780
19032,78921,81784
19033,78902,81785
19034,78926,81796
19035,78925,81801
19036,78928,81815
19037,78924,81826
19038,78930,81837
19039,78939,81837
19040,78942,81835
19041,78948,81860
19042,78945,81860
19043,78949,81859
19044,78951,81874
19045,78956,81874
19046,78961,81886
19047,78954,81892
19048,78956,81900
19049,78961,81899
19050,78953,81913
19051,78961,81919
19052,78955,81928
19053,78962,81924
19054,78963,81934
19055,78959,81940
19056,78953,81940
19057,78962,81950
19058,78965,81953
19059,78966,81958
19060,78963,81971
19061,78966,81979
19062,78966,81987
19063,78975,81992
19064,78972,82004
19065,78982,82009
19066,78979,82011
19067,78986,82022
19068,78973,82018
19069,78994,82021
19070,78981,82025
19071,78983,82008
19072,78972,81983
19073,78947,81941
19074,78934,81886
19075,78911,81840
19076,78886,81789
19077,78871,81739
19078,78849,81694
19079,78844,81665
19080,78840,81646
19081,78833,81634
19082,78824,81631
19083,78829,81631
19084,78829,81639
19085,78836,81648
19086,78835,81663
19087,78840,81671
19088,78840,81687
19089,78832,81689
19090,78844,81691
19091,78842,81694
19092,78842,81693
19093,78837,81690
19094,78842,81682
19095,78837,81696
19096,78837,81698
19097,78850,81706
19098,78851,81708
19099,78853,81727
19100,78863,81740
19101,78859,81746
19102,78875,81756
19103,78872,81751
19104,78871,81767
19105,78874,81775
19106,78889,81786
19107,78894,81791
19108,78898,81784
19109,78898,81779
19110,78891,81794
19111,78910,81802
19112,78904,81798
19113,78909,81809
19114,78916,81811
19115,78910,81820
19116,78917,81827
19117,78919,81837
19118,78914,81842
19119,78917,81854
19120,78921,81866
19121,78927,81869
19122,78915,81878
19123,78925,81896
19124,78923,81891
19125,78923,81904
19126,78925,81907
19127,78921,81924
19128,78925,81924
19129,78934,81938
19130,78923,81932
19131,78919,81941
19132,78922,81937
19133,78927,81950
19134,78918,81956
19135,78921,81953
19136,78916,81969
19137,78913,81968
19138,78907,81973
19139,78925,81968
19140,78922,81978
19141,78920,81997
19142,78919,81992
19143,78928,81994
19144,78917,82007
19145,78919,82002
19146,78923,82014
19147,78924,82028
19148,78919,82034
19149,78926,82031
19150,78922,82050
19151,78922,82052
19152,78933,82048
19153,78932,82057
19154,78927,82066
19155,78933,82076
19156,78943,82072
19157,78936,82091
19158,78933,82097
19159,78947,82105
19160,78953,82117
19161,78953,82127
19162,78959,82112
19163,78941,82090
19164,78927,82043
19165,78907,81998
19166,78877,81958
19167,78866,81895
19168,78840,81848
19169,78829,81808
19170,78818,81770
19171,78799,81745
19172,78808,81730
19173,78803,81727
19174,78788,81724
19175,78794,81738
19176,78800,81744
19177,78795,81754
19178,78798,81755
19179,78803,81766
19180,78807,81782
19181,78803,81782
19182,78803,81791
19183,78801,81780
19184,78792,81785
19185,78793,81777
19186,78788,81780
19187,78788,81783
19188,78786,81785
19189,78781,81789
19190,78785,81792
19191,78794,81793
19192,78788,81802
19193,78786,81804
19194,78796,81801
19195,78792,81803
19196,78794,81795
19197,78786,81812
19198,78877,81958
19199,78791,81816
19200,78802,81812
19201,78796,81826
19202,78797,81817
19203,78790,81824
19204,78799,81828
19205,78806,81833
19206,78802,81845
19207,78805,81855
19208,78822,81868
19209,78824,81873
19210,78831,81885
19211,78825,81885
19212,78820,81883
19213,78834,81909
19214,78823,81915
19215,78828,81911
19216,78833,81928
19217,78828,81935
19218,78832,81943
19219,78829,81941
19220,78834,81943
19221,78828,81953
19222,78841,81953
19223,78836,81959
19224,78846,81978
19225,78845,81973
19226,78848,81974
19227,78849,81990
19228,78860,81990
19229,78856,81981
19230,78855,81987
19231,78857,82001
19232,78861,82010
19233,78851,82011
19234,78862,82015
19235,78866,82028
19236,78861,82021
19237,78863,82022
19238,78869,82032
19239,78858,82046
19240,78865,82040
19241,78861,82054
19242,78860,82055
19243,78869,82058
19244,78869,82067
19245,78863,82065
19246,78859,82064
19247,78844,82033
19248,78821,81997
19249,78805,81954
19250,78781,81903
19251,78765,81854
19252,78756,81826
19253,78741,81778
19254,78732,81744
19255,78717,81722
19256,78716,81707
19257,78696,81706
19258,78694,81694
19259,78704,81700
19260,78703,81712
19261,78700,81735
19262,78698,81744
19263,78715,81749
19264,78715,81763
19265,78711,81774
19266,78702,81776
19267,78705,81781
19268,78715,81785
19269,78713,81792
19270,78721,81796
19271,78718,81799
19272,78726,81819
19273,78726,81807
19274,78715,81825
19275,78722,81819
19276,78719,81827
19277,78731,81818
19278,78717,81809
19279,78728,81811
19280,78727,81807
19281,78725,81808
19282,78722,81819
19283,78729,81809
19284,78730,81810
19285,78731,81817
19286,78726,81820
19287,78732,81823
19288,78744,81839
19289,78745,81848
19290,78742,81851
19291,78744,81857
19292,78757,81868
19293,78756,81869
19294,78757,81877
19295,78748,81899
19296,78753,81893
19297,78757,81906
19298,78762,81910
19299,78750,81922
19300,78757,81917
19301,78757,81925
19302,78762,81928
19303,78765,81934
19304,78765,81939
19305,78763,81945
19306,78774,81951
19307,78769,81960
19308,78772,81953
19309,78777,81957
19310,78778,81965
19311,78776,81969
19312,78787,81973
19313,78784,81979
19314,78788,81980
19315,78788,81987
19316,78792,81987
19317,78793,81993
19318,78785,82003
19319,78790,82007
19320,78793,82004
19321,78785,82016
19322,78786,82012
19323,78785,82024
19324,78794,82026
19325,78789,82028
19326,78783,82029
19327,78782,82018
19328,78751,81988
19329,78745,81945
19330,78727,81901
19331,78705,81845
19332,78687,81800
19333,78675,81748
19334,78660,81726
19335,78649,81699
19336,78642,81670
19337,78640,81652
19338,78632,81647
19339,78628,81647
19340,78620,81653
19341,78625,81667
19342,78637,81677
19343,78630,81692
19344,78633,81696
19345,78644,81707
19346,78638,81713
19347,78636,81716
19348,78642,81706
19349,78633,81716
19350,78629,81711
19351,78628,81712
19352,78629,81717
19353,78627,81715
19354,78634,81714
19355,78622,81716
19356,78627,81717
19357,78624,81722
19358,78624,81720
19359,78634,81714
19360,78626,81722
19361,78630,81710
19362,78630,81710
19363,78629,81717
19364,78623,81711
19365,78616,81706
19366,78625,81708
19367,78626,81713
19368,78624,81717
19369,78629,81719
19370,78630,81741
19371,78646,81734
19372,78651,81751
19373,78653,81767
19374,78656,81779
19375,78657,81781
19376,78658,81787
19377,78665,81803
19378,78674,81812
19379,78679,81821
19380,78678,81828
19381,78680,81839
19382,78685,81844
19383,78694,81845
19384,78694,81845
19385,78685,81847
19386,78700,81859
19387,78694,81870
19388,78704,81869
19389,78699,81873
19390,78700,81867
19391,78693,81884
19392,78703,81890
19393,78713,81884
19394,78708,81892
19395,78704,81904
19396,78716,81893
19397,78710,81914
19398,78709,81918
19399,78703,81913
19400,78708,81922
19401,78712,81929
19402,78712,81935
19403,78710,81941
19404,78714,81952
19405,78710,81950
19406,78718,81957
19407,78708,81947
19408,78703,81947
19409,78687,81933
19410,78681,81892
19411,78655,81846
19412,78637,81788
19413,78615,81741
19414,78593,81693
19415,78578,81648
19416,78563,81609
19417,78556,81571
19418,78542,81540
19419,78533,81536
19420,78537,81529
19421,78542,81529
19422,78532,81542
19423,78551,81546
19424,78555,81564
19425,78565,81576
19426,78556,81576
19427,78555,81574
19428,78557,81586
19429,78555,81583
19430,78552,81584
19431,78559,81586
19432,78557,81579
19433,78567,81580
19434,78564,81589
19435,78567,81587
19436,78570,81601
19437,78568,81602
19438,78574,81600
19439,78573,81617
19440,78580,81619
19441,78580,81606
19442,78578,81620
19443,78575,81616
19444,78582,81622
19445,78576,81613
19446,78578,81625
19447,78583,81617
19448,78571,81609
19449,78585,81619
19450,78591,81625
19451,78588,81630
19452,78601,81637
19453,78609,81653
19454,78601,81653
19455,78599,81660
19456,78612,81672
19457,78603,81677
19458,78612,81686
19459,78612,81695
19460,78610,81701
19461,78613,81700
19462,78618,81712
19463,78617,81719
19464,78626,81724
19465,78627,81735
19466,78618,81730
19467,78627,81743
19468,78616,81749
19469,78626,81754
19470,78630,81748
19471,78637,81756
19472,78637,81758
19473,78633,81762
19474,78635,81770
19475,78641,81772
19476,78633,81781
19477,78639,81780
19478,78641,81779
19479,78644,81795
19480,78655,81801
19481,78647,81812
19482,78650,81815
19483,78663,81827
19484,78654,81825
19485,78643,81831
19486,78660,81839
19487,78662,81850
19488,78654,81853
19489,78661,81855
19490,78658,81861
19491,78655,81849
19492,78640,81823
19493,78631,81794
19494,78614,81752
19495,78585,81685
19496,78564,81637
19497,78543,81587
19498,78533,81546
19499,78511,81508
19500,78506,81486
19501,78495,81469
19502,78504,81459
19503,78498,81457
19504,78501,81457
19505,78500,81466
19506,78501,81475
19507,78514,81489
19508,78516,81499
19509,78521,81513
19510,78516,81512
19511,78517,81514
19512,78520,81518
19513,78515,81517
19514,78510,81509
19515,78508,81510
19516,78509,81525
19517,78528,81522
19518,78518,81529
19519,78527,81538
19520,78527,81554
19521,78526,81548
19522,78534,81557
19523,78539,81558
19524,78535,81560
19525,78539,81571
19526,78538,81558
19527,78543,81565
19528,78540,81560
19529,78543,81564
19530,78531,81560
19531,78539,81558
19532,78535,81574
19533,78547,81576
19534,78556,81581
19535,78553,81581
19536,78559,81595
19537,78566,81595
19538,78566,81606
19539,78570,81614
19540,78573,81625
19541,78575,81628
19542,78586,81640
19543,78579,81640
19544,78577,81642
19545,78581,81654
19546,78585,81664
19547,78586,81666
19548,78588,81669
19549,78587,81667
19550,78587,81676
19551,78601,81674
19552,78590,81686
19553,78589,81686
19554,78600,81687
19555,78592,81689
19556,78590,81692
19557,78586,81706
19558,78588,81708
19559,78598,81713
19560,78608,81717
19561,78598,81724
19562,78607,81727
19563,78609,81742
19564,78610,81741
19565,78607,81744
19566,78608,81745
19567,78606,81757
19568,78610,81763
19569,78624,81765
19570,78617,81781
19571,78620,81787
19572,78611,81778
19573,78614,81782
19574,78618,81780
19575,78603,81764
19576,78592,81728
19577,78573,81671
19578,78549,81619
19579,78541,81573
19580,78507,81521
19581,78500,81486
19582,78485,81448
19583,78478,81425
19584,78473,81410
19585,78464,81396
19586,78474,81410
19587,78476,81418
19588,78484,81419
19589,78477,81434
19590,78492,81448
19591,78496,81466
19592,78501,81475
19593,78500,81474
19594,78501,81484
19595,78496,81485
19596,78500,81484
19597,78494,81478
19598,78488,81482
19599,78499,81497
19600,78502,81490
19601,78503,81506
19602,78503,81502
19603,78514,81510
19604,78507,81511
19605,78513,81510
19606,78496,81517
19607,78496,81516
19608,78502,81518
19609,78506,81515
19610,78498,81518
19611,78506,81521
19612,78501,81517
19613,78503,81519
19614,78510,81519
19615,78502,81524
19616,78510,81519
19617,78511,81541
19618,78516,81556
19619,78520,81554
19620,78528,81567
19621,78526,81569
19622,78529,81576
19623,78541,81584
19624,78536,81604
19625,78533,81609
19626,78546,81614
19627,78547,81631
19628,78548,81625
19629,78549,81637
19630,78550,81641
19631,78551,81641
19632,78551,81638
19633,78548,81638
19634,78548,81656
19635,78556,81655
19636,78560,81661
19637,78552,81665
19638,78556,81669
19639,78558,81681
19640,78566,81669
19641,78560,81679
19642,78560,81688
19643,78560,81691
19644,78557,81695
19645,78565,81710
19646,78569,81704
19647,78563,81709
19648,78563,81713
19649,78565,81720
19650,78562,81724
19651,78558,81728
19652,78568,81738
19653,78565,81750
19654,78570,81748
19655,78568,81751
19656,78561,81751
19657,78558,81736
19658,78544,81702
19659,78524,81655
19660,78506,81612
19661,78480,81557
19662,78466,81508
19663,78455,81463
19664,78443,81426
19665,78431,81399
19666,78420,81379
19667,78415,81378
19668,78415,81376
19669,78419,81386
19670,78424,81400
19671,78430,81412
19672,78426,81418
19673,78429,81435
19674,78435,81437
19675,78443,81456
19676,78434,81460
19677,78433,81455
19678,78435,81469
19679,78440,81464
19680,78442,81465
19681,78439,81468
19682,78451,81473
19683,78440,81484
19684,78449,81487
19685,78449,81502
19686,78455,81494
19687,78453,81500
19688,78444,81495
19689,78453,81501
19690,78445,81499
19691,78440,81497
19692,78448,81497
19693,78443,81494
19694,78438,81494
19695,78443,81495
19696,78450,81508
19697,78452,81505
19698,78457,81521
19699,78465,81531
19700,78464,81529
19701,78470,81542
19702,78473,81552
19703,78473,81562
19704,78479,81566
19705,78474,81575
19706,78477,81590
19707,78481,81590
19708,78492,81602
19709,78488,81600
19710,78486,81614
19711,78477,81615
19712,78492,81616
19713,78493,81631
19714,78491,81627
19715,78489,81632
19716,78494,81642
19717,78490,81642
19718,78491,81646
19719,78492,81645
19720,78500,81654
19721,78497,81651
19722,78495,81653
19723,78514,81661
19724,78506,81672
19725,78508,81667
19726,78502,81674
19727,78516,81677
19728,78511,81685
19729,78515,81694
19730,78504,81704
19731,78514,81693
19732,78500,81702
19733,78499,81719
19734,78507,81709
19735,78501,81713
19736,78508,81727
19737,78501,81722
19738,78508,81729
19739,78502,81722
19740,78494,81705
19741,78481,81674
19742,78462,81627
19743,78445,81569
19744,78419,81521
19745,78406,81476
19746,78386,81434
19747,78374,81401
19748,78367,81373
19749,78359,81360
19750,78364,81359
19751,78362,81360
19752,78363,81378
19753,78383,81394
19754,78382,81398
19755,78380,81416
19756,78390,81421
19757,78381,81432
19758,78378,81429
19759,78372,81436
19760,78384,81430
19761,78374,81428
19762,78375,81436
19763,78379,81441
19764,78373,81444
19765,78373,81442
19766,78377,81440
19767,78376,81458
19768,78381,81456
19769,78376,81456
19770,78370,81455
19771,78368,81457
19772,78365,81450
19773,78371,81456
19774,78371,81441
19775,78373,81448
19776,78365,81458
19777,78370,81457
19778,78363,81457
19779,78373,81473
19780,78378,81472
19781,78382,81482
19782,78390,81490
19783,78396,81490
19784,78401,81492
19785,78399,81506
19786,78411,81522
19787,78417,81520
19788,78409,81525
19789,78421,81536
19790,78415,81555
19791,78422,81562
19792,78436,81561
19793,78441,81575
19794,78438,81574
19795,78443,81583
19796,78443,81588
19797,78446,81592
19798,78448,81596
19799,78463,81613
19800,78453,81614
19801,78462,81620
19802,78467,81619
19803,78465,81624
19804,78466,81624
19805,78471,81631
19806,78471,81639
19807,78464,81644
19808,78471,81654
19809,78475,81649
19810,78464,81654
19811,78484,81667
19812,78474,81666
19813,78483,81664
19814,78481,81681
19815,78483,81680
19816,78484,81688
19817,78480,81686
19818,78489,81701
19819,78483,81699
19820,78487,81703
19821,78479,81720
19822,78493,81710
19823,78487,81700
19824,78475,81690
19825,78461,81651
19826,78437,81594
19827,78417,81543
19828,78412,81500
19829,78380,81445
19830,78372,81409
19831,78352,81367
19832,78352,81353
19833,78352,81344
19834,78349,81341
19835,78345,81346
19836,78357,81349
19837,78358,81367
19838,78369,81379
19839,78365,81401
19840,78378,81395
19841,78376,81414
19842,78375,81419
19843,78372,81415
19844,78372,81422
19845,78366,81424
19846,78372,81412
19847,78368,81424
19848,78372,81433
19849,78388,81435
19850,78387,81451
19851,78389,81446
19852,78390,81449
19853,78383,81456
19854,78388,81459
19855,78389,81458
19856,78386,81460
19857,78393,81454
19858,78384,81455
19859,78385,81455
19860,78400,81463
19861,78404,81460
19862,78410,81461
19863,78407,81476
19864,78424,81482
19865,78426,81483
19866,78428,81506
19867,78435,81501
19868,78438,81511
19869,78449,81518
19870,78454,81529
19871,78455,81552
19872,78465,81549
19873,78457,81565
19874,78471,81568
19875,78471,81571
19876,78476,81573
19877,78485,81581
19878,78480,81592
19879,78485,81581
19880,78481,81602
19881,78482,81606
19882,78489,81601
19883,78487,81608
19884,78493,81607
19885,78490,81609
19886,78492,81613
19887,78495,81609
19888,78490,81629
19889,78501,81630
19890,78500,81628
19891,78503,81634
19892,78505,81651
19893,78502,81645
19894,78503,81645
19895,78501,81647
19896,78496,81651
19897,78497,81650
19898,78501,81659
19899,78507,81666
19900,78500,81672
19901,78506,81679
19902,78496,81671
19903,78496,81666
19904,78478,81658
19905,78471,81622
19906,78446,81571
19907,78429,81527
19908,78403,81484
19909,78403,81435
19910,78382,81395
19911,78374,81366
19912,78362,81340
19913,78351,81335
19914,78351,81323
19915,78344,81326
19916,78356,81339
19917,78362,81346
19918,78366,81365
19919,78364,81376
19920,78380,81390
19921,78376,81399
19922,78387,81415
19923,78390,81416
19924,78389,81421
19925,78383,81432
19926,78398,81442
19927,78402,81443
19928,78394,81452
19929,78400,81458
19930,78406,81470
19931,78407,81462
19932,78402,81472
19933,78404,81463
19934,78406,81464
19935,78404,81462
19936,78399,81455
19937,78399,81456
19938,78410,81449
19939,78396,81457
19940,78408,81449
19941,78401,81453
19942,78415,81457
19943,78403,81462
19944,78419,81469
19945,78417,81479
19946,78418,81489
19947,78431,81502
19948,78423,81512
19949,78432,81523
19950,78425,81530
19951,78422,81529
19952,78428,81535
19953,78439,81542
19954,78433,81554
19955,78435,81556
19956,78436,81554
19957,78432,81562
19958,78440,81561
19959,78437,81562
19960,78435,81561
19961,78432,81573
19962,78420,81574
19963,78428,81572
19964,78424,81572
19965,78438,81579
19966,78435,81571
19967,78436,81591
19968,78433,81581
19969,78435,81586
19970,78443,81591
19971,78439,81594
19972,78431,81601
19973,78447,81612
19974,78450,81613
19975,78448,81629
19976,78444,81628
19977,78441,81637
19978,78445,81651
19979,78442,81641
19980,78446,81657
19981,78449,81661
19982,78441,81661
19983,78440,81670
19984,78443,81649
19985,78424,81630
19986,78416,81593
19987,78403,81550
19988,78382,81492
19989,78358,81438
19990,78340,81390
19991,78322,81352
19992,78304,81318
19993,78295,81286
19994,78302,81272
19995,78297,81261
19996,78301,81269
19997,78308,81274
19998,78308,81289
19999,78314,81291
20000,78308,81312
20001,78322,81321
20002,78320,81339
20003,78318,81342
20004,78328,81348
20005,78322,81350
20006,78331,81341
20007,78325,81350
20008,78322,81341
20009,78323,81342
20010,78335,81357
20011,78329,81365
20012,78337,81364
20013,78343,81368
20014,78340,81369
20015,78349,81380
20016,78339,81383
20017,78343,81370
20018,78332,81369
20019,78336,81369
20020,78348,81378
20021,78338,81379
20022,78349,81374
20023,78348,81370
20024,78351,81374
20025,78357,81391
20026,78361,81393
20027,78368,81401
20028,78369,81407
20029,78377,81419
20030,78387,81420
20031,78387,81433
20032,78389,81434
20033,78395,81456
20034,78395,81458
20035,78395,81467
20036,78395,81467
20037,78392,81478
20038,78395,81485
20039,78401,81487
20040,78398,81494
20041,78396,81496
20042,78402,81506
20043,78413,81510
20044,78417,81515
20045,78416,81515
20046,78420,81523
20047,78410,81529
20048,78415,81528
20049,78425,81531
20050,78422,81542
20051,78431,81538
20052,78425,81556
20053,78426,81551
20054,78427,81559
20055,78428,81557
20056,78432,81571
20057,78426,81573
20058,78426,81571
20059,78433,81578
20060,78422,81585
20061,78433,81590
20062,78436,81596
20063,78438,81610
20064,78438,81623
20065,78433,81619
20066,78434,81626
20067,78443,81633
20068,78453,81645
20069,78447,81648
20070,78453,81657
20071,78455,81663
20072,78451,81665
20073,78451,81652
20074,78439,81639
20075,78407,81588
20076,78399,81533
20077,78379,81481
20078,78363,81425
20079,78342,81378
20080,78342,81329
20081,78307,81286
20082,78307,81266
20083,78299,81246
20084,78298,81252
20085,78304,81254
20086,78301,81254
20087,78313,81266
20088,78311,81281
20089,78320,81300
20090,78318,81303
20091,78322,81309
20092,78318,81313
20093,78316,81309
20094,78310,81309
20095,78307,81306
20096,78295,81295
20097,78304,81293
20098,78304,81299
20099,78298,81304
20100,78303,81306
20101,78301,81315
20102,78296,81319
20103,78309,81323
20104,78302,81331
20105,78312,81335
20106,78304,81339
20107,78312,81338
20108,78309,81341
20109,78304,81346
20110,78313,81343
20111,78328,81344
20112,78310,81342
20113,78323,81344
20114,78324,81350
20115,78335,81358
20116,78334,81365
20117,78339,81380
20118,78353,81388
20119,78350,81397
20120,78372,81407
20121,78356,81418
20122,78369,81433
20123,78364,81432
20124,78366,81437
20125,78374,81448
20126,78375,81463
20127,78385,81470
20128,78383,81478
20129,78379,81477
20130,78383,81491
20131,78393,81500
20132,78389,81495
20133,78395,81507
20134,78392,81509
20135,78400,81516
20136,78405,81524
20137,78400,81526
20138,78412,81537
20139,78412,81533
20140,78412,81548
20141,78403,81549
20142,78422,81552
20143,78426,81562
20144,78412,81568
20145,78424,81564
20146,78414,81574
20147,78434,81582
20148,78424,81583
20149,78431,81585
20150,78421,81582
20151,78428,81583
20152,78415,81588
20153,78432,81602
20154,78425,81604
20155,78435,81616
20156,78439,81629
20157,78441,81633
20158,78443,81636
20159,78445,81637
20160,78442,81650
20161,78451,81658
20162,78449,81664
20163,78455,81673
20164,78443,81682
20165,78454,81679
20166,78458,81691
20167,78450,81686
20168,78450,81659
20169,78431,81626
20170,78400,81565
20171,78382,81512
20172,78355,81444
20173,78331,81388
20174,78315,81355
20175,78304,81303
20176,78292,81281
20177,78282,81255
20178,78279,81253
20179,78289,81254
20180,78282,81268
20181,78284,81270
20182,78292,81294
20183,78288,81304
20184,78301,81321
20185,78303,81335
20186,78300,81331
20187,78303,81345
20188,78304,81337
20189,78294,81334
20190,78290,81329
20191,78293,81326
20192,78285,81331
20193,78300,81328
20194,78298,81342
20195,78296,81345
20196,78298,81360
20197,78308,81362
20198,78306,81358
20199,78311,81358
20200,78306,81371
20201,78311,81369
20202,78305,81364
20203,78310,81373
20204,78316,81372
20205,78323,81370
20206,78330,81380
20207,78323,81376
20208,78325,81377
20209,78334,81382
20210,78331,81397
20211,78339,81396
20212,78340,81411
20213,78348,81427
20214,78357,81428
20215,78356,81453
20216,78349,81455
20217,78356,81459
20218,78351,81461
20219,78356,81477
20220,78361,81486
20221,78373,81493
20222,78363,81499
20223,78366,81508
20224,78361,81516
20225,78363,81506
20226,78374,81519
20227,78365,81526
20228,78371,81528
20229,78370,81533
20230,78381,81533
20231,78376,81548
20232,78383,81543
20233,78389,81562
20234,78400,81557
20235,78393,81562
20236,78396,81574
20237,78399,81569
20238,78391,81583
20239,78401,81592
20240,78393,81588
20241,78398,81593
20242,78400,81597
20243,78398,81606
20244,78404,81608
20245,78403,81628
20246,78404,81626
20247,78403,81631
20248,78400,81643
20249,78409,81644
20250,78408,81650
20251,78411,81654
20252,78415,81663
20253,78407,81664
20254,78416,81665
20255,78413,81688
20256,78422,81690
20257,78421,81704
20258,78418,81705
20259,78423,81718
20260,78430,81714
20261,78426,81709
20262,78414,81683
20263,78393,81647
20264,78372,81580
20265,78353,81521
20266,78327,81465
20267,78314,81412
20268,78290,81358
20269,78277,81323
20270,78261,81296
20271,78256,81266
20272,78253,81266
20273,78256,81277
20274,78248,81280
20275,78261,81288
20276,78267,81312
20277,78273,81323
20278,78281,81342
20279,78278,81354
20280,78284,81368
20281,78285,81366
20282,78283,81371
20283,78285,81371
20284,78276,81370
20285,78279,81372
20286,78280,81372
20287,78281,81374
20288,78285,81375
20289,78286,81379
20290,78298,81394
20291,78281,81392
20292,78293,81394
20293,78295,81398
20294,78294,81405
20295,78308,81408
20296,78293,81400
20297,78296,81407
20298,78290,81401
20299,78300,81399
20300,78305,81410
20301,78312,81414
20302,78306,81420
20303,78311,81419
20304,78313,81426
20305,78322,81436
20306,78334,81452
20307,78328,81464
20308,78333,81472
20309,78342,81472
20310,78351,81483
20311,78342,81496
20312,78347,81499
20313,78345,81507
20314,78350,81512
20315,78346,81516
20316,78353,81523
20317,78361,81531
20318,78353,81528
20319,78362,81537
20320,78365,81545
20321,78367,81540
20322,78362,81545
20323,78373,81556
20324,78361,81571
20325,78362,81567
20326,78362,81568
20327,78366,81586
20328,78369,81584
20329,78377,81591
20330,78368,81588
20331,78370,81596
20332,78377,81593
20333,78381,81609
20334,78379,81615
20335,78381,81615
20336,78375,81611
20337,78371,81628
20338,78381,81636
20339,78372,81631
20340,78373,81636
20341,78373,81647
20342,78377,81655
20343,78384,81664
20344,78389,81666
20345,78378,81677
20346,78397,81682
20347,78394,81697
20348,78397,81710
20349,78416,81713
20350,78406,81723
20351,78420,81726
20352,78422,81718
20353,78419,81726
20354,78416,81720
20355,78406,81670
20356,78388,81626
20357,78374,81570
20358,78349,81524
20359,78329,81460
20360,78324,81412
20361,78306,81383
20362,78292,81355
20363,78278,81334
20364,78279,81329
20365,78273,81315
20366,78280,81328
20367,78281,81336
20368,78282,81349
20369,78295,81374
20370,78290,81388
20371,78288,81392
20372,78274,81393
20373,78276,81408
20374,78280,81402
20375,78276,81400
20376,78263,81400
20377,78266,81394
20378,78268,81392
20379,78275,81396
20380,78272,81398
20381,78276,81399
20382,78287,81411
20383,78291,81422
20384,78304,81420
20385,78305,81427
20386,78314,81428
20387,78323,81430
20388,78316,81432
20389,78328,81429
20390,78329,81427
20391,78343,81435
20392,78336,81438
20393,78342,81448
20394,78343,81445
20395,78359,81461
20396,78355,81464
20397,78366,81482
20398,78361,81491
20399,78371,81495
20400,78378,81509
20401,78381,81519
20402,78378,81528
20403,78374,81539
20404,78383,81547
20405,78385,81554
20406,78378,81551
20407,78384,81561
20408,78384,81577
20409,78384,81577
20410,78385,81579
20411,78390,81574
20412,78388,81582
20413,78382,81586
20414,78377,81579
20415,78380,81582
20416,78378,81581
20417,78374,81587
20418,78369,81583
20419,78372,81581
20420,78380,81586
20421,78374,81599
20422,78373,81608
20423,78375,81602
20424,78383,81610
20425,78387,81620
20426,78386,81628
20427,78387,81626
20428,78397,81632
20429,78407,81640
20430,78398,81642
20431,78408,81657
20432,78407,81666
20433,78419,81670
20434,78409,81681
20435,78414,81686
20436,78424,81688
20437,78435,81686
20438,78426,81676
20439,78406,81630
20440,78388,81585
20441,78372,81540
20442,78339,81488
20443,78327,81439
20444,78318,81409
20445,78300,81375
20446,78301,81354
20447,78301,81350
20448,78302,81338
20449,78305,81340
20450,78299,81357
20451,78310,81366
20452,78318,81383
20453,78326,81399
20454,78326,81419
20455,78330,81438
20456,78332,81441
20457,78318,81451
20458,78330,81462
20459,78331,81451
20460,78324,81458
20461,78328,81457
20462,78330,81476
20463,78326,81471
20464,78325,81480
20465,78323,81463
20466,78317,81462
20467,78322,81468
20468,78313,81456
20469,78312,81447
20470,78305,81441
20471,78299,81441
20472,78299,81437
20473,78298,81433
20474,78301,81431
20475,78300,81440
20476,78313,81438
20477,78309,81440
20478,78318,81455
20479,78321,81471
20480,78319,81470
20481,78325,81488
20482,78328,81493
20483,78332,81507
20484,78327,81512
20485,78327,81520
20486,78326,81525
20487,78334,81538
20488,78333,81542
20489,78331,81547
20490,78338,81549
20491,78331,81548
20492,78341,81553
20493,78344,81561
20494,78343,81567
20495,78338,81562
20496,78345,81574
20497,78342,81576
20498,78344,81573
20499,78345,81585
20500,78341,81576
20501,78344,81584
20502,78342,81584
20503,78337,81589
20504,78330,81589
20505,78322,81577
20506,78300,81569
20507,78287,81561
20508,78275,81565
20509,78271,81552
20510,78265,81550
20511,78264,81545
20512,78262,81545
20513,78264,81544
20514,78261,81540
20515,78256,81535
20516,78239,81505
20517,78246,81485
20518,78234,81431
20519,78232,81386
20520,78226,81352
20521,78241,81316
20522,78240,81306
20523,78245,81280
20524,78242,81262
20525,78237,81247
20526,78243,81259
20527,78254,81278
20528,78255,81281
20529,78272,81300
20530,78274,81318
20531,78277,81326
20532,78288,81342
20533,78283,81347
20534,78276,81365
20535,78272,81364
20536,78272,81364
20537,78261,81347
20538,78251,81347
20539,78241,81352
20540,78253,81347
20541,78241,81343
20542,78233,81333
20543,78244,81326
20544,78226,81335
20545,78214,81335
20546,78220,81333
20547,78210,81333
20548,78213,81328
20549,78213,81324
20550,78203,81319
20551,78215,81316
20552,78204,81315
20553,78199,81322
20554,78196,81327
20555,78201,81328
20556,78200,81332
20557,78210,81337
20558,78201,81353
20559,78197,81352
20560,78203,81367
20561,78203,81373
20562,78215,81388
20563,78217,81391
20564,78225,81410
20565,78225,81420
20566,78246,81432
20567,78245,81440
20568,78241,81447
20569,78247,81436
20570,78253,81447
20571,78248,81451
20572,78254,81460
20573,78262,81459
20574,78262,81460
20575,78267,81465
20576,78266,81472
20577,78257,81467
20578,78256,81471
20579,78250,81470
20580,78239,81464
20581,78228,81459
20582,78230,81462
20583,78217,81466
20584,78220,81466
20585,78224,81468
20586,78229,81479
20587,78235,81493
20588,78230,81497
20589,78240,81513
20590,78234,81508
20591,78245,81524
20592,78255,81531
20593,78262,81544
20594,78253,81535
20595,78263,81524
20596,78248,81490
20597,78228,81431
20598,78203,81379
20599,78181,81316
20600,78158,81265
20601,78138,81225
20602,78130,81168
20603,78119,81142
20604,78110,81120
20605,78107,81119
20606,78107,81107
20607,78107,81119
20608,78111,81131
20609,78112,81131
20610,78118,81145
20611,78122,81153
20612,78112,81157
20613,78115,81162
20614,78110,81156
20615,78111,81155
20616,78110,81148
20617,78100,81145
20618,78109,81145
20619,78106,81139
20620,78113,81149
20621,78123,81158
20622,78123,81171
20623,78245,81524
20624,78255,81531
20625,78142,81186
20626,78153,81196
20627,78147,81199
20628,78152,81206
20629,78148,81206
20630,78151,81211
20631,78163,81213
20632,78166,81214
20633,78164,81227
20634,78181,81223
20635,78177,81229
20636,78166,81225
20637,78176,81245
20638,78179,81252
20639,78193,81263
20640,78188,81266
20641,78192,81286
20642,78197,81286
20643,78204,81299
20644,78199,81296
20645,78205,81320
20646,78211,81324
20647,78219,81335
20648,78216,81336
20649,78215,81339
20650,78220,81356
20651,78219,81356
20652,78216,81358
20653,78215,81359
20654,78216,81374
20655,78220,81372
20656,78223,81378
20657,78233,81389
20658,78236,81389
20659,78234,81395
20660,78242,81405
20661,78240,81411
20662,78252,81411
20663,78247,81418
20664,78246,81424
20665,78249,81424
20666,78253,81424
20667,78256,81436
20668,78250,81444
20669,78258,81457
20670,78265,81459
20671,78260,81453
20672,78256,81470
20673,78255,81476
20674,78268,81482
20675,78264,81481
20676,78255,81489
20677,78256,81506
20678,78257,81504
20679,78269,81500
20680,78257,81503
20681,78245,81484
20682,78234,81460
20683,78216,81394
20684,78185,81358
20685,78162,81281
20686,78128,81223
20687,78109,81163
20688,78103,81133
20689,78088,81101
20690,78085,81075
20691,78089,81072
20692,78085,81082
20693,78089,81085
20694,78095,81103
20695,78106,81112
20696,78117,81135
20697,78123,81144
20698,78126,81165
20699,78131,81156
20700,78126,81164
20701,78130,81156
20702,78133,81151
20703,78137,81144
20704,78123,81146
20705,78124,81145
20706,78128,81155
20707,78130,81169
20708,78140,81184
20709,78150,81188
20710,78146,81201
20711,78147,81210
20712,78150,81219
20713,78151,81227
20714,78159,81228
20715,78149,81227
20716,78160,81231
20717,78155,81245
20718,78158,81244
20719,78160,81240
20720,78164,81236
20721,78170,81247
20722,78172,81255
20723,78169,81259
20724,78180,81266
20725,78184,81265
20726,78192,81288
20727,78202,81301
20728,78196,81308
20729,78207,81317
20730,78206,81323
20731,78207,81335
20732,78220,81333
20733,78223,81345
20734,78223,81357
20735,78223,81370
20736,78232,81367
20737,78228,81375
20738,78230,81381
20739,78230,81382
20740,78233,81383
20741,78233,81408
20742,78236,81409
20743,78234,81402
20744,78240,81416
20745,78245,81429
20746,78248,81430
20747,78242,81437
20748,78242,81440
20749,78255,81440
20750,78263,81451
20751,78255,81460
20752,78263,81470
20753,78258,81467
20754,78271,81476
20755,78268,81485
20756,78270,81491
20757,78280,81514
20758,78277,81507
20759,78281,81514
20760,78282,81525
20761,78290,81530
20762,78286,81531
20763,78283,81548
20764,78289,81552
20765,78289,81560
20766,78296,81565
20767,78290,81564
20768,78300,81583
20769,78308,81589
20770,78306,81595
20771,78296,81585
20772,78285,81542
20773,78268,81491
20774,78241,81438
20775,78222,81391
20776,78209,81351
20777,78197,81295
20778,78178,81263
20779,78171,81229
20780,78160,81214
20781,78146,81211
20782,78159,81209
20783,78167,81225
20784,78164,81225
20785,78177,81244
20786,78169,81267
20787,78179,81273
20788,78185,81282
20789,78183,81289
20790,78175,81297
20791,78170,81292
20792,78170,81290
20793,78162,81291
20794,78172,81276
20795,78159,81285
20796,78163,81295
20797,78168,81305
20798,78162,81320
20799,78175,81325
20800,78174,81322
20801,78170,81331
20802,78177,81335
20803,78176,81340
20804,78169,81334
20805,78178,81345
20806,78187,81340
20807,78185,81339
20808,78192,81347
20809,78183,81336
20810,78191,81351
20811,78202,81355
20812,78209,81372
20813,78207,81371
20814,78218,81393
20815,78232,81396
20816,78221,81406
20817,78227,81417
20818,78228,81422
20819,78240,81434
20820,78249,81444
20821,78240,81456
20822,78243,81455
20823,78248,81468
20824,78243,81463
20825,78247,81480
20826,78248,81484
20827,78251,81485
20828,78243,81496
20829,78254,81497
20830,78258,81507
20831,78258,81502
20832,78260,81501
20833,78254,81511
20834,78261,81522
20835,78263,81524
20836,78265,81526
20837,78261,81525
20838,78267,81536
20839,78258,81534
20840,78255,81546
20841,78270,81555
20842,78259,81566
20843,78268,81563
20844,78255,81565
20845,78261,81566
20846,78260,81569
20847,78266,81582
20848,78266,81585
20849,78265,81596
20850,78264,81600
20851,78263,81606
20852,78268,81613
20853,78270,81615
20854,78270,81631
20855,78285,81635
20856,78282,81641
20857,78273,81612
20858,78253,81573
20859,78238,81536
20860,78214,81480
20861,78208,81425
20862,78172,81373
20863,78258,81502
20864,78161,81323
20865,78147,81293
20866,78138,81272
20867,78134,81272
20868,78135,81276
20869,78134,81284
20870,78135,81304
20871,78138,81313
20872,78152,81329
20873,78155,81343
20874,78161,81354
20875,78155,81355
20876,78140,81358
20877,78143,81360
20878,78137,81362
20879,78141,81354
20880,78133,81358
20881,78145,81367
20882,78138,81367
20883,78139,81378
20884,78131,81377
20885,78135,81381
20886,78137,81375
20887,78135,81375
20888,78139,81381
20889,78136,81385
20890,78135,81380
20891,78138,81379
20892,78134,81385
20893,78137,81384
20894,78141,81383
20895,78141,81391
20896,78144,81391
20897,78142,81404
20898,78158,81406
20899,78162,81417
20900,78171,81439
20901,78180,81448
20902,78177,81454
20903,78179,81464
20904,78178,81468
20905,78173,81473
20906,78178,81484
20907,78175,81492
20908,78183,81499
20909,78184,81515
20910,78179,81518
20911,78181,81523
20912,78191,81521
20913,78180,81526
20914,78183,81530
20915,78183,81549
20916,78189,81538
20917,78181,81546
20918,78190,81548
20919,78185,81548
20920,78185,81555
20921,78183,81560
20922,78191,81563
20923,78188,81572
20924,78188,81577
20925,78195,81575
20926,78195,81587
20927,78192,81580
20928,78193,81594
20929,78187,81599
20930,78186,81597
20931,78193,81601
20932,78193,81611
20933,78185,81616
20934,78187,81623
20935,78192,81631
20936,78190,81632
20937,78186,81638
20938,78184,81641
20939,78194,81661
20940,78188,81665
20941,78199,81663
20942,78199,81679
20943,78205,81679
20944,78202,81685
20945,78203,81679
20946,78175,81648
20947,78163,81598
20948,78141,81551
20949,78103,81494
20950,78101,81434
20951,78074,81396
20952,78053,81345
20953,78042,81311
20954,78036,81286
20955,78033,81270
20956,78027,81271
20957,78018,81263
20958,78024,81281
20959,78022,81282
20960,78028,81300
20961,78043,81305
20962,78037,81322
20963,78038,81324
20964,78035,81335
20965,78023,81324
20966,78024,81319
20967,78014,81313
20968,78015,81307
20969,78016,81307
20970,78019,81307
20971,78011,81317
20972,78009,81321
20973,78012,81317
20974,78013,81318
20975,78018,81329
20976,78026,81330
20977,78017,81336
20978,78018,81336
20979,78026,81336
20980,78020,81340
20981,78030,81345
20982,78030,81338
20983,78038,81350
20984,78022,81340
20985,78030,81333
20986,78034,81341
20987,78035,81352
20988,78043,81357
20989,78041,81368
20990,78044,81377
20991,78051,81390
20992,78047,81396
20993,78054,81404
20994,78057,81419
20995,78070,81432
20996,78065,81437
20997,78061,81442
20998,78063,81446
20999,78060,81452
21000,78066,81462
21001,78066,81469
21002,78064,81472
21003,78074,81475
21004,78079,81486
21005,78073,81495
21006,78071,81497
21007,78083,81498
21008,78086,81506
21009,78085,81500
21010,78083,81509
21011,78086,81514
21012,78083,81526
21013,78087,81530
21014,78095,81531
21015,78100,81536
21016,78089,81537
21017,78101,81550
21018,78081,81551
21019,78096,81558
21020,78104,81565
21021,78119,81576
21022,78108,81574
21023,78108,81581
21024,78112,81592
21025,78107,81590
21026,78101,81602
21027,78114,81611
21028,78118,81611
21029,78110,81622
21030,78120,81623
21031,78110,81639
21032,78118,81643
21033,78119,81645
21034,78115,81645
21035,78118,81658
21036,78122,81666
21037,78124,81669
21038,78116,81685
21039,78121,81691
21040,78125,81681
21041,78114,81675
21042,78098,81650
21043,78081,81610
21044,78062,81554
21045,78044,81501
21046,78007,81435
21047,77992,81383
21048,77974,81339
21049,77952,81292
21050,77938,81256
21051,77933,81246
21052,77933,81237
21053,77931,81231
21054,77931,81242
21055,77933,81246
21056,77936,81252
21057,77940,81265
21058,77942,81273
21059,77936,81284
21060,77931,81285
21061,77927,81281
21062,77935,81279
21063,77914,81274
21064,77925,81264
21065,77914,81259
21066,77921,81264
21067,77911,81255
21068,77921,81264
21069,77920,81272
21070,77930,81279
21071,77926,81292
21072,77929,81293
21073,77926,81312
21074,77936,81306
21075,77935,81310
21076,77940,81305
21077,77942,81314
21078,77933,81307
21079,77931,81314
21080,77931,81308
21081,77937,81309
21082,77931,81305
21083,77946,81314
21084,77945,81315
21085,77948,81325
21086,77948,81332
21087,77952,81339
21088,77959,81355
21089,77964,81360
21090,77961,81372
21091,77970,81372
21092,77973,81382
21093,77969,81396
21094,77970,81401
21095,77980,81403
21096,77987,81410
21097,77987,81416
21098,77991,81426
21099,77989,81430
21100,77998,81435
21101,78003,81444
21102,78002,81446
21103,78013,81453
21104,78006,81449
21105,78007,81465
21106,78009,81470
21107,77935,81310
21108,78022,81478
21109,78013,81478
21110,78027,81493
21111,78031,81494
21112,78036,81504
21113,78040,81512
21114,78040,81515
21115,78037,81531
21116,78041,81530
21117,78040,81537
21118,78048,81540
21119,78046,81548
21120,78052,81550
21121,78050,81557
21122,78060,81568
21123,78056,81571
21124,78063,81580
21125,78059,81584
21126,78060,81588
21127,78066,81599
21128,78070,81601
21129,78072,81619
21130,78071,81615
21131,78077,81632
21132,78070,81631
21133,78085,81640
21134,78074,81648
21135,78080,81649
21136,78081,81660
21137,78089,81664
21138,78093,81659
21139,78107,81676
21140,78095,81676
21141,78101,81681
21142,78091,81648
21143,78072,81606
21144,78039,81542
21145,78005,81485
21146,77991,81427
21147,77963,81371
21148,77952,81322
21149,77944,81287
21150,77929,81263
21151,77919,81237
21152,77925,81234
21153,77925,81242
21154,77923,81250
21155,77926,81258
21156,77925,81267
21157,77931,81285
21158,77939,81297
21159,77942,81307
21160,77941,81312
21161,77936,81306
21162,77932,81310
21163,77925,81302
21164,77923,81301
21165,77921,81298
21166,77932,81302
21167,77925,81294
21168,77923,81306
21169,77923,81308
21170,77928,81319
21171,77940,81320
21172,77928,81321
21173,77923,81315
21174,77927,81319
21175,77924,81318
21176,77932,81307
21177,77924,81319
21178,77939,81328
21179,77935,81324
21180,77946,81322
21181,77949,81326
21182,77951,81328
21183,77962,81340
21184,77961,81337
21185,77973,81358
21186,77978,81366
21187,77978,81373
21188,77978,81386
21189,77982,81388
21190,77983,81401
21191,77997,81412
21192,77990,81413
21193,77997,81424
21194,78007,81442
21195,77999,81448
21196,78007,81446
21197,78008,81457
21198,78008,81463
21199,78009,81471
21200,78011,81470
21201,78026,81470
21202,78019,81476
21203,78023,81480
21204,78025,81484
21205,78032,81486
21206,78020,81492
21207,78029,81495
21208,78031,81505
21209,78034,81502
21210,78036,81506
21211,78037,81511
21212,78033,81515
21213,78029,81522
21214,78024,81509
21215,78027,81505
21216,78029,81525
21217,78037,81524
21218,78027,81519
21219,78025,81533
21220,78029,81525
21221,78024,81540
21222,78032,81549
21223,78019,81555
21224,78019,81566
21225,78027,81562
21226,78028,81574
21227,78025,81570
21228,78035,81585
21229,78036,81591
21230,78029,81590
21231,78031,81595
21232,78031,81596
21233,78020,81567
21234,77992,81530
21235,77978,81471
21236,77961,81420
21237,77933,81358
21238,77912,81322
21239,77906,81273
21240,77895,81246
21241,77882,81221
21242,77863,81198
21243,77872,81195
21244,77872,81208
21245,77877,81210
21246,77875,81227
21247,77887,81235
21248,77890,81257
21249,77893,81268
21250,77885,81268
21251,77888,81278
21252,77889,81294
21253,77877,81281
21254,77894,81290
21255,77892,81291
21256,77888,81295
21257,77879,81299
21258,77882,81301
21259,77887,81312
21260,77883,81303
21261,77880,81296
21262,77884,81309
21263,77887,81303
21264,77875,81297
21265,77886,81293
21266,77877,81298
21267,77888,81299
21268,77884,81298
21269,77885,81293
21270,77898,81292
21271,77896,81293
21272,77907,81291
21273,77899,81306
21274,77914,81316
21275,77912,81318
21276,77922,81332
21277,77918,81339
21278,77924,81358
21279,77935,81360
21280,77932,81368
21281,77930,81386
21282,77936,81385
21283,77928,81397
21284,77931,81398
21285,77930,81404
21286,77933,81406
21287,77936,81417
21288,77943,81431
21289,77941,81429
21290,77941,81426
21291,77948,81436
21292,77950,81442
21293,77941,81446
21294,77953,81446
21295,77950,81447
21296,77946,81460
21297,77956,81466
21298,77954,81460
21299,77967,81463
21300,77957,81472
21301,77959,81471
21302,77963,81478
21303,77949,81476
21304,77954,81485
21305,77956,81491
21306,77953,81490
21307,77957,81498
21308,77952,81508
21309,77961,81508
21310,77957,81509
21311,77963,81523
21312,77955,81529
21313,77959,81532
21314,77954,81544
21315,77956,81551
21316,77969,81553
21317,77970,81568
21318,77969,81578
21319,77965,81544
21320,77955,81535
21321,77923,81488
21322,77911,81426
21323,77875,81369
21324,77864,81309
21325,77841,81261
21326,77824,81203
21327,77801,81169
21328,77794,81138
21329,77789,81122
21330,77785,81113
21331,77785,81115
21332,77784,81114
21333,77782,81138
21334,77797,81145
21335,77798,81159
21336,77802,81170
21337,77800,81183
21338,77801,81188
21339,77800,81176
21340,77793,81180
21341,77784,81174
21342,77777,81171
21343,77774,81171
21344,77777,81172
21345,77779,81169
21346,77780,81179
21347,77778,81187
21348,77780,81182
21349,77782,81181
21350,77772,81183
21351,77965,81544
21352,77775,81196
21353,77783,81196
21354,77777,81187
21355,77782,81202
21356,77792,81198
21357,77786,81190
21358,77793,81195
21359,77797,81212
21360,77800,81205
21361,77810,81219
21362,77802,81228
21363,77824,81237
21364,77821,81244
21365,77826,81247
21366,77826,81262
21367,77841,81270
21368,77835,81272
21369,77839,81299
21370,77844,81298
21371,77847,81311
21372,77844,81319
21373,77854,81322
21374,77850,81332
21375,77857,81331
21376,77851,81335
21377,77861,81353
21378,77859,81350
21379,77858,81358
21380,77858,81357
21381,77872,81365
21382,77866,81378
21383,77865,81370
21384,77872,81376
21385,77865,81380
21386,77866,81391
21387,77874,81393
21388,77888,81399
21389,77886,81397
21390,77874,81410
21391,77874,81412
21392,77876,81419
21393,77887,81420
21394,77881,81432
21395,77888,81426
21396,77883,81444
21397,77877,81443
21398,77873,81453
21399,77888,81447
21400,77888,81461
21401,77882,81480
21402,77889,81480
21403,77894,81490
21404,77893,81506
21405,77899,81511
21406,77898,81522
21407,77905,81516
21408,77897,81524
21409,77895,81520
21410,77880,81500
21411,77865,81467
21412,77851,81404
21413,77826,81342
21414,77791,81277
21415,77770,81227
21416,77753,81173
21417,77739,81129
21418,77717,81098
21419,77719,81082
21420,77720,81068
21421,77700,81066
21422,77715,81079
21423,77713,81080
21424,77718,81092
21425,77730,81111
21426,77725,81119
21427,77725,81127
21428,77732,81143
21429,77725,81140
21430,77735,81140
21431,77719,81132
21432,77721,81124
21433,77715,81115
21434,77717,81115
21435,77719,81123
21436,77722,81141
21437,77729,81137
21438,77733,81142
21439,77729,81151
21440,77736,81160
21441,77735,81162
21442,77743,81170
21443,77740,81173
21444,77743,81177
21445,77746,81182
21446,77749,81183
21447,77755,81184
21448,77759,81186
21449,77759,81188
21450,77763,81195
21451,77773,81200
21452,77767,81204
21453,77774,81211
21454,77782,81225
21455,77786,81232
21456,77782,81247
21457,77795,81267
21458,77805,81263
21459,77801,81274
21460,77808,81290
21461,77816,81292
21462,77816,81294
21463,77821,81310
21464,77819,81315
21465,77824,81327
21466,77819,81332
21467,77821,81339
21468,77827,81345
21469,77828,81348
21470,77835,81352
21471,77839,81362
21472,77845,81351
21473,77840,81370
21474,77843,81377
21475,77843,81382
21476,77845,81387
21477,77852,81382
21478,77860,81398
21479,77862,81398
21480,77858,81408
21481,77860,81407
21482,77859,81423
21483,77861,81429
21484,77870,81440
21485,77870,81435
21486,77856,81435
21487,77866,81456
21488,77881,81447
21489,77868,81461
21490,77866,81466
21491,77870,81476
21492,77864,81477
21493,77879,81481
21494,77878,81490
21495,77874,81492
21496,77874,81505
21497,77881,81508
21498,77874,81515
21499,77893,81525
21500,77898,81533
21501,77890,81540
21502,77885,81535
21503,77896,81553
21504,77895,81560
21505,77898,81551
21506,77881,81529
21507,77866,81486
21508,77845,81439
21509,77817,81372
21510,77790,81316
21511,77781,81256
21512,77753,81202
21513,77735,81152
21514,77715,81126
21515,77718,81105
21516,77715,81107
21517,77715,81097
21518,77717,81109
21519,77721,81113
21520,77726,81129
21521,77735,81148
21522,77732,81163
21523,77737,81167
21524,77726,81178
21525,77728,81170
21526,77727,81185
21527,77722,81185
21528,77716,81165
21529,77718,81169
21530,77712,81163
21531,77700,81166
21532,77715,81177
21533,77713,81184
21534,77714,81188
21535,77718,81194
21536,77723,81206
21537,77726,81201
21538,77730,81212
21539,77726,81203
21540,77727,81211
21541,77731,81219
21542,77726,81217
21543,77737,81222
21544,77729,81227
21545,77738,81225
21546,77740,81225
21547,77742,81231
21548,77749,81240
21549,77763,81248
21550,77768,81263
21551,77768,81273
21552,77775,81282
21553,77786,81295
21554,77777,81305
21555,77784,81315
21556,77784,81320
21557,77793,81329
21558,77795,81338
21559,77802,81355
21560,77802,81360
21561,77808,81357
21562,77802,81366
21563,77812,81377
21564,77807,81380
21565,77815,81389
21566,77817,81391
21567,77823,81396
21568,77825,81398
21569,77819,81410
21570,77816,81414
21571,77824,81418
21572,77826,81417
21573,77827,81427
21574,77829,81433
21575,77835,81441
21576,77833,81450
21577,77836,81454
21578,77837,81450
21579,77836,81466
21580,77845,81462
21581,77845,81466
21582,77834,81476
21583,77832,81472
21584,77834,81471
21585,77830,81473
21586,77838,81484
21587,77830,81483
21588,77838,81493
21589,77830,81497
21590,77841,81498
21591,77833,81506
21592,77840,81521
21593,77847,81515
21594,77853,81523
21595,77847,81542
21596,77855,81548
21597,77857,81551
21598,77817,81391
21599,77854,81568
21600,77867,81573
21601,77871,81592
21602,77871,81581
21603,77877,81592
21604,77872,81599
21605,77880,81577
21606,77859,81555
21607,77841,81495
21608,77813,81430
21609,77794,81380
21610,77766,81313
21611,77744,81263
21612,77726,81220
21613,77715,81182
21614,77700,81160
21615,77700,81135
21616,77699,81140
21617,77691,81146
21618,77703,81157
21619,77706,81179
21620,77720,81186
21621,77727,81212
21622,77740,81230
21623,77731,81238
21624,77735,81237
21625,77734,81243
21626,77730,81237
21627,77726,81231
21628,77718,81231
21629,77728,81241
21630,77729,81235
21631,77732,81239
21632,77741,81261
21633,77740,81259
21634,77742,81257
21635,77740,81264
21636,77742,81263
21637,77744,81269
21638,77744,81265
21639,77744,81271
21640,77741,81269
21641,77750,81268
21642,77759,81267
21643,77755,81279
21644,77761,81277
21645,77770,81283
21646,77766,81288
21647,77778,81298
21648,77780,81303
21649,77782,81308
21650,77803,81323
21651,77799,81342
21652,77803,81349
21653,77812,81367
21654,77810,81377
21655,77822,81389
21656,77821,81394
21657,77823,81406
21658,77828,81411
21659,77825,81419
21660,77826,81420
21661,77829,81431
21662,77833,81425
21663,77840,81445
21664,77833,81436
21665,77834,81433
21666,77838,81450
21667,77843,81446
21668,77845,81463
21669,77857,81469
21670,77853,81476
21671,77860,81476
21672,77858,81482
21673,77849,81480
21674,77861,81486
21675,77857,81493
21676,77869,81492
21677,77866,81504
21678,77883,81508
21679,77875,81505
21680,77878,81511
21681,77883,81510
21682,77881,81524
21683,77880,81531
21684,77878,81539
21685,77882,81549
21686,77884,81545
21687,77878,81554
21688,77884,81574
21689,77893,81569
21690,77895,81576
21691,77895,81588
21692,77888,81577
21693,77892,81592
21694,77896,81606
21695,77899,81607
21696,77894,81616
21697,77911,81631
21698,77916,81621
21699,77913,81634
21700,77915,81634
21701,77912,81622
21702,77898,81586
21703,77864,81534
21704,77857,81476
21705,77834,81411
21706,77808,81355
21707,77793,81308
21708,77787,81270
21709,77770,81242
21710,77764,81217
21711,77752,81210
21712,77757,81212
21713,77762,81211
21714,77766,81230
21715,77774,81250
21716,77774,81263
21717,77787,81285
21718,77783,81291
21719,77788,81306
21720,77794,81313
21721,77796,81324
21722,77792,81323
21723,77803,81329
21724,77803,81329
21725,77802,81344
21726,77807,81347
21727,77813,81352
21728,77807,81353
21729,77813,81359
21730,77817,81360
21731,77799,81353
21732,77812,81344
21733,77813,81357
21734,77826,81356
21735,77819,81345
21736,77834,81349
21737,77829,81344
21738,77835,81344
21739,77847,81351
21740,77850,81357
21741,77850,81362
21742,77860,81373
21743,77867,81386
21744,77872,81403
21745,77878,81403
21746,77886,81418
21747,77886,81432
21748,77892,81442
21749,77891,81451
21750,77893,81456
21751,77890,81466
21752,77895,81473
21753,77900,81478
21754,77904,81475
21755,77890,81495
21756,77903,81504
21757,77906,81489
21758,77911,81499
21759,77910,81497
21760,77901,81501
21761,77906,81512
21762,77918,81504
21763,77914,81509
21764,77922,81513
21765,77916,81506
21766,77906,81519
21767,77909,81522
21768,77909,81524
21769,77914,81524
21770,77911,81527
21771,77912,81532
21772,77915,81528
21773,77918,81543
21774,77917,81541
21775,77911,81549
21776,77906,81556
21777,77908,81562
21778,77916,81565
21779,77913,81572
21780,77912,81573
21781,77913,81584
21782,77918,81590
21783,77921,81604
21784,77923,81604
21785,77911,81602
21786,77899,81582
21787,77891,81535
21788,77864,81495
21789,77836,81430
21790,77823,81382
21791,77806,81324
21792,77778,81275
21793,77765,81233
21794,77756,81215
21795,77754,81196
21796,77756,81199
21797,77763,81201
21798,77768,81206
21799,77775,81221
21800,77777,81249
21801,77790,81262
21802,77799,81288
21803,77802,81300
21804,77803,81307
21805,77799,81314
21806,77810,81317
21807,77810,81321
21808,77805,81323
21809,77817,81327
21810,77815,81335
21811,77818,81344
21812,77825,81344
21813,77815,81347
21814,77822,81344
21815,77820,81348
21816,77811,81340
21817,77817,81339
21818,77813,81318
21819,77815,81329
21820,77807,81325
21821,77822,81323
21822,77819,81320
21823,77822,81328
21824,77817,81323
21825,77814,81329
21826,77828,81339
21827,77832,81350
21828,77841,81355
21829,77840,81363
21830,77845,81386
21831,77850,81386
21832,77859,81405
21833,77863,81417
21834,77860,81425
21835,77864,81429
21836,77880,81442
21837,77870,81424
21838,77870,81439
21839,77872,81449
21840,77873,81457
21841,77884,81458
21842,77886,81472
21843,77877,81466
21844,77876,81470
21845,77875,81468
21846,77881,81478
21847,77885,81474
21848,77884,81480
21849,77892,81480
21850,77881,81479
21851,77885,81484
21852,77883,81488
21853,77890,81498
21854,77882,81497
21855,77877,81498
21856,77883,81502
21857,77885,81508
21858,77888,81509
21859,77888,81522
21860,77885,81528
21861,77883,81539
21862,77884,81535
21863,77894,81547
21864,77898,81552
21865,77899,81563
21866,77894,81579
21867,77900,81575
21868,77898,81577
21869,77896,81572
21870,77894,81566
21871,77874,81522
21872,77863,81471
21873,77825,81416
21874,77803,81347
21875,77786,81293
21876,77763,81232
21877,77745,81200
21878,77735,81164
21879,77719,81129
21880,77721,81117
21881,77724,81126
21882,77720,81129
21883,77728,81140
21884,77732,81151
21885,77736,81174
21886,77742,81190
21887,77739,81195
21888,77744,81205
21889,77752,81203
21890,77736,81203
21891,77733,81208
21892,77733,81195
21893,77736,81190
21894,77736,81190
21895,77734,81198
21896,77746,81195
21897,77753,81201
21898,77748,81206
21899,77748,81217
21900,77757,81222
21901,77761,81224
21902,77763,81222
21903,77752,81223
21904,77763,81233
21905,77765,81229
21906,77760,81221
21907,77767,81242
21908,77769,81240
21909,77764,81241
21910,77773,81243
21911,77781,81255
21912,77775,81257
21913,77789,81268
21914,77794,81280
21915,77797,81291
21916,77801,81291
21917,77798,81305
21918,77804,81317
21919,77796,81317
21920,77801,81332
21921,77805,81335
21922,77804,81352
21923,77816,81352
21924,77808,81361
21925,77818,81357
21926,77811,81365
21927,77816,81376
21928,77818,81377
21929,77833,81381
21930,77831,81387
21931,77826,81401
21932,77829,81395
21933,77834,81403
21934,77836,81401
21935,77845,81414
21936,77844,81415
21937,77849,81421
21938,77849,81424
21939,77848,81437
21940,77852,81434
21941,77855,81448
21942,77855,81441
21943,77853,81448
21944,77841,81452
21945,77854,81446
21946,77850,81464
21947,77847,81465
21948,77848,81476
21949,77836,81474
21950,77843,81475
21951,77854,81475
21952,77853,81493
21953,77857,81494
21954,77860,81514
21955,77866,81525
21956,77864,81531
21957,77855,81538
21958,77870,81538
21959,77856,81529
21960,77868,81508
21961,77856,81491
21962,77834,81440
21963,77810,81367
21964,77776,81316
21965,77755,81244
21966,77738,81188
21967,77717,81142
21968,77702,81094
21969,77699,81070
21970,77698,81060
21971,77693,81048
21972,77695,81056
21973,77694,81070
21974,77714,81082
21975,77711,81096
21976,77713,81107
21977,77721,81110
21978,77709,81126
21979,77713,81126
21980,77711,81127
21981,77711,81126
21982,77708,81122
21983,77707,81112
21984,77706,81105
21985,77701,81105
21986,77708,81107
21987,77709,81120
21988,77704,81113
21989,77712,81137
21990,77709,81138
21991,77719,81145
21992,77719,81160
21993,77728,81154
21994,77731,81149
21995,77727,81158
21996,77726,81159
21997,77729,81164
21998,77730,81164
21999,77725,81168
22000,77736,81163
22001,77736,81167
22002,77743,81172
22003,77743,81188
22004,77761,81187
22005,77764,81193
22006,77764,81206
22007,77775,81218
22008,77785,81220
22009,77777,81231
22010,77780,81250
22011,77783,81253
22012,77784,81256
22013,77782,81263
22014,77791,81280
22015,77787,81286
22016,77804,81282
22017,77800,81294
22018,77807,81300
22019,77807,81305
22020,77808,81309
22021,77812,81307
22022,77822,81317
22023,77819,81327
22024,77819,81329
22025,77828,81326
22026,77835,81330
22027,77832,81339
22028,77838,81349
22029,77831,81344
22030,77842,81352
22031,77835,81359
22032,77844,81366
22033,77844,81374
22034,77847,81387
22035,77851,81384
22036,77846,81385
22037,77859,81388
22038,77859,81406
22039,77860,81405
22040,77861,81414
22041,77846,81420
22042,77860,81422
22043,77860,81427
22044,77861,81438
22045,77870,81444
22046,77869,81460
22047,77865,81461
22048,77878,81461
22049,77876,81469
22050,77878,81483
22051,77876,81484
22052,77884,81500
22053,77883,81499
22054,77885,81506
22055,77895,81508
22056,77886,81518
22057,77886,81501
22058,77876,81473
22059,77853,81411
22060,77824,81352
22061,77802,81281
22062,77785,81225
22063,77764,81167
22064,77745,81126
22065,77730,81087
22066,77728,81058
22067,77728,81055
22068,77734,81051
22069,77736,81061
22070,77735,81063
22071,77747,81078
22072,77755,81093
22073,77764,81116
22074,77764,81124
22075,77770,81130
22076,77777,81146
22077,77774,81147
22078,77769,81141
22079,77765,81137
22080,77756,81136
22081,77762,81120
22082,77763,81132
22083,77759,81135
22084,77774,81131
22085,77758,81147
22086,77767,81151
22087,77772,81152
22088,77774,81156
22089,77780,81160
22090,77770,81163
22091,77781,81161
22092,77780,81162
22093,77784,81157
22094,77785,81148
22095,77784,81158
22096,77791,81156
22097,77796,81157
22098,77799,81168
22099,77797,81177
22100,77819,81174
22101,77817,81190
22102,77822,81199
22103,77830,81216
22104,77841,81222
22105,77839,81227
22106,77839,81232
22107,77841,81248
22108,77843,81254
22109,77851,81250
22110,77855,81262
22111,77857,81273
22112,77859,81282
22113,77870,81285
22114,77873,81298
22115,77878,81299
22116,77875,81301
22117,77876,81301
22118,77878,81301
22119,77874,81320
22120,77888,81312
22121,77891,81310
22122,77899,81327
22123,77900,81330
22124,77912,81338
22125,77921,81348
22126,77926,81353
22127,77928,81352
22128,77924,81369
22129,77927,81369
22130,77934,81383
22131,77924,81372
22132,77943,81401
22133,77934,81392
22134,77942,81401
22135,77946,81408
22136,77933,81414
22137,77944,81420
22138,77944,81426
22139,77955,81442
22140,77958,81452
22141,77964,81459
22142,77967,81460
22143,77973,81471
22144,77963,81471
22145,77967,81478
22146,77963,81480
22147,77955,81479
22148,77957,81452
22149,77924,81413
22150,77893,81356
22151,77875,81306
22152,77846,81242
22153,77834,81190
22154,77814,81143
22155,77803,81096
22156,77785,81072
22157,77780,81053
22158,77777,81049
22159,77776,81057
22160,77788,81070
22161,77796,81073
22162,77795,81097
22163,77797,81114
22164,77806,81134
22165,77809,81142
22166,77812,81158
22167,77816,81153
22168,77817,81163
22169,77818,81174
22170,77819,81166
22171,77824,81168
22172,77837,81185
22173,77822,81181
22174,77831,81198
22175,77833,81190
22176,77834,81199
22177,77840,81200
22178,77839,81196
22179,77840,81203
22180,77843,81199
22181,77839,81193
22182,77859,81193
22183,77842,81187
22184,77852,81198
22185,77852,81187
22186,77856,81195
22187,77865,81196
22188,77861,81194
22189,77861,81208
22190,77869,81221
22191,77877,81228
22192,77874,81238
22193,77889,81249
22194,77878,81251
22195,77887,81269
22196,77887,81278
22197,77888,81290
22198,77884,81297
22199,77886,81301
22200,77890,81302
22201,77894,81312
22202,77889,81323
22203,77893,81331
22204,77902,81325
22205,77893,81337
22206,77891,81324
22207,77905,81338
22208,77898,81344
22209,77901,81348
22210,77900,81348
22211,77899,81364
22212,77914,81357
22213,77902,81361
22214,77897,81365
22215,77902,81360
22216,77899,81368
22217,77893,81376
22218,77893,81369
22219,77906,81371
22220,77898,81375
22221,77892,81386
22222,77899,81388
22223,77897,81396
22224,77902,81399
22225,77898,81407
22226,77897,81416
22227,77894,81420
22228,77899,81421
22229,77911,81434
22230,77911,81446
22231,77902,81449
22232,77915,81448
22233,77915,81460
22234,77913,81454
22235,77903,81427
22236,77884,81380
22237,77856,81325
22238,77839,81261
22239,77823,81207
22240,77794,81150
22241,77777,81098
22242,77772,81063
22243,77760,81037
22244,77752,81025
22245,77758,81025
22246,77763,81031
22247,77765,81042
22248,77767,81052
22249,77783,81079
22250,77785,81089
22251,77788,81110
22252,77794,81124
22253,77792,81127
22254,77785,81127
22255,77783,81121
22256,77778,81121
22257,77782,81114
22258,77781,81117
22259,77785,81117
22260,77779,81129
22261,77782,81124
22262,77787,81133
22263,77781,81146
22264,77780,81147
22265,77781,81136
22266,77792,81155
22267,77790,81146
22268,77787,81151
22269,77795,81150
22270,77796,81150
22271,77795,81141
22272,77796,81150
22273,77792,81154
22274,77800,81151
22275,77808,81158
22276,77807,81177
22277,77817,81172
22278,77827,81186
22279,77829,81190
22280,77831,81202
22281,77831,81214
22282,77837,81227
22283,77842,81233
22284,77844,81241
22285,77844,81257
22286,77845,81261
22287,77848,81270
22288,77848,81281
22289,77853,81283
22290,77849,81280
22291,77847,81283
22292,77841,81292
22293,77845,81290
22294,77856,81297
22295,77859,81313
22296,77859,81307
22297,77860,81316
22298,77868,81330
22299,77866,81328
22300,77861,81328
22301,77867,81342
22302,77873,81338
22303,77875,81348
22304,77880,81355
22305,77876,81348
22306,77882,81364
22307,77880,81364
22308,77887,81374
22309,77884,81379
22310,77885,81383
22311,77879,81374
22312,77887,81399
22313,77888,81402
22314,77902,81399
22315,77890,81410
22316,77891,81427
22317,77892,81417
22318,77887,81434
22319,77887,81436
22320,77894,81450
22321,77894,81455
22322,77898,81464
22323,77911,81479
22324,77905,81486
22325,77896,81481
22326,77900,81490
22327,77902,81475
22328,77895,81456
22329,77886,81412
22330,77847,81348
22331,77826,81296
22332,77806,81224
22333,77765,81160
22334,77763,81102
22335,77738,81055
22336,77726,81031
22337,77722,81012
22338,77727,81011
22339,77731,80999
22340,77727,81018
22341,77741,81024
22342,77733,81043
22343,77753,81052
22344,77754,81064
22345,77758,81082
22346,77754,81083
22347,77745,81092
22348,77761,81077
22349,77752,81072
22350,77750,81075
22351,77745,81071
22352,77748,81068
22353,77751,81072
22354,77759,81078
22355,77755,81088
22356,77755,81100
22357,77758,81102
22358,77755,81105
22359,77766,81122
22360,77770,81119
22361,77766,81119
22362,77768,81124
22363,77781,81134
22364,77782,81129
22365,77785,81133
22366,77782,81135
22367,77781,81133
22368,77791,81142
22369,77786,81143
22370,77792,81150
22371,77792,81155
22372,77800,81174
22373,77812,81190
22374,77819,81194
22375,77818,81205
22376,77815,81211
22377,77817,81223
22378,77825,81235
22379,77825,81238
22380,77830,81242
22381,77840,81255
22382,77839,81261
22383,77836,81266
22384,77839,81281
22385,77840,81279
22386,77841,81295
22387,77851,81291
22388,77857,81295
22389,77849,81307
22390,77854,81304
22391,77859,81306
22392,77868,81323
22393,77866,81325
22394,77873,81329
22395,77877,81330
22396,77876,81341
22397,77874,81341
22398,77873,81338
22399,77873,81353
22400,77879,81354
22401,77871,81357
22402,77879,81378
22403,77889,81382
22404,77893,81386
22405,77891,81381
22406,77901,81390
22407,77900,81399
22408,77895,81401
22409,77894,81414
22410,77892,81409
22411,77907,81423
22412,77896,81439
22413,77907,81437
22414,77908,81441
22415,77910,81451
22416,77909,81464
22417,77906,81472
22418,77905,81476
22419,77924,81485
22420,77924,81505
22421,77934,81495
22422,77926,81498
22423,77922,81518
22424,77937,81522
22425,77929,81524
22426,77926,81526
22427,77935,81519
22428,77917,81476
22429,77893,81425
22430,77875,81361
22431,77846,81291
22432,77816,81229
22433,77803,81172
22434,77779,81113
22435,77761,81075
22436,77755,81042
22437,77751,81026
22438,77759,81019
22439,77763,81025
22440,77749,81035
22441,77759,81050
22442,77765,81066
22443,77769,81083
22444,77773,81096
22445,77767,81108
22446,77777,81117
22447,77772,81113
22448,77762,81113
22449,77759,81107
22450,77756,81105
22451,77762,81091
22452,77752,81091
22453,77762,81098
22454,77757,81101
22455,77765,81115
22456,77785,81118
22457,77771,81127
22458,77776,81137
22459,77785,81144
22460,77786,81144
22461,77787,81143
22462,77794,81151
22463,77797,81143
22464,77808,81154
22465,77806,81162
22466,77814,81155
22467,77810,81162
22468,77820,81156
22469,77821,81167
22470,77828,81175
22471,77844,81175
22472,77846,81191
22473,77857,81205
22474,77849,81213
22475,77861,81226
22476,77867,81224
22477,77873,81246
22478,77874,81255
22479,77869,81267
22480,77888,81270
22481,77888,81273
22482,77892,81280
22483,77897,81295
22484,77901,81293
22485,77900,81310
22486,77903,81313
22487,77907,81319
22488,77913,81317
22489,77916,81332
22490,77922,81328
22491,77921,81330
22492,77923,81342
22493,77931,81348
22494,77930,81346
22495,77939,81354
22496,77942,81359
22497,77940,81357
22498,77944,81360
22499,77950,81380
22500,77951,81378
22501,77951,81381
22502,77959,81378
22503,77958,81399
22504,77951,81399
22505,77961,81398
22506,77953,81405
22507,77955,81416
22508,77955,81418
22509,77948,81425
22510,77962,81434
22511,77960,81441
22512,77964,81440
22513,77964,81450
22514,77966,81449
22515,77963,81466
22516,77961,81467
22517,77963,81477
22518,77970,81480
22519,77977,81485
22520,77981,81501
22521,77977,81506
22522,77988,81514
22523,77983,81520
22524,77984,81506
22525,77968,81483
22526,77955,81424
22527,77919,81368
22528,77906,81310
22529,77884,81250
22530,77854,81189
22531,77842,81142
22532,77835,81096
22533,77811,81070
22534,77814,81054
22535,77810,81042
22536,77808,81053
22537,77813,81070
22538,77820,81076
22539,77825,81092
22540,77835,81115
22541,77837,81139
22542,77839,81146
22543,77850,81164
22544,77857,81167
22545,77857,81168
22546,77847,81164
22547,77847,81162
22548,77852,81160
22549,77853,81166
22550,77859,81177
22551,77859,81182
22552,77858,81187
22553,77865,81189
22554,77856,81187
22555,77862,81189
22556,77861,81191
22557,77873,81182
22558,77878,81194
22559,77874,81186
22560,77889,81188
22561,77884,81188
22562,77886,81182
22563,77896,81182
22564,77894,81186
22565,77896,81196
22566,77909,81207
22567,77919,81213
22568,77919,81227
22569,77927,81236
22570,77929,81242
22571,77944,81272
22572,77927,81260
22573,77937,81271
22574,77945,81281
22575,77942,81285
22576,77941,81294
22577,77949,81297
22578,77953,81307
22579,77954,81314
22580,77952,81328
22581,77951,81324
22582,77960,81328
22583,77950,81325
22584,77948,81329
22585,77955,81329
22586,77949,81332
22587,77960,81329
22588,77963,81328
22589,77950,81343
22590,77949,81345
22591,77958,81331
22592,77963,81335
22593,77956,81338
22594,77952,81347
22595,77946,81351
22596,77960,81358
22597,77959,81364
22598,77963,81369
22599,77961,81377
22600,77963,81380
22601,77949,81383
22602,77951,81386
22603,77960,81398
22604,77958,81404
22605,77960,81416
22606,77957,81427
22607,77964,81434
