n,red,ir
407,107039,111594
408,107040,111616
409,107041,111641
410,107084,111697
411,107106,111721
412,107105,111769
413,107135,111831
414,107148,111823
415,107159,111850
416,107186,111894
417,107203,111924
418,107207,111926
419,107219,111975
420,107217,111977
421,107247,112007
422,107228,111996
423,107259,112029
424,107261,112048
425,107252,112045
426,107266,112066
427,107268,112083
428,107279,112106
429,107297,112129
430,107290,112143
431,107309,112149
432,107309,112184
433,107325,112209
434,107341,112241
435,107338,112255
436,107373,112291
437,107374,112304
438,107357,112331
439,107358,112296
440,107341,112257
441,107313,112174
442,107275,112068
443,107226,111959
444,107169,111863
445,107189,111760
446,107092,111660
447,107053,111596
448,107036,111516
449,107009,111439
450,106975,111381
451,106936,111323
452,106900,111259
453,106880,111227
454,106874,111174
455,106851,111130
456,106838,111098
457,106820,111076
458,106818,111038
459,106796,111038
460,106799,111043
461,106818,111064
462,106829,111082
463,106848,111125
464,106877,111142
465,106877,111187
466,106882,111208
467,106894,111241
468,106885,111240
469,106899,111246
470,106897,111243
471,106909,111229
472,106893,111281
473,106903,111243
474,106917,111259
475,106935,111264
476,106934,111286
477,106931,111297
478,106956,111319
479,106971,111359
480,106972,111370
481,106977,111400
482,106978,111432
483,107017,111451
484,107019,111499
485,107049,111530
486,107074,111587
487,107103,111624
488,107096,111648
489,107118,111685
490,107143,111743
491,107141,111762
492,107178,111775
493,107176,111848
494,107200,111835
495,107194,111895
496,107245,111934
497,107238,111954
498,107256,111956
499,107282,112005
500,107293,112042
501,107319,112044
502,107300,112068
503,107329,112106
504,107328,112136
505,107349,112162
506,107350,112174
507,107356,112188
508,107369,112227
509,107362,112223
510,107389,112245
511,107379,112280
512,107389,112283
513,107391,112302
514,107395,112301
515,107385,112274
516,107387,112235
517,107333,112150
518,107290,112069
519,107270,111979
520,107209,111849
521,107165,111741
522,107108,111647
523,107083,111545
524,107042,111498
525,107007,111427
526,106980,111371
527,106965,111303
528,106934,111248
529,106906,111231
530,106871,111167
531,106896,111138
532,106859,111102
533,106855,111103
534,106850,111061
535,106839,111071
536,106853,111062
537,106837,111076
538,106847,111058
539,106864,111107
540,106873,111158
541,106867,111152
542,106889,111175
543,106909,111186
544,106899,111199
545,106906,111198
546,106922,111206
547,106917,111214
548,106917,111215
549,106923,111251
550,106937,111250
551,106940,111278
552,106970,111270
553,106956,111332
554,106966,111330
555,106972,111367
556,106980,111395
557,107027,111459
558,107040,111462
559,107066,111510
560,107068,111573
561,107087,111596
562,107106,111652
563,107131,111680
564,107137,111734
565,107168,111762
566,107187,111814
567,107198,111848
568,107222,111868
569,107245,111915
570,107243,111934
571,107252,111992
572,107275,112046
573,107293,112058
574,107318,112091
575,107311,112126
576,107339,112170
577,107318,112164
578,107356,112212
579,107344,112223
580,107379,112259
581,107386,112302
582,107396,112316
583,107407,112349
584,107416,112407
585,107436,112414
586,107451,112444
587,107458,112466
588,107438,112436
589,107447,112414
590,107402,112343
591,107382,112266
592,107342,112194
593,107328,112129
594,107287,112046
595,107269,111983
596,107227,111948
597,107220,111914
598,107193,111866
599,107195,111856
600,107183,111794
601,107159,111761
602,107137,111751
603,107167,111759
604,107121,111712
605,107119,111712
606,107109,111681
607,107121,111689
608,107110,111681
609,107130,111697
610,107142,111725
611,107143,111765
612,107155,111790
613,107175,111842
614,107191,111848
615,107213,111852
616,107202,111888
617,107196,111883
618,107213,111917
619,107227,111944
620,107214,111914
621,107227,111951
622,107238,111945
623,107233,111956
624,107257,111968
625,107257,112016
626,107259,112038
627,107275,112049
628,107293,112082
629,107292,112103
630,107309,112125
631,107315,112163
632,107351,112195
633,107347,112221
634,107377,112258
635,107377,112262
636,107393,112313
637,107417,112348
638,107405,112353
639,107414,112375
640,107446,112414
641,107435,112429
642,107440,112443
643,107470,112497
644,107464,112516
645,107495,112541
646,107503,112565
647,107529,112613
648,107541,112626
649,107521,112641
650,107548,112664
651,107566,112696
652,107580,112711
653,107569,112707
654,107587,112768
655,107599,112771
656,107596,112784
657,107592,112805
658,107598,112802
659,107587,112752
660,107561,112714
661,107525,112623
662,107525,112561
663,107462,112525
664,107441,112441
665,107399,112380
666,107375,112319
667,107357,112295
668,107352,112245
669,107330,112238
670,107322,112226
671,107294,112184
672,107281,112161
673,107299,112129
674,107270,112128
675,107241,112102
676,107255,112088
677,107240,112091
678,107246,112084
679,107241,112079
680,107281,112124
681,107285,112126
682,107279,112185
683,107289,112216
684,107307,112225
685,107306,112263
686,107323,112267
687,107319,112267
688,107292,112280
689,107321,112277
690,107318,112277
691,107318,112284
692,107324,112301
693,107309,112299
694,107331,112294
695,107329,112312
696,107336,112328
697,107333,112332
698,107339,112351
699,107322,112356
700,107364,112362
701,107363,112394
702,107379,112417
703,107365,112407
704,107378,112423
705,107400,112450
706,107389,112471
707,107383,112461
708,107414,112501
709,107403,112498
710,107418,112505
711,107402,112505
712,107433,112561
713,107452,112602
714,107454,112594
715,107467,112611
716,107445,112629
717,107472,112619
718,107494,112655
719,107477,112673
720,107523,112735
721,107509,112727
722,107527,112766
723,107536,112782
724,107555,112841
725,107582,112899
726,107608,112956
727,107611,112981
728,107630,112977
729,107643,112984
730,107617,112969
731,107604,112904
732,107577,112830
733,107508,112762
734,107484,112687
735,107464,112599
736,107398,112525
737,107405,112466
738,107391,112420
739,107357,112366
740,107342,112347
741,107321,112286
742,107283,112247
743,107264,112214
744,107253,112180
745,107244,112174
746,107249,112162
747,107212,112135
748,107226,112122
749,107205,112107
750,107208,112083
751,107210,112064
752,107206,112061
753,107180,112060
754,107201,112099
755,107196,112086
756,107192,112093
757,107209,112082
758,107174,112082
759,107205,112094
760,107169,112039
761,107174,112039
762,107171,112036
763,107165,112008
764,107175,112026
765,107160,112053
766,107169,112055
767,107186,112047
768,107165,112051
769,107177,112085
770,107192,112105
771,107205,112100
772,107207,112133
773,107203,112154
774,107248,112193
775,107256,112228
776,107248,112234
777,107266,112279
778,107292,112300
779,107294,112333
780,107322,112365
781,107327,112396
782,107326,112442
783,107346,112471
784,107353,112501
785,107368,112517
786,107376,112539
787,107389,112549
788,107395,112564
789,107404,112604
790,107416,112600
791,107413,112627
792,107440,112653
793,107430,112663
794,107431,112649
795,107430,112671
796,107435,112676
797,107438,112698
798,107459,112692
799,107465,112699
800,107471,112726
801,107462,112725
802,107468,112713
803,107434,112701
804,107424,112625
805,107388,112566
806,107386,112500
807,107317,112407
808,107288,112334
809,107267,112258
810,107238,112180
811,107215,112134
812,107181,112080
813,107141,112009
814,107123,111941
815,107107,111922
816,107064,111888
817,107039,111818
818,107059,111793
819,107020,111766
820,106996,111744
821,107003,111720
822,106998,111708
823,106965,111684
824,107010,111717
825,106989,111703
826,106999,111696
827,106986,111733
828,107025,111742
829,107029,111765
830,107016,111772
831,107052,111803
832,107042,111785
833,107042,111803
834,107066,111811
835,107039,111810
836,107049,111827
837,107062,111818
838,107057,111822
839,107080,111855
840,107082,111848
841,107083,111860
842,107112,111903
843,107075,111901
844,107098,111906
845,107108,111926
846,107116,111954
847,107134,111960
848,107143,111987
849,107149,112003
850,107173,112023
851,107166,112048
852,107175,112073
853,107159,112088
854,107189,112120
855,107209,112120
856,107236,112154
857,107233,112188
858,107255,112216
859,107277,112249
860,107266,112256
861,107289,112301
862,107291,112312
863,107297,112328
864,107333,112373
865,107326,112407
866,107349,112399
867,107353,112441
868,107359,112488
869,107378,112488
870,107388,112519
871,107404,112541
872,107396,112562
873,107421,112587
874,107437,112618
875,107441,112635
876,107456,112668
877,107462,112691
878,107475,112715
879,107496,112738
880,107493,112762
881,107481,112735
882,107471,112669
883,107438,112625
884,107424,112571
885,107371,112493
886,107355,112454
887,107342,112399
888,107323,112348
889,107291,112311
890,107261,112242
891,107274,112230
892,107252,112192
893,107231,112158
894,107217,112104
895,107199,112109
896,107197,112085
897,107175,112073
898,107167,112040
899,107183,112023
900,107170,112045
901,107171,112012
902,107150,112036
903,107165,112061
904,107194,112092
905,107186,112113
906,107196,112137
907,107193,112145
908,107204,112144
909,107219,112178
910,107247,112191
911,107238,112206
912,107236,112216
913,107233,112208
914,107240,112232
915,107240,112232
916,107266,112243
917,107279,112246
918,107240,112283
919,107270,112292
920,107260,112297
921,107274,112308
922,107297,112344
923,107301,112375
924,107324,112364
925,107334,112417
926,107330,112430
927,107348,112480
928,107364,112483
929,107379,112533
930,107393,112556
931,107398,112600
932,107408,112616
933,107431,112646
934,107442,112659
935,107442,112688
936,107467,112708
937,107463,112726
938,107498,112764
939,107493,112796
940,107505,112819
941,107520,112843
942,107531,112857
943,107551,112928
944,107578,112929
945,107562,112926
946,107589,112981
947,107585,113015
948,107609,113057
949,107622,113063
950,107654,113098
951,107634,113090
952,107661,113109
953,107681,113143
954,107669,113153
955,107687,113182
956,107677,113196
957,107694,113187
958,107694,113194
959,107682,113177
960,107692,113168
961,107649,113109
962,107621,113057
963,107594,113024
964,107573,112958
965,107554,112903
966,107543,112873
967,107522,112815
968,107527,112812
969,107517,112778
970,107502,112732
971,107492,112725
972,107464,112698
973,107441,112669
974,107390,112641
975,107415,112614
976,107424,112621
977,107429,112619
978,107411,112627
979,107402,112630
980,107443,112659
981,107438,112683
982,107426,112686
983,107419,112739
984,107450,112746
985,107461,112751
986,107470,112763
987,107455,112772
988,107451,112760
989,107466,112763
990,107456,112747
991,107461,112747
992,107467,112735
993,107450,112764
994,107447,112754
995,107460,112765
996,107468,112773
997,107472,112787
998,107476,112822
999,107488,112830
1000,107503,112861
1001,107496,112875
1002,107542,112911
1003,107527,112933
1004,107531,112961
1005,107534,112993
1006,107543,113011
1007,107565,113042
1008,107563,113064
1009,107585,113079
1010,107628,113106
1011,107583,113121
1012,107598,113143
1013,107609,113142
1014,107614,113172
1015,107628,113175
1016,107624,113194
1017,107645,113210
1018,107631,113210
1019,107672,113263
1020,107657,113288
1021,107665,113282
1022,107673,113302
1023,107672,113306
1024,107682,113352
1025,107711,113356
1026,107707,113380
1027,107728,113389
1028,107697,113422
1029,107719,113419
1030,107721,113464
1031,107744,113472
1032,107743,113480
1033,107740,113502
1034,107743,113482
1035,107728,113440
1036,107700,113404
1037,107710,113331
1038,107676,113279
1039,107660,113225
1040,107629,113158
1041,107590,113120
1042,107569,113082
1043,107554,113039
1044,107560,113021
1045,107552,113026
1046,107498,112979
1047,107495,112932
1048,107489,112934
1049,107469,112909
1050,107482,112907
1051,107468,112880
1052,107443,112871
1053,107449,112847
1054,107440,112847
1055,107440,112835
1056,107425,112837
1057,107421,112851
1058,107430,112851
1059,107469,112922
1060,107441,112908
1061,107454,112925
1062,107475,112901
1063,107483,112922
1064,107471,112930
1065,107480,112926
1066,107481,112921
1067,107475,112915
1068,107467,112928
1069,107465,112927
1070,107465,112918
1071,107474,112917
1072,107465,112939
1073,107491,112934
1074,107475,112952
1075,107485,112958
1076,107477,112981
1077,107503,112996
1078,107499,112997
1079,107502,113014
1080,107502,113022
1081,107526,113063
1082,107520,113065
1083,107545,113139
1084,107557,113144
1085,107550,113121
1086,107573,113155
1087,107582,113213
1088,107568,113195
1089,107580,113211
1090,107600,113233
1091,107602,113243
1092,107601,113244
1093,107631,113279
1094,107593,113264
1095,107602,113280
1096,107606,113278
1097,107628,113292
1098,107609,113306
1099,107636,113313
1100,107631,113347
1101,107640,113350
1102,107650,113380
1103,107659,113396
1104,107655,113375
1105,107656,113404
1106,107673,113410
1107,107681,113434
1108,107687,113435
1109,107684,113463
1110,107696,113442
1111,107679,113461
1112,107680,113471
1113,107674,113421
1114,107637,113384
1115,107625,113345
1116,107594,113253
1117,107578,113198
1118,107568,113147
1119,107554,113080
1120,107506,113047
1121,107465,113009
1122,107476,112960
1123,107450,112944
1124,107406,112863
1125,107392,112864
1126,107397,112838
1127,107370,112799
1128,107336,112761
1129,107339,112730
1130,107334,112728
1131,107344,112716
1132,107321,112714
1133,107318,112717
1134,107301,112726
1135,107315,112708
1136,107319,112743
1137,107325,112738
1138,107337,112809
1139,107352,112778
1140,107365,112788
1141,107337,112789
1142,107328,112780
1143,107344,112783
1144,107350,112793
1145,107339,112792
1146,107342,112791
1147,107337,112802
1148,107365,112802
1149,107336,112812
1150,107345,112815
1151,107362,112825
1152,107347,112827
1153,107372,112836
1154,107369,112838
1155,107374,112856
1156,107374,112875
1157,107395,112908
1158,107395,112907
1159,107403,112933
1160,107429,112929
1161,107413,112964
1162,107428,112986
1163,107445,113001
1164,107470,113032
1165,107473,113039
1166,107460,113063
1167,107479,113090
1168,107483,113096
1169,107489,113108
1170,107503,113132
1171,107493,113151
1172,107509,113156
1173,107535,113185
1174,107534,113196
1175,107540,113191
1176,107559,113220
1177,107566,113231
1178,107569,113239
1179,107581,113264
1180,107561,113247
1181,107594,113278
1182,107601,113315
1183,107592,113345
1184,107634,113344
1185,107622,113359
1186,107642,113354
1187,107626,113392
1188,107651,113402
1189,107663,113431
1190,107660,113445
1191,107678,113440
1192,107650,113403
1193,107643,113382
1194,107612,113317
1195,107606,113259
1196,107554,113210
1197,107541,113144
1198,107497,113092
1199,107498,113053
1200,107481,113029
1201,107452,112977
1202,107454,112952
1203,107438,112933
1204,107429,112914
1205,107418,112905
1206,107407,112870
1207,107384,112841
1208,107392,112831
1209,107402,112816
1210,107368,112800
1211,107377,112802
1212,107371,112790
1213,107358,112807
1214,107371,112834
1215,107396,112839
1216,107386,112867
1217,107416,112886
1218,107392,112894
1219,107409,112887
1220,107416,112906
1221,107430,112912
1222,107406,112919
1223,107426,112939
1224,107422,112930
1225,107450,112947
1226,107452,112959
1227,107431,112944
1228,107455,112941
1229,107448,112980
1230,107453,112972
1231,107460,113013
1232,107458,112993
1233,107481,113005
1234,107462,113021
1235,107487,113072
1236,107483,113069
1237,107519,113088
1238,107506,113122
1239,107531,113158
1240,107530,113168
1241,107555,113199
1242,107539,113219
1243,107558,113236
1244,107587,113281
1245,107590,113286
1246,107596,113293
1247,107611,113319
1248,107602,113364
1249,107633,113347
1250,107630,113374
1251,107611,113372
1252,107661,113406
1253,107660,113423
1254,107643,113462
1255,107674,113453
1256,107673,113469
1257,107667,113467
1258,107668,113489
1259,107691,113503
1260,107682,113550
1261,107676,113558
1262,107716,113576
1263,107721,113598
1264,107720,113611
1265,107748,113624
1266,107738,113653
1267,107767,113669
1268,107749,113688
1269,107762,113699
1270,107764,113726
1271,107789,113734
1272,107775,113677
1273,107762,113633
1274,107706,113586
1275,107700,113531
1276,107674,113478
1277,107627,113397
1278,107620,113344
1279,107601,113324
1280,107581,113291
1281,107565,113238
1282,107595,113230
1283,107539,113187
1284,107534,113171
1285,107516,113144
1286,107516,113151
1287,107494,113108
1288,107505,113107
1289,107483,113087
1290,107481,113075
1291,107486,113072
1292,107479,113058
1293,107501,113076
1294,107516,113100
1295,107510,113153
1296,107508,113154
1297,107538,113163
1298,107526,113180
1299,107533,113185
1300,107517,113167
1301,107535,113160
1302,107516,113163
1303,107527,113174
1304,107535,113161
1305,107529,113192
1306,107541,113183
1307,107556,113198
1308,107524,113179
1309,107543,113205
1310,107550,113231
1311,107581,113230
1312,107571,113214
1313,107582,113249
1314,107571,113253
1315,107583,113260
1316,107577,113285
1317,107613,113318
1318,107597,113324
1319,107610,113318
1320,107612,113364
1321,107612,113368
1322,107644,113399
1323,107639,113403
1324,107657,113391
1325,107649,113429
1326,107641,113422
1327,107672,113423
1328,107663,113469
1329,107666,113472
1330,107672,113482
1331,107687,113500
1332,107689,113512
1333,107711,113545
1334,107738,113564
1335,107722,113558
1336,107722,113561
1337,107713,113594
1338,107733,113590
1339,107716,113615
1340,107734,113608
1341,107774,113654
1342,107728,113634
1343,107769,113660
1344,107758,113659
1345,107771,113667
1346,107770,113673
1347,107777,113687
1348,107773,113655
1349,107751,113625
1350,107756,113613
1351,107704,113534
1352,107685,113482
1353,107657,113393
1354,107631,113337
1355,107592,113274
1356,107570,113225
1357,107568,113189
1358,107503,113161
1359,107493,113096
1360,107496,113044
1361,107469,112974
1362,107423,112923
1363,107410,112920
1364,107378,112897
1365,107383,112903
1366,107391,112896
1367,107373,112868
1368,107365,112855
1369,107349,112829
1370,107351,112829
1371,107359,112834
1372,107374,112868
1373,107376,112871
1374,107392,112895
1375,107372,112900
1376,107374,112929
1377,107389,112890
1378,107386,112890
1379,107379,112875
1380,107371,112856
1381,107379,112862
1382,107389,112855
1383,107367,112863
1384,107379,112865
1385,107406,112874
1386,107401,112886
1387,107390,112896
1388,107399,112911
1389,107424,112926
1390,107428,112955
1391,107437,112959
1392,107435,112979
1393,107462,113022
1394,107460,113018
1395,107489,113057
1396,107497,113102
1397,107496,113119
1398,107500,113132
1399,107527,113149
1400,107542,113158
1401,107531,113180
1402,107564,113223
1403,107578,113234
1404,107581,113270
1405,107585,113261
1406,107587,113292
1407,107621,113321
1408,107615,113325
1409,107660,113382
1410,107624,113351
1411,107634,113375
1412,107658,113373
1413,107660,113364
1414,107668,113418
1415,107677,113423
1416,107682,113413
1417,107673,113436
1418,107689,113463
1419,107683,113472
1420,107687,113480
1421,107706,113506
1422,107706,113495
1423,107717,113505
1424,107699,113516
1425,107716,113509
1426,107695,113478
1427,107690,113442
1428,107646,113364
1429,107632,113286
1430,107572,113216
1431,107551,113136
1432,107523,113073
1433,107477,113020
1434,107468,112962
1435,107448,112885
1436,107405,112812
1437,107389,112795
1438,107380,112738
1439,107319,112682
1440,107295,112616
1441,107286,112580
1442,107279,112563
1443,107259,112505
1444,107219,112465
1445,107218,112427
1446,107208,112411
1447,107212,112381
1448,107196,112372
1449,107190,112386
1450,107192,112408
1451,107226,112415
1452,107235,112432
1453,107235,112452
1454,107249,112478
1455,107249,112478
1456,107265,112486
1457,107259,112513
1458,107281,112521
1459,107261,112505
1460,107272,112532
1461,107291,112534
1462,107273,112529
1463,107289,112534
1464,107323,112575
1465,107325,112552
1466,107319,112587
1467,107342,112590
1468,107331,112588
1469,107364,112606
1470,107366,112651
1471,107373,112671
1472,107386,112686
1473,107399,112710
1474,107404,112729
1475,107404,112739
1476,107402,112779
1477,107441,112785
1478,107417,112800
1479,107443,112837
1480,107423,112848
1481,107445,112864
1482,107473,112871
1483,107478,112889
1484,107478,112898
1485,107494,112923
1486,107507,112938
1487,107512,112960
1488,107500,112942
1489,107516,112980
1490,107526,113004
1491,107537,113009
1492,107528,113026
1493,107537,113042
1494,107544,113058
1495,107555,113067
1496,107564,113065
1497,107558,113085
1498,107572,113108
1499,107580,113114
1500,107594,113144
1501,107597,113128
1502,107612,113177
1503,107606,113156
1504,107591,113154
1505,107632,113132
1506,107537,113034
1507,107535,112960
1508,107503,112928
1509,107457,112831
1510,107418,112744
1511,107376,112684
1512,107357,112590
1513,107343,112537
1514,107313,112477
1515,107280,112419
1516,107269,112364
1517,107226,112308
1518,107204,112261
1519,107168,112202
1520,107167,112179
1521,107173,112162
1522,107152,112109
1523,107143,112071
1524,107140,112083
1525,107129,112063
1526,107133,112084
1527,107171,112106
1528,107173,112143
1529,107172,112145
1530,107220,112190
1531,107211,112205
1532,107219,112207
1533,107228,112253
1534,107229,112232
1535,107248,112248
1536,107244,112237
1537,107247,112257
1538,107233,112246
1539,107269,112246
1540,107271,112273
1541,107287,112277
1542,107301,112312
1543,107290,112304
1544,107284,112314
1545,107302,112328
1546,107307,112379
1547,107315,112368
1548,107337,112387
1549,107339,112421
1550,107343,112446
1551,107363,112472
1552,107398,112503
1553,107386,112516
1554,107396,112562
1555,107422,112592
1556,107431,112613
1557,107421,112663
1558,107457,112658
1559,107461,112699
1560,107462,112704
1561,107496,112761
1562,107513,112737
1563,107527,112761
1564,107541,112794
1565,107530,112815
1566,107533,112826
1567,107566,112856
1568,107530,112873
1569,107558,112890
1570,107596,112921
1571,107604,112942
1572,107593,112965
1573,107617,112996
1574,107616,113031
1575,107663,113051
1576,107651,113070
1577,107643,113111
1578,107669,113119
1579,107695,113168
1580,107686,113180
1581,107702,113210
1582,107710,113238
1583,107747,113229
1584,107718,113211
1585,107698,113194
1586,107679,113157
1587,107644,113083
1588,107619,112988
1589,107585,112933
1590,107550,112866
1591,107528,112806
1592,107493,112730
1593,107469,112670
1594,107483,112630
1595,107429,112585
1596,107418,112546
1597,107389,112504
1598,107366,112455
1599,107348,112416
1600,107356,112394
1601,107342,112384
1602,107332,112352
1603,107315,112334
1604,107301,112326
1605,107309,112331
1606,107332,112362
1607,107357,112381
1608,107346,112400
1609,107368,112449
1610,107379,112455
1611,107392,112481
1612,107392,112489
1613,107407,112488
1614,107397,112521
1615,107402,112518
1616,107416,112510
1617,107413,112521
1618,107410,112537
1619,107424,112540
1620,107433,112541
1621,107425,112561
1622,107438,112589
1623,107432,112580
1624,107456,112617
1625,107463,112652
1626,107448,112675
1627,107482,112674
1628,107484,112703
1629,107503,112727
1630,107548,112772
1631,107531,112801
1632,107542,112818
1633,107590,112863
1634,107562,112882
1635,107614,112902
1636,107630,112916
1637,107639,112977
1638,107623,112971
1639,107656,113016
1640,107677,113033
1641,107658,113034
1642,107673,113075
1643,107690,113089
1644,107689,113111
1645,107697,113138
1646,107724,113141
1647,107729,113163
1648,107741,113177
1649,107716,113188
1650,107739,113223
1651,107747,113240
1652,107762,113239
1653,107769,113267
1654,107783,113274
1655,107780,113289
1656,107788,113320
1657,107797,113338
1658,107811,113341
1659,107814,113352
1660,107842,113371
1661,107826,113389
1662,107837,113422
1663,107825,113405
1664,107830,113389
1665,107818,113364
1666,107803,113289
1667,107760,113252
1668,107735,113146
1669,107661,113058
1670,107639,112990
1671,107619,112895
1672,107589,112805
1673,107535,112767
1674,107528,112717
1675,107501,112655
1676,107481,112620
1677,107462,112590
1678,107452,112532
1679,107418,112477
1680,107404,112442
1681,107402,112422
1682,107419,112413
1683,107378,112365
1684,107369,112342
1685,107371,112360
1686,107357,112374
1687,107377,112403
1688,107403,112413
1689,107382,112445
1690,107418,112470
1691,107407,112497
1692,107422,112516
1693,107444,112515
1694,107422,112522
1695,107430,112511
1696,107437,112504
1697,107444,112493
1698,107439,112533
1699,107426,112519
1700,107427,112536
1701,107428,112540
1702,107432,112554
1703,107457,112533
1704,107461,112571
1705,107468,112602
1706,107464,112610
1707,107469,112620
1708,107485,112628
1709,107482,112656
1710,107521,112707
1711,107515,112724
1712,107526,112769
1713,107537,112777
1714,107558,112821
1715,107559,112846
1716,107572,112873
1717,107591,112896
1718,107596,112919
1719,107607,112942
1720,107640,112967
1721,107634,112986
1722,107635,112988
1723,107634,113024
1724,107660,113049
1725,107661,113032
1726,107654,113057
1727,107695,113076
1728,107683,113088
1729,107704,113096
1730,107702,113144
1731,107720,113170
1732,107741,113182
1733,107747,113225
1734,107738,113234
1735,107752,113270
1736,107778,113313
1737,107781,113308
1738,107772,113325
1739,107796,113334
1740,107813,113367
1741,107791,113376
1742,107813,113400
1743,107816,113371
1744,107798,113364
1745,107752,113302
1746,107752,113244
1747,107692,113157
1748,107671,113061
1749,107635,112946
1750,107579,112853
1751,107526,112754
1752,107519,112678
1753,107451,112612
1754,107439,112537
1755,107407,112471
1756,107381,112426
1757,107374,112346
1758,107311,112327
1759,107313,112279
1760,107297,112207
1761,107296,112184
1762,107263,112172
1763,107251,112109
1764,107239,112111
1765,107230,112108
1766,107228,112105
1767,107251,112112
1768,107250,112119
1769,107263,112131
1770,107262,112173
1771,107266,112179
1772,107293,112190
1773,107277,112198
1774,107295,112207
1775,107319,112221
1776,107287,112232
1777,107278,112221
1778,107300,112213
1779,107291,112236
1780,107320,112230
1781,107299,112228
1782,107301,112271
1783,107317,112254
1784,107334,112278
1785,107338,112294
1786,107334,112307
1787,107339,112339
1788,107355,112371
1789,107395,112383
1790,107386,112444
1791,107414,112439
1792,107422,112511
1793,107416,112500
1794,107435,112542
1795,107438,112577
1796,107452,112598
1797,107462,112592
1798,107487,112656
1799,107481,112683
1800,107518,112710
1801,107531,112709
1802,107494,112725
1803,107564,112775
1804,107542,112791
1805,107277,112198
1806,107295,112207
1807,107547,112797
1808,107589,112836
1809,107577,112841
1810,107634,112888
1811,107577,112887
1812,107611,112922
1813,107597,112918
1814,107612,112947
1815,107624,112992
1816,107663,113010
1817,107679,113047
1818,107682,113072
1819,107681,113064
1820,107688,113080
1821,107681,113109
1822,107681,113141
1823,107712,113173
1824,107727,113177
1825,107712,113203
1826,107708,113170
1827,107691,113140
1828,107676,113110
1829,107634,113030
1830,107606,112923
1831,107555,112832
1832,107541,112726
1833,107476,112641
1834,107448,112543
1835,107388,112457
1836,107356,112390
1837,107335,112319
1838,107296,112269
1839,107284,112187
1840,107259,112130
1841,107220,112087
1842,107193,112035
1843,107180,111996
1844,107156,111956
1845,107154,111931
1846,107135,111895
1847,107127,111862
1848,107109,111865
1849,107108,111855
1850,107104,111863
1851,107132,111897
1852,107127,111905
1853,107151,111936
1854,107179,111947
1855,107182,111940
1856,107174,111968
1857,107168,111972
1858,107182,111959
1859,107185,111982
1860,107171,111992
1861,107191,111997
1862,107213,111996
1863,107210,112023
1864,107200,111990
1865,107207,112013
1866,107202,112049
1867,107247,112064
1868,107243,112082
1869,107256,112092
1870,107283,112130
1871,107287,112157
1872,107289,112179
1873,107299,112194
1874,107316,112224
1875,107331,112242
1876,107339,112286
1877,107363,112320
1878,107357,112364
1879,107399,112390
1880,107407,112391
1881,107411,112459
1882,107430,112491
1883,107436,112514
1884,107438,112554
1885,107453,112550
1886,107474,112578
1887,107470,112593
1888,107486,112588
1889,107495,112642
1890,107503,112643
1891,107495,112671
1892,107506,112694
1893,107538,112722
1894,107537,112738
1895,107537,112750
1896,107539,112768
1897,107573,112778
1898,107586,112803
1899,107576,112832
1900,107585,112860
1901,107607,112889
1902,107614,112910
1903,107647,112930
1904,107643,112968
1905,107666,112973
1906,107672,113046
1907,107687,113062
1908,107676,113072
1909,107713,113099
1910,107693,113149
1911,107734,113172
1912,107720,113141
1913,107697,113113
1914,107690,113028
1915,107646,112979
1916,107604,112880
1917,107588,112793
1918,107511,112679
1919,107488,112605
1920,107453,112522
1921,107401,112452
1922,107413,112373
1923,107367,112331
1924,107337,112266
1925,107314,112225
1926,107251,112167
1927,107270,112139
1928,107263,112099
1929,107246,112082
1930,107226,112044
1931,107209,112036
1932,107198,111992
1933,107214,111983
1934,107212,111963
1935,107196,111987
1936,107199,112015
1937,107234,112043
1938,107228,112084
1939,107242,112102
1940,107253,112139
1941,107263,112160
1942,107293,112156
1943,107277,112150
1944,107264,112160
1945,107294,112179
1946,107295,112173
1947,107291,112185
1948,107318,112192
1949,107314,112229
1950,107314,112223
1951,107310,112246
1952,107340,112276
1953,107333,112289
1954,107339,112317
1955,107363,112339
1956,107360,112372
1957,107398,112379
1958,107393,112424
1959,107412,112459
1960,107419,112499
1961,107449,112520
1962,107464,112563
1963,107468,112595
1964,107488,112629
1965,107521,112654
1966,107530,112685
1967,107536,112727
1968,107548,112754
1969,107544,112775
1970,107594,112785
1971,107568,112814
1972,107600,112858
1973,107606,112869
1974,107626,112899
1975,107614,112925
1976,107638,112934
1977,107638,112969
1978,107651,112983
1979,107668,113016
1980,107671,113024
1981,107655,113054
1982,107715,113087
1983,107695,113087
1984,107701,113102
1985,107721,113128
1986,107712,113145
1987,107737,113168
1988,107737,113175
1989,107747,113188
1990,107792,113243
1991,107783,113265
1992,107820,113264
1993,107819,113325
1994,107799,113352
1995,107833,113361
1996,107830,113359
1997,107814,113324
1998,107787,113268
1999,107763,113228
2000,107733,113147
2001,107696,113039
2002,107651,112921
2003,107650,112859
2004,107572,112766
2005,107552,112703
2006,107529,112663
2007,107494,112604
2008,107473,112553
2009,107447,112485
2010,107469,112502
2011,107444,112431
2012,107405,112396
2013,107419,112372
2014,107377,112367
2015,107378,112337
2016,107349,112325
2017,107365,112326
2018,107363,112329
2019,107371,112330
2020,107383,112386
2021,107403,112374
2022,107409,112418
2023,107400,112404
2024,107407,112444
2025,107435,112418
2026,107437,112446
2027,107416,112438
2028,107404,112423
2029,107414,112425
2030,107418,112448
2031,107436,112440
2032,107430,112472
2033,107428,112474
2034,107466,112463
2035,107443,112508
2036,107458,112510
2037,107460,112543
2038,107529,112663
2039,107481,112579
2040,107519,112599
2041,107526,112641
2042,107517,112648
2043,107531,112688
2044,107537,112706
2045,107550,112753
2046,107568,112769
2047,107580,112775
2048,107570,112804
2049,107602,112836
2050,107588,112837
2051,107632,112875
2052,107640,112898
2053,107638,112924
2054,107660,112962
2055,107646,112975
2056,107672,113003
2057,107681,113016
2058,107664,113038
2059,107678,113042
2060,107692,113078
2061,107683,113069
2062,107701,113084
2063,107693,113089
2064,107719,113128
2065,107723,113127
2066,107739,113150
2067,107734,113137
2068,107731,113202
2069,107730,113175
2070,107749,113201
2071,107747,113218
2072,107746,113254
2073,107751,113276
2074,107753,113270
2075,107767,113293
2076,107788,113259
2077,107743,113200
2078,107708,113138
2079,107682,113076
2080,107664,112977
2081,107607,112865
2082,107531,112733
2083,107502,112664
2084,107474,112552
2085,107436,112503
2086,107430,112442
2087,107361,112375
2088,107338,112323
2089,107328,112266
2090,107299,112223
2091,107293,112175
2092,107258,112138
2093,107261,112113
2094,107229,112062
2095,107205,112036
2096,107224,112009
2097,107213,111990
2098,107201,111994
2099,107212,112014
2100,107223,112037
2101,107233,112052
2102,107249,112044
2103,107264,112072
2104,107241,112101
2105,107263,112100
2106,107267,112101
2107,107260,112098
2108,107243,112085
2109,107263,112099
2110,107254,112089
2111,107299,112099
2112,107256,112101
2113,107262,112092
2114,107267,112106
2115,107269,112129
2116,107270,112114
2117,107286,112159
2118,107303,112167
2119,107311,112192
2120,107302,112233
2121,107322,112254
2122,107338,112284
2123,107351,112316
2124,107373,112317
2125,107378,112354
2126,107397,112390
2127,107404,112410
2128,107413,112473
2129,107429,112483
2130,107461,112516
2131,107458,112540
2132,107455,112570
2133,107477,112612
2134,107492,112620
2135,107517,112651
2136,107507,112648
2137,107518,112674
2138,107516,112687
2139,107531,112699
2140,107530,112708
2141,107544,112740
2142,107549,112743
2143,107558,112749
2144,107570,112777
2145,107605,112810
2146,107599,112821
2147,107592,112831
2148,107594,112884
2149,107598,112885
2150,107618,112882
2151,107628,112922
2152,107630,112962
2153,107652,112952
2154,107662,112999
2155,107668,113008
2156,107680,113016
2157,107663,113004
2158,107661,112966
2159,107607,112887
2160,107576,112802
2161,107520,112675
2162,107504,112568
2163,107433,112477
2164,107400,112359
2165,107330,112298
2166,107325,112189
2167,107271,112108
2168,107255,112058
2169,107226,112012
2170,107207,111961
2171,107168,111866
2172,107162,111837
2173,107111,111793
2174,107104,111748
2175,107100,111719
2176,107069,111671
2177,107042,111641
2178,107037,111645
2179,107035,111633
2180,107021,111651
2181,107067,111667
2182,107080,111669
2183,107069,111709
2184,107085,111744
2185,107099,111753
2186,107096,111757
2187,107119,111766
2188,107114,111770
2189,107095,111740
2190,107121,111740
2191,107126,111783
2192,107121,111770
2193,107106,111759
2194,107118,111767
2195,107116,111768
2196,107127,111804
2197,107123,111840
2198,107141,111857
2199,107176,111890
2200,107181,111934
2201,107208,111960
2202,107234,111987
2203,107230,112024
2204,107251,112073
2205,107235,112074
2206,107290,112128
2207,107319,112160
2208,107304,112163
2209,107319,112201
2210,107340,112239
2211,107362,112258
2212,107351,112290
2213,107339,112295
2214,107365,112340
2215,107379,112354
2216,107416,112380
2217,107422,112409
2218,107458,112439
2219,107446,112462
2220,107437,112459
2221,107464,112492
2222,107479,112534
2223,107468,112535
2224,107502,112557
2225,107507,112585
2226,107523,112593
2227,107543,112624
2228,107534,112652
2229,107545,112654
2230,107546,112669
2231,107548,112700
2232,107558,112719
2233,107575,112746
2234,107619,112772
2235,107618,112831
2236,107605,112821
2237,107622,112860
2238,107635,112874
2239,107622,112884
2240,107625,112874
2241,107594,112817
2242,107594,112738
2243,107542,112645
2244,107508,112536
2245,107448,112448
2246,107395,112317
2247,107362,112212
2248,107322,112122
2249,107283,112042
2250,107259,111995
2251,107222,111913
2252,107188,111854
2253,107181,111812
2254,107143,111775
2255,107137,111735
2256,107103,111690
2257,107098,111666
2258,107088,111674
2259,107064,111652
2260,107075,111629
2261,107071,111612
2262,107084,111616
2263,107095,111653
2264,107109,111669
2265,107109,111698
2266,107135,111710
2267,107618,112831
2268,107160,111754
2269,107168,111785
2270,107175,111794
2271,107193,111812
2272,107160,111797
2273,107187,111813
2274,107186,111808
2275,107194,111819
2276,107208,111870
2277,107208,111879
2278,107221,111873
2279,107241,111909
2280,107215,111926
2281,107250,111977
2282,107230,111969
2283,107265,112003
2284,107279,112043
2285,107305,112060
2286,107304,112107
2287,107325,112124
2288,107309,112176
2289,107358,112170
2290,107369,112220
2291,107375,112261
2292,107381,112300
2293,107403,112325
2294,107430,112353
2295,107449,112391
2296,107437,112434
2297,107475,112464
2298,107486,112517
2299,107490,112514
2300,107490,112536
2301,107508,112551
2302,107523,112563
2303,107541,112624
2304,107540,112627
2305,107557,112648
2306,107574,112672
2307,107573,112698
2308,107576,112732
2309,107599,112731
2310,107606,112751
2311,107605,112767
2312,107637,112828
2313,107612,112812
2314,107640,112846
2315,107650,112859
2316,107656,112896
2317,107686,112939
2318,107687,112953
2319,107679,112945
2320,107697,112971
2321,107685,112960
2322,107698,112915
2323,107628,112822
2324,107581,112706
2325,107552,112613
2326,107504,112526
2327,107466,112418
2328,107429,112336
2329,107388,112270
2330,107365,112206
2331,107352,112120
2332,107300,112065
2333,107305,112059
2334,107281,111991
2335,107269,111989
2336,107250,111947
2337,107238,111905
2338,107228,111899
2339,107231,111868
2340,107213,111871
2341,107247,111897
2342,107238,111901
2343,107232,111925
2344,107251,111948
2345,107253,111993
2346,107291,112016
2347,107305,112046
2348,107311,112068
2349,107299,112046
2350,107306,112055
2351,107306,112036
2352,107327,112056
2353,107322,112037
2354,107312,112044
2355,107304,112054
2356,107310,112072
2357,107321,112073
2358,107307,112092
2359,107333,112080
2360,107348,112129
2361,107357,112130
2362,107330,112143
2363,107370,112153
2364,107367,112182
2365,107372,112180
2366,107381,112206
2367,107393,112243
2368,107390,112229
2369,107392,112259
2370,107416,112284
2371,107405,112280
2372,107409,112286
2373,107418,112306
2374,107421,112325
2375,107425,112329
2376,107413,112324
2377,107422,112328
2378,107444,112356
2379,107443,112403
2380,107434,112378
2381,107455,112412
2382,107464,112435
2383,107491,112463
2384,107485,112483
2385,107504,112508
2386,107516,112575
2387,107551,112594
2388,107558,112609
2389,107574,112642
2390,107552,112666
2391,107569,112672
2392,107591,112684
2393,107588,112695
2394,107602,112743
2395,107626,112747
2396,107610,112761
2397,107616,112787
2398,107618,112773
2399,107604,112736
2400,107572,112672
2401,107556,112629
2402,107498,112513
2403,107458,112402
2404,107392,112267
2405,107345,112157
2406,107289,112052
2407,107262,111961
2408,107233,111892
2409,107179,111808
2410,107181,111785
2411,107143,111717
2412,107112,111680
2413,107098,111628
2414,107073,111590
2415,107071,111577
2416,107075,111511
2417,107037,111500
2418,107037,111492
2419,107027,111464
2420,107014,111443
2421,107037,111461
2422,107047,111496
2423,107044,111521
2424,107075,111548
2425,107086,111578
2426,107070,111595
2427,107107,111611
2428,107104,111648
2429,107124,111631
2430,107100,111618
2431,107112,111635
2432,107104,111630
2433,107105,111648
2434,107108,111628
2435,107107,111655
2436,107133,111653
2437,107109,111661
2438,107137,111678
2439,107159,111679
2440,107154,111691
2441,107149,111704
2442,107159,111754
2443,107161,111771
2444,107175,111791
2445,107201,111810
2446,107223,111851
2447,107222,111865
2448,107249,111907
2449,107268,111920
2450,107253,111951
2451,107278,111975
2452,107291,112014
2453,107299,112061
2454,107315,112046
2455,107349,112081
2456,107343,112091
2457,107334,112105
2458,107355,112138
2459,107367,112147
2460,107374,112167
2461,107360,112200
2462,107387,112207
2463,107409,112227
2464,107422,112261
2465,107427,112295
2466,107429,112319
2467,107441,112343
2468,107459,112388
2469,107477,112414
2470,107473,112435
2471,107499,112440
2472,107496,112459
2473,107525,112483
2474,107514,112519
2475,107518,112528
2476,107537,112540
2477,107509,112505
2478,107519,112489
2479,107480,112417
2480,107432,112308
2481,107419,112220
2482,107337,112106
2483,107313,111977
2484,107259,111903
2485,107236,111803
2486,107201,111767
2487,107156,111674
2488,107121,111605
2489,107103,111544
2490,107077,111492
2491,107029,111440
2492,107024,111376
2493,107360,112200
2494,107387,112207
2495,106978,111236
2496,106951,111195
2497,106944,111216
2498,106910,111138
2499,106934,111161
2500,106922,111157
2501,106944,111166
2502,106950,111172
2503,106935,111196
2504,106970,111236
2505,106973,111205
2506,106950,111220
2507,106957,111205
2508,106979,111236
2509,106980,111247
2510,106966,111227
2511,106974,111257
2512,106986,111267
2513,106958,111249
2514,106968,111266
2515,106985,111276
2516,106971,111298
2517,107005,111323
2518,107013,111328
2519,106995,111358
2520,107051,111389
2521,107063,111440
2522,107043,111450
2523,107077,111493
2524,107094,111533
2525,107103,111553
2526,107146,111593
2527,107140,111634
2528,107150,111642
2529,107162,111691
2530,107198,111741
2531,107192,111769
2532,107191,111803
2533,107240,111813
2534,107230,111852
2535,107250,111876
2536,107280,111919
2537,107275,111931
2538,107281,111945
2539,107258,111975
2540,107299,111975
2541,107281,111978
2542,107336,112006
2543,107330,112044
2544,107341,112049
2545,107327,112050
2546,107342,112082
2547,107346,112095
2548,107358,112098
2549,107379,112136
2550,107376,112154
2551,107398,112153
2552,107402,112206
2553,107420,112200
2554,107415,112217
2555,107406,112209
2556,107397,112208
2557,107401,112168
2558,107369,112117
2559,107343,112006
2560,107299,111899
2561,107245,111777
2562,107205,111688
2563,107152,111553
2564,107095,111491
2565,107082,111376
2566,107036,111327
2567,106987,111270
2568,106973,111195
2569,106956,111127
2570,106932,111095
2571,106912,111030
2572,106898,111007
2573,106875,110964
2574,106877,110947
2575,106857,110937
2576,106840,110900
2577,106886,110899
2578,106886,110931
2579,106869,110933
2580,106877,110977
2581,106899,111014
2582,106918,111066
2583,106941,111123
2584,106957,111141
2585,106962,111140
2586,106982,111174
2587,106977,111170
2588,106995,111203
2589,106997,111194
2590,106998,111223
2591,106998,111227
2592,107009,111245
2593,107024,111277
2594,107033,111291
2595,107053,111309
2596,107073,111341
2597,107090,111356
2598,107105,111407
2599,107111,111441
2600,107134,111484
2601,107137,111477
2602,107136,111531
2603,107182,111589
2604,107196,111604
2605,107174,111628
2606,107197,111679
2607,107252,111727
2608,107269,111777
2609,107284,111782
2610,107279,111847
2611,107306,111865
2612,107308,111881
2613,107335,111938
2614,107346,111962
2615,107353,111969
2616,107368,112019
2617,107371,112031
2618,107395,112058
2619,107396,112091
2620,107430,112121
2621,107427,112121
2622,107426,112163
2623,107467,112210
2624,107473,112227
2625,107457,112252
2626,107479,112283
2627,107483,112307
2628,107506,112324
2629,107529,112378
2630,107508,112372
2631,107539,112413
2632,107532,112424
2633,107564,112463
2634,107573,112495
2635,107581,112492
2636,107563,112470
2637,107556,112434
2638,107519,112360
2639,107484,112257
2640,107433,112152
2641,107403,112054
2642,107346,111974
2643,107297,111863
2644,107269,111777
2645,107233,111707
2646,107195,111645
2647,107195,111596
2648,107165,111521
2649,107114,111475
2650,107099,111421
2651,107114,111414
2652,107091,111381
2653,107057,111360
2654,107067,111340
2655,107065,111330
2656,107050,111302
2657,107051,111339
2658,107086,111352
2659,107086,111384
2660,107096,111409
2661,107109,111446
2662,107138,111477
2663,107145,111502
2664,107144,111516
2665,107168,111532
2666,107165,111528
2667,107165,111519
2668,107174,111545
2669,107162,111532
2670,107175,111547
2671,107208,111579
2672,107201,111571
2673,107196,111583
2674,107216,111611
2675,107212,111630
2676,107234,111678
2677,107237,111685
2678,107242,111707
2679,107280,111741
2680,107282,111792
2681,107307,111821
2682,107303,111860
2683,107327,111854
2684,107342,111902
2685,107346,111923
2686,107366,111984
2687,107367,111986
2688,107396,112050
2689,107405,112058
2690,107426,112101
2691,107442,112121
2692,107421,112135
2693,107439,112159
2694,107459,112187
2695,107445,112189
2696,107490,112237
2697,107481,112239
2698,107491,112265
2699,107520,112268
2700,107506,112273
2701,107506,112303
2702,107534,112336
2703,107516,112333
2704,107517,112348
2705,107533,112377
2706,107537,112399
2707,107562,112423
2708,107566,112429
2709,107549,112451
2710,107603,112470
2711,107604,112501
2712,107573,112493
2713,107568,112469
2714,107567,112459
2715,107524,112358
2716,107495,112288
2717,107449,112163
2718,107366,111984
2719,107354,111941
2720,107287,111842
2721,107268,111742
2722,107230,111696
2723,107210,111624
2724,107168,111559
2725,107166,111497
2726,107134,111484
2727,107121,111408
2728,107101,111402
2729,107097,111353
2730,107055,111314
2731,107042,111269
2732,107031,111270
2733,107044,111246
2734,107025,111270
2735,107048,111249
2736,107030,111294
2737,107065,111318
2738,107095,111370
2739,107105,111376
2740,107104,111403
2741,107117,111405
2742,107090,111438
2743,107103,111423
2744,107120,111409
2745,107113,111434
2746,107112,111425
2747,107121,111419
2748,107111,111428
2749,107111,111477
2750,107120,111474
2751,107126,111461
2752,107141,111497
2753,107125,111514
2754,107143,111525
2755,107148,111563
2756,107165,111582
2757,107169,111628
2758,107196,111645
2759,107200,111682
2760,107228,111698
2761,107200,111736
2762,107238,111761
2763,107256,111820
2764,107276,111830
2765,107284,111848
2766,107279,111849
2767,107304,111905
2768,107317,111938
2769,107337,111949
2770,107340,111955
2771,107389,111983
2772,107356,111998
2773,107382,112042
2774,107388,112050
2775,107388,112064
2776,107396,112089
2777,107386,112098
2778,107405,112134
2779,107434,112190
2780,107417,112175
2781,107437,112189
2782,107460,112225
2783,107467,112240
2784,107470,112256
2785,107488,112271
2786,107475,112281
2787,107487,112344
2788,107493,112332
2789,107506,112334
2790,107486,112296
2791,107478,112228
2792,107442,112158
2793,107400,112061
2794,107320,111932
2795,107294,111822
2796,107234,111701
2797,107196,111603
2798,107155,111496
2799,107093,111432
2800,107069,111371
2801,107027,111288
2802,107011,111234
2803,107003,111158
2804,106957,111126
2805,106915,111078
2806,106909,111010
2807,106889,110952
2808,106879,110964
2809,106873,110906
2810,106865,110902
2811,106853,110909
2812,106861,110893
2813,106871,110878
2814,106868,110912
2815,106889,110959
2816,106912,110982
2817,106901,111010
2818,106932,111068
2819,106954,111064
2820,106951,111072
2821,106969,111092
2822,106953,111092
2823,106976,111094
2824,106944,111107
2825,106964,111148
2826,106990,111148
2827,106973,111179
2828,106988,111177
2829,107025,111209
2830,107022,111240
2831,107025,111276
2832,107053,111296
2833,107054,111329
2834,107066,111334
2835,107090,111381
2836,107113,111410
2837,107111,111431
2838,107147,111485
2839,107150,111530
2840,107157,111543
2841,107158,111599
2842,107187,111626
2843,107181,111677
2844,107220,111694
2845,107225,111721
2846,107251,111768
2847,107272,111773
2848,107265,111797
2849,107270,111820
2850,107281,111865
2851,107291,111867
2852,107305,111906
2853,107318,111940
2854,107323,111943
2855,107337,111953
2856,107352,111994
2857,107357,112003
2858,107350,112042
2859,107371,112049
2860,107387,112079
2861,107385,112090
2862,107417,112098
2863,107438,112152
2864,107433,112162
2865,107435,112204
2866,107461,112230
2867,107458,112248
2868,107460,112238
2869,107446,112246
2870,107428,112219
2871,107433,112162
2872,107369,112066
2873,107322,111949
2874,107281,111827
2875,107208,111695
2876,107184,111587
2877,107119,111460
2878,107067,111399
2879,107040,111301
2880,107004,111234
2881,106977,111173
2882,106925,111096
2883,106914,111042
2884,106913,110980
2885,106874,110947
2886,106855,110872
2887,106840,110843
2888,106851,110817
2889,106801,110766
2890,106786,110748
2891,106806,110750
2892,106795,110725
2893,106833,110765
2894,106798,110767
2895,106826,110811
2896,106856,110832
2897,106872,110889
2898,106881,110894
2899,106885,110931
2900,106902,110932
2901,106897,110971
2902,106904,110988
2903,106905,110964
2904,106918,110995
2905,106931,111016
2906,106939,111025
2907,106932,111046
2908,106970,111070
2909,106973,111095
2910,106965,111105
2911,106992,111152
2912,107001,111172
2913,107025,111189
2914,107012,111230
2915,107032,111269
2916,107061,111295
2917,107068,111352
2918,107074,111379
2919,107125,111415
2920,107104,111445
2921,107119,111474
2922,107151,111506
2923,107165,111538
2924,107183,111558
2925,107198,111619
2926,107205,111629
2927,107219,111664
2928,107223,111700
2929,107252,111718
2930,107266,111769
2931,107245,111755
2932,107282,111785
2933,107272,111802
2934,107277,111820
2935,107301,111842
2936,107312,111854
2937,107318,111888
2938,107327,111901
2939,107355,111973
2940,106970,111070
2941,107384,111987
2942,107396,112025
2943,107395,112066
2944,107413,112084
2945,107425,112091
2946,107423,112123
2947,107449,112176
2948,107441,112206
2949,107478,112227
2950,107444,112217
2951,107450,112207
2952,107438,112158
2953,107394,112054
2954,107345,111948
2955,107315,111856
2956,107262,111745
2957,107214,111656
2958,107185,111550
2959,107109,111459
2960,107112,111421
2961,107072,111362
2962,107019,111260
2963,107028,111216
2964,107011,111177
2965,106962,111130
2966,106959,111102
2967,106921,111041
2968,106946,111011
2969,106926,110989
2970,106893,110940
2971,106923,110951
2972,106888,110960
2973,106905,110957
2974,106906,110994
2975,106933,111031
2976,106950,111062
2977,106968,111117
2978,106991,111118
2979,106980,111166
2980,107003,111160
2981,107027,111202
2982,107010,111228
2983,107011,111211
2984,107033,111220
2985,107047,111226
2986,107031,111266
2987,107038,111280
2988,107057,111305
2989,107072,111328
2990,107091,111346
2991,107112,111376
2992,107086,111426
2993,107112,111444
2994,107131,111467
2995,107160,111522
2996,107163,111575
2997,107194,111613
2998,107217,111640
2999,107234,111670
3000,107255,111705
3001,107244,111751
3002,107289,111801
3003,107298,111836
3004,107335,111880
3005,107355,111897
3006,107396,111944
3007,107375,111990
3008,107395,112019
3009,107414,112029
3010,107431,112060
3011,107426,112111
3012,107435,112107
3013,107456,112138
3014,107465,112156
3015,107490,112199
3016,107478,112209
3017,107508,112233
3018,107498,112263
3019,107504,112278
3020,107531,112311
3021,107547,112332
3022,107555,112371
3023,107573,112402
3024,107589,112434
3025,107581,112452
3026,107612,112475
3027,107627,112528
3028,107640,112557
3029,107632,112569
3030,107657,112595
3031,107642,112602
3032,107635,112592
3033,107631,112560
3034,107604,112504
3035,107578,112402
3036,107535,112291
3037,107483,112165
3038,107439,112074
3039,107395,112000
3040,107348,111880
3041,107315,111848
3042,107278,111753
3043,107267,111702
3044,107239,111682
3045,107224,111641
3046,107176,111578
3047,107166,111555
3048,107156,111512
3049,107149,111455
3050,107142,111468
3051,107122,111433
3052,107126,111422
3053,107130,111447
3054,107136,111441
3055,107130,111463
3056,107144,111478
3057,107162,111526
3058,107181,111556
3059,107186,111556
3060,107182,111571
3061,107179,111601
3062,107197,111597
3063,107191,111587
3064,107186,111588
3065,107212,111594
3066,107198,111604
3067,107201,111622
3068,107203,111647
3069,107227,111643
3070,107206,111660
3071,107230,111672
3072,107245,111694
3073,107217,111686
3074,107231,111673
3075,107221,111690
3076,107249,111706
3077,107226,111680
3078,107248,111727
3079,107260,111735
3080,107254,111746
3081,107249,111774
3082,107280,111833
3083,107296,111840
3084,107307,111883
3085,107310,111877
3086,107311,111913
3087,107329,111908
3088,107345,111964
3089,107356,111994
3090,107341,112016
3091,107350,112039
3092,107390,112059
3093,107380,112104
3094,107410,112122
3095,107427,112139
3096,107416,112152
3097,107434,112189
3098,107448,112213
3099,107429,112239
3100,107456,112218
3101,107449,112240
3102,107462,112229
3103,107440,112211
3104,107441,112193
3105,107449,112227
3106,107426,112191
3107,107455,112219
3108,107430,112205
3109,107433,112227
3110,107417,112187
3111,107433,112176
3112,107378,112098
3113,107346,112021
3114,107313,111929
3115,107266,111799
3116,107253,111748
3117,107221,111667
3118,107169,111601
3119,107156,111580
3120,107137,111504
3121,107131,111488
3122,107110,111469
3123,107085,111438
3124,107114,111474
3125,107095,111437
3126,107084,111423
3127,107115,111435
3128,107090,111410
3129,107117,111440
3130,107124,111451
3131,107126,111484
3132,107147,111517
3133,107163,111579
3134,107182,111599
3135,107226,111700
3136,107211,111705
3137,107242,111712
3138,107251,111742
3139,107245,111758
3140,107252,111745
3141,107260,111735
3142,107249,111739
3143,107267,111738
3144,107256,111730
3145,107249,111711
3146,107248,111734
3147,107251,111722
3148,107247,111707
3149,107273,111709
3150,107235,111682
3151,107243,111672
3152,107223,111682
3153,107209,111681
3154,107229,111658
3155,107209,111653
3156,107221,111657
3157,107213,111648
3158,107208,111640
3159,107115,111435
3160,107190,111637
3161,107212,111642
3162,107195,111635
3163,107199,111688
3164,107189,111686
3165,107201,111715
3166,107228,111737
3167,107265,111797
3168,107272,111842
3169,107273,111858
3170,107316,111917
3171,107300,111944
3172,107348,112003
3173,107364,112063
3174,107356,112072
3175,107400,112125
3176,107425,112217
3177,107441,112236
3178,107453,112304
3179,107493,112358
3180,107497,112411
3181,107523,112453
3182,107555,112480
3183,107584,112532
3184,107596,112571
3185,107625,112637
3186,107652,112614
3187,107617,112634
3188,107603,112588
3189,107564,112515
3190,107530,112406
3191,107501,112327
3192,107454,112200
3193,107407,112104
3194,107364,111988
3195,107349,111955
3196,107307,111871
3197,107262,111797
3198,107225,111723
3199,107208,111679
3200,107195,111598
3201,107142,111511
3202,107135,111470
3203,107095,111423
3204,107084,111373
3205,107053,111317
3206,107044,111295
3207,107003,111248
3208,106995,111234
3209,106999,111213
3210,106996,111197
3211,107005,111194
3212,107019,111228
3213,107030,111243
3214,107053,111271
3215,107042,111314
3216,107058,111314
3217,107075,111317
3218,107076,111329
3219,107068,111353
3220,107082,111341
3221,107103,111380
3222,107086,111349
3223,107108,111382
3224,107105,111373
3225,107124,111397
3226,107121,111439
3227,107135,111442
3228,107137,111454
3229,107157,111492
3230,107155,111487
3231,107164,111497
3232,107203,111531
3233,107195,111568
3234,107204,111602
3235,107224,111634
3236,107231,111676
3237,107250,111686
3238,107247,111725
3239,107281,111779
3240,107299,111826
3241,107323,111851
3242,107334,111871
3243,107332,111898
3244,107337,111910
3245,107368,111938
3246,107357,111948
3247,107368,111961
3248,107395,112005
3249,107388,111987
3250,107417,112032
3251,107407,112059
3252,107429,112092
3253,107422,112129
3254,107437,112128
3255,107456,112155
3256,107472,112194
3257,107488,112241
3258,107498,112260
3259,107502,112311
3260,107543,112348
3261,107547,112372
3262,107537,112397
3263,107553,112353
3264,107525,112304
3265,107475,112254
3266,107434,112168
3267,107418,112063
3268,107413,111969
3269,107338,111884
3270,107290,111814
3271,107283,111740
3272,107238,111683
3273,107233,111617
3274,107184,111559
3275,107167,111524
3276,107122,111494
3277,107147,111470
3278,107122,111404
3279,107094,111414
3280,107108,111353
3281,107081,111350
3282,107076,111318
3283,107077,111322
3284,107076,111314
3285,107077,111358
3286,107113,111378
3287,107113,111378
3288,107142,111457
3289,107164,111479
3290,107162,111514
3291,107186,111531
3292,107169,111567
3293,107191,111586
3294,107192,111588
3295,107187,111577
3296,107218,111604
3297,107213,111624
3298,107211,111632
3299,107221,111636
3300,107237,111649
3301,107220,111655
3302,107208,111658
3303,107220,111666
3304,107241,111677
3305,107259,111698
3306,107257,111719
3307,107276,111753
3308,107278,111748
3309,107278,111815
3310,107315,111857
3311,107304,111862
3312,107337,111904
3313,107344,111931
3314,107370,111950
3315,107362,111985
3316,107377,112004
3317,107401,112023
3318,107396,112052
3319,107406,112076
3320,107448,112092
3321,107433,112133
3322,107451,112161
3323,107453,112188
3324,107473,112207
3325,107489,112258
3326,107502,112292
3327,107525,112323
3328,107542,112370
3329,107577,112393
3330,107584,112422
3331,107590,112464
3332,107595,112478
3333,107607,112514
3334,107619,112517
3335,107623,112545
3336,107638,112571
3337,107638,112567
3338,107633,112564
3339,107633,112551
3340,107626,112511
3341,107578,112438
3342,107543,112318
3343,107495,112255
3344,107464,112172
3345,107447,112095
3346,107393,112021
3347,107382,111957
3348,107365,111910
3349,107328,111872
3350,107315,111799
3351,107257,111728
3352,107260,111700
3353,107223,111634
3354,107192,111592
3355,107180,111566
3356,107183,111563
3357,107158,111529
3358,107151,111501
3359,107153,111552
3360,107191,111561
3361,107182,111568
3362,107171,111578
3363,107199,111619
3364,107207,111660
3365,107225,111635
3366,107216,111687
3367,107205,111696
3368,107237,111721
3369,107240,111714
3370,107238,111713
3371,107268,111753
3372,107285,111802
3373,107262,111800
3374,107293,111855
3375,107287,111859
3376,107319,111878
3377,107357,111948
3378,107346,111966
3379,107382,111957
3380,107365,111910
3381,107409,112081
3382,107446,112162
3383,107446,112218
3384,107482,112251
3385,107483,112338
3386,107545,112390
3387,107547,112461
3388,107604,112503
3389,107576,112562
3390,107611,112608
3391,107652,112652
3392,107677,112722
3393,107685,112757
3394,107698,112768
3395,107691,112789
3396,107759,112850
3397,107736,112883
3398,107767,112914
3399,107783,112948
3400,107798,112970
3401,107791,113022
3402,107849,113057
3403,107818,113074
3404,107830,113079
3405,107833,113128
3406,107838,113135
3407,107852,113130
3408,107869,113144
3409,107877,113164
3410,107872,113149
3411,107863,113169
3412,107868,113172
3413,107853,113149
3414,107825,113094
3415,107816,113024
3416,107791,112951
3417,107733,112862
3418,107710,112783
3419,107689,112696
3420,107629,112604
3421,107590,112517
3422,107563,112466
3423,107511,112401
3424,107521,112321
3425,107481,112266
3426,107434,112239
3427,107429,112193
3428,107418,112143
3429,107391,112149
3430,107410,112127
3431,107381,112105
3432,107383,112126
3433,107378,112129
3434,107399,112163
3435,107423,112191
3436,107463,112266
3437,107481,112306
3438,107491,112357
3439,107542,112410
3440,107527,112447
3441,107515,112460
3442,107540,112496
3443,107566,112537
3444,107568,112567
3445,107588,112595
3446,107600,112640
3447,107617,112676
3448,107616,112683
3449,107653,112713
3450,107657,112726
3451,107674,112762
3452,107691,112785
3453,107685,112835
3454,107690,112855
3455,107714,112866
3456,107740,112934
3457,107755,112940
3458,107754,112975
3459,107769,112987
3460,107795,113038
3461,107782,113059
3462,107799,113078
3463,107804,113109
3464,107835,113125
3465,107827,113167
3466,107849,113192
3467,107862,113202
3468,107854,113238
3469,107861,113256
3470,107888,113267
3471,107907,113305
3472,107908,113339
3473,107927,113377
3474,107924,113396
3475,107950,113392
3476,107919,113422
3477,107929,113419
3478,107922,113376
3479,107914,113349
3480,107887,113312
3481,107874,113274
3482,107882,113288
3483,107851,113287
3484,107850,113274
3485,107865,113289
3486,107820,113221
3487,107832,113193
3488,107788,113107
3489,107771,113039
3490,107731,112958
3491,107706,112900
3492,107690,112861
3493,107672,112849
3494,107650,112818
3495,107670,112840
3496,107628,112800
3497,107658,112803
3498,107637,112787
3499,107638,112799
3500,107632,112788
3501,107614,112809
3502,107614,112796
3503,107646,112809
3504,107637,112827
3505,107642,112852
3506,107675,112889
3507,107670,112922
3508,107689,112961
3509,107697,113002
3510,107691,113006
3511,107723,112994
3512,107716,113001
3513,107690,112978
3514,107685,112970
3515,107684,112995
3516,107700,112968
3517,107666,112930
3518,107687,112945
3519,107656,112942
3520,107656,112947
3521,107667,112965
3522,107645,112960
3523,107650,112974
3524,107668,112989
3525,107691,113015
3526,107702,113015
3527,107707,113043
3528,107698,113058
3529,107720,113078
3530,107694,113067
3531,107718,113092
3532,107720,113116
3533,107747,113152
3534,107755,113149
3535,107753,113161
3536,107737,113161
3537,107743,113165
3538,107757,113160
3539,107741,113192
3540,107742,113172
3541,107728,113153
3542,107731,113173
3543,107731,113176
3544,107762,113170
3545,107735,113170
3546,107728,113172
3547,107741,113176
3548,107734,113158
3549,107739,113172
3550,107741,113175
3551,107744,113215
3552,107748,113208
3553,107761,113210
3554,107747,113219
3555,107747,113199
3556,107728,113151
3557,107721,113105
3558,107682,113037
3559,107651,112953
3560,107592,112876
3561,107576,112796
3562,107531,112686
3563,107490,112609
3564,107461,112559
3565,107418,112464
3566,107405,112440
3567,107371,112388
3568,107340,112297
3569,107332,112285
3570,107294,112243
3571,107296,112240
3572,107273,112209
3573,107292,112218
3574,107266,112181
3575,107262,112185
3576,107284,112217
3577,107269,112225
3578,107288,112253
3579,107287,112288
3580,107286,112292
3581,107311,112309
3582,107328,112324
3583,107328,112376
3584,107325,112373
3585,107341,112397
3586,107350,112403
3587,107374,112435
3588,107360,112441
3589,107356,112460
3590,107363,112452
3591,107362,112462
3592,107374,112477
3593,107352,112484
3594,107377,112477
3595,107388,112515
3596,107388,112485
3597,107395,112517
3598,107368,112493
3599,107391,112521
3600,107415,112551
3601,107416,112552
3602,107410,112572
3603,107396,112575
3604,107428,112619
3605,107431,112654
3606,107465,112682
3607,107475,112709
3608,107501,112746
3609,107503,112769
3610,107533,112792
3611,107513,112825
3612,107525,112847
3613,107532,112869
3614,107531,112874
3615,107561,112880
3616,107547,112913
3617,107592,112923
3618,107587,112946
3619,107592,112955
3620,107585,112999
3621,107597,112993
3622,107591,113018
3623,107601,113012
3624,107633,113021
3625,107614,113037
3626,107571,112997
3627,107558,112944
3628,107517,112841
3629,107528,112803
3630,107499,112715
3631,107452,112656
3632,107414,112574
3633,107386,112518
3634,107334,112454
3635,107342,112363
3636,107313,112344
3637,107305,112281
3638,107221,112212
3639,107225,112166
3640,107205,112119
3641,107177,112058
3642,107161,112030
3643,107142,111998
3644,107106,111949
3645,107104,111913
3646,107076,111892
3647,107061,111889
3648,107072,111868
3649,107056,111882
3650,107059,111862
3651,107051,111862
3652,107075,111899
3653,107049,111892
3654,107067,111879
3655,107077,111890
3656,107088,111886
3657,107083,111883
3658,107073,111873
3659,107083,111896
3660,107079,111898
3661,107089,111919
3662,107087,111925
3663,107086,111932
3664,107121,111959
3665,107104,111966
3666,107123,111989
3667,107143,112031
3668,107143,112026
3669,107163,112064
3670,107187,112081
3671,107177,112091
3672,107199,112119
3673,107208,112145
3674,107225,112173
3675,107249,112206
3676,107250,112216
3677,107252,112283
3678,107291,112290
3679,107275,112318
3680,107319,112347
3681,107319,112383
3682,107325,112410
3683,107339,112437
3684,107355,112461
3685,107372,112511
3686,107382,112523
3687,107399,112549
3688,107416,112570
3689,107425,112600
3690,107449,112629
3691,107434,112642
3692,107476,112672
3693,107481,112703
3694,107476,112700
3695,107477,112663
3696,107453,112628
3697,107433,112591
3698,107405,112542
3699,107377,112473
3700,107329,112396
3701,107307,112350
3702,107279,112257
3703,107264,112210
3704,107219,112149
3705,107193,112071
3706,107179,112011
3707,107175,111969
3708,107132,111889
3709,107088,111859
3710,107081,111800
3711,107047,111754
3712,107041,111733
3713,107036,111696
3714,106996,111688
3715,107002,111679
3716,107042,111687
3717,107016,111694
3718,107022,111719
3719,107029,111767
3720,107062,111786
3721,107089,111840
3722,107090,111868
3723,107134,111892
3724,107121,111938
3725,107128,111956
3726,107126,111951
3727,107141,111990
3728,107153,112013
3729,107164,112024
3730,107172,112077
3731,107200,112089
3732,107213,112124
3733,107203,112136
3734,107242,112171
3735,107248,112201
3736,107247,112237
3737,107276,112273
3738,107291,112292
3739,107308,112311
3740,107331,112348
3741,107319,112376
3742,107353,112418
3743,107354,112420
3744,107374,112457
3745,107387,112493
3746,107405,112510
3747,107398,112527
3748,107412,112560
3749,107409,112557
3750,107436,112573
3751,107431,112592
3752,107450,112614
3753,107450,112646
3754,107452,112655
3755,107466,112654
3756,107483,112690
3757,107486,112690
3758,107481,112734
3759,107500,112766
3760,107517,112772
3761,107557,112824
3762,107519,112809
3763,107568,112884
3764,107552,112901
3765,107584,112912
3766,107566,112919
3767,107564,112895
3768,107556,112856
3769,107526,112793
3770,107487,112737
3771,107482,112671
3772,107431,112602
3773,107424,112553
3774,107419,112493
3775,107394,112443
3776,107375,112395
3777,107348,112376
3778,107314,112311
3779,107334,112293
3780,107293,112272
3781,107286,112261
3782,107289,112206
3783,107270,112192
3784,107252,112172
3785,107276,112178
3786,107247,112141
3787,107235,112140
3788,107269,112171
3789,107261,112173
3790,107250,112199
3791,107292,112235
3792,107289,112253
3793,107293,112234
3794,107324,112283
3795,107328,112293
3796,107284,112301
3797,107329,112307
3798,107339,112359
3799,107325,112336
3800,107339,112348
3801,107362,112390
3802,107337,112404
3803,107364,112398
3804,107364,112421
3805,107382,112435
3806,107379,112441
3807,107382,112448
3808,107374,112485
3809,107398,112499
3810,107421,112500
3811,107440,112529
3812,107442,112540
3813,107458,112572
3814,107448,112604
3815,107461,112632
3816,107476,112673
3817,107475,112690
3818,107503,112709
3819,107504,112727
3820,107507,112766
3821,107528,112793
3822,107528,112799
3823,107541,112843
3824,107573,112851
3825,107557,112868
3826,107577,112910
3827,107605,112911
3828,107598,112928
3829,107599,112949
3830,107621,112938
3831,107606,112969
3832,107636,113008
3833,107656,113032
3834,107661,113069
3835,107668,113098
3836,107691,113107
3837,107696,113118
3838,107683,113129
3839,107678,113129
3840,107677,113067
3841,107655,113030
3842,107650,112980
3843,107594,112901
3844,107577,112860
3845,107536,112807
3846,107527,112744
3847,107498,112690
3848,107468,112645
3849,107459,112588
3850,107447,112553
3851,107417,112531
3852,107430,112529
3853,107392,112465
3854,107370,112438
3855,107344,112417
3856,107355,112397
3857,107329,112356
3858,107323,112331
3859,107304,112338
3860,107323,112333
3861,107337,112339
3862,107318,112349
3863,107337,112383
3864,107325,112397
3865,107344,112397
3866,107352,112449
3867,107375,112452
3868,107368,112467
3869,107358,112469
3870,107385,112501
3871,107391,112500
3872,107391,112498
3873,107390,112507
3874,107399,112523
3875,107384,112529
3876,107392,112548
3877,107411,112542
3878,107390,112573
3879,107419,112587
3880,107422,112593
3881,107429,112626
3882,107443,112609
3883,107456,112631
3884,107443,112656
3885,107483,112658
3886,107472,112700
3887,107483,112730
3888,107494,112705
3889,107514,112758
3890,107531,112787
3891,107527,112811
3892,107552,112834
3893,107575,112853
3894,107564,112883
3895,107578,112892
3896,107592,112903
3897,107608,112919
3898,107595,112935
3899,107609,112946
3900,107633,112956
3901,107626,112989
3902,107651,113025
3903,107640,113029
3904,107657,113040
3905,107689,113061
3906,107693,113079
3907,107682,113119
3908,107681,113138
3909,107701,113156
3910,107721,113147
3911,107715,113183
3912,107726,113192
3913,107758,113225
3914,107756,113271
3915,107750,113252
3916,107724,113215
3917,107711,113178
3918,107709,113132
3919,107682,113083
3920,107662,113010
3921,107634,112959
3922,107583,112894
3923,107588,112854
3924,107557,112827
3925,107550,112788
3926,107546,112733
3927,107498,112720
3928,107508,112672
3929,107475,112624
3930,107457,112604
3931,107453,112559
3932,107434,112552
3933,107397,112486
3934,107430,112462
3935,107384,112451
3936,107390,112429
3937,107394,112434
3938,107381,112425
3939,107371,112445
3940,107417,112515
3941,107402,112504
3942,107419,112505
3943,107447,112528
3944,107413,112540
3945,107454,112561
3946,107441,112560
3947,107428,112574
3948,107435,112565
3949,107434,112563
3950,107467,112578
3951,107445,112582
3952,107438,112611
3953,107454,112632
3954,107465,112623
3955,107486,112683
3956,107486,112663
3957,107493,112675
3958,107501,112699
3959,107519,112724
3960,107514,112746
3961,107538,112743
3962,107513,112746
3963,107573,112791
3964,107555,112819
3965,107569,112836
3966,107541,112847
3967,107569,112854
3968,107586,112895
3969,107604,112933
3970,107595,112911
3971,107613,112930
3972,107646,112940
3973,107645,112979
3974,107649,112974
3975,107635,113015
3976,107646,113008
3977,107647,113023
3978,107664,113068
3979,107674,113084
3980,107677,113075
3981,107700,113107
3982,107699,113104
3983,107697,113150
3984,107725,113149
3985,107719,113160
3986,107720,113175
3987,107734,113194
3988,107748,113223
3989,107738,113238
3990,107744,113251
3991,107789,113264
3992,107800,113299
3993,107799,113301
3994,107808,113329
3995,107804,113330
3996,107789,113286
3997,107768,113240
3998,107774,113210
3999,107731,113132
4000,107688,113077
4001,107671,113025
4002,107670,112973
4003,107657,112944
4004,107607,112855
4005,107596,112816
4006,107580,112744
4007,107564,112749
4008,107535,112703
4009,107523,112645
4010,107502,112601
4011,107472,112575
4012,107464,112529
4013,107446,112532
4014,107436,112478
4015,107430,112472
4016,107428,112492
4017,107412,112419
4018,107415,112434
4019,107421,112472
4020,107416,112451
4021,107411,112484
4022,107429,112479
4023,107429,112518
4024,107457,112510
4025,107471,112537
4026,107480,112534
4027,107442,112549
4028,107458,112543
4029,107470,112556
4030,107468,112568
4031,107491,112559
4032,107475,112572
4033,107487,112598
4034,107490,112618
4035,107498,112626
4036,107504,112640
4037,107525,112664
4038,107523,112667
4039,107539,112707
4040,107575,112724
4041,107563,112751
4042,107551,112751
4043,107581,112807
4044,107584,112808
4045,107614,112843
4046,107605,112881
4047,107629,112888
4048,107645,112933
4049,107630,112933
4050,107651,112958
4051,107667,112989
4052,107697,113011
4053,107719,113031
4054,107700,113040
4055,107727,113069
4056,107723,113122
4057,107750,113113
4058,107734,113139
4059,107773,113158
4060,107781,113179
4061,107779,113199
4062,107771,113212
4063,107783,113237
4064,107812,113254
4065,107819,113295
4066,107818,113313
4067,107829,113338
4068,107840,113359
4069,107845,113397
4070,107861,113411
4071,107860,113423
4072,107889,113454
4073,107901,113475
4074,107907,113487
4075,107920,113530
4076,107939,113550
4077,107932,113557
4078,107934,113595
4079,107971,113615
4080,107948,113592
4081,107972,113557
4082,107925,113528
4083,107920,113465
4084,107871,113417
4085,107841,113372
4086,107825,113289
4087,107806,113260
4088,107758,113202
4089,107753,113161
4090,107728,113125
4091,107726,113083
4092,107747,113076
4093,107669,112997
4094,107663,112989
4095,107665,112944
4096,107621,112923
4097,107651,112909
4098,107653,112875
4099,107618,112847
4100,107583,112839
4101,107584,112815
4102,107600,112837
4103,107586,112818
4104,107605,112852
4105,107626,112854
4106,107613,112895
4107,107626,112873
4108,107625,112907
4109,107636,112907
4110,107639,112926
4111,107644,112917
4112,107650,112935
4113,107648,112954
4114,107662,112938
4115,107683,112941
4116,107675,112943
4117,107674,112977
4118,107668,112955
4119,107679,112990
4120,107684,113003
4121,107700,113016
4122,107707,113025
4123,107710,113061
4124,107704,113071
4125,107736,113110
4126,107741,113109
4127,107746,113135
4128,107766,113151
4129,107781,113181
4130,107754,113218
4131,107781,113215
4132,107803,113226
4133,107809,113252
4134,107784,113272
4135,107816,113294
4136,107805,113296
4137,107844,113327
4138,107862,113333
4139,107847,113377
4140,107839,113374
4141,107848,113369
4142,107851,113420
4143,107852,113405
4144,107862,113406
4145,107891,113419
4146,107885,113432
4147,107872,113463
4148,107910,113482
4149,107906,113495
4150,107901,113479
4151,107923,113548
4152,107937,113551
4153,107950,113588
4154,107952,113551
4155,107955,113605
4156,107955,113617
4157,107977,113643
4158,107982,113650
4159,107985,113663
4160,107990,113709
4161,107990,113717
4162,108002,113684
4163,107993,113679
4164,107972,113632
4165,107936,113564
4166,107923,113488
4167,107895,113439
4168,107863,113390
4169,107837,113344
4170,107830,113276
4171,107797,113260
4172,107794,113217
4173,107768,113187
4174,107764,113149
4175,107752,113140
4176,107703,113089
4177,107680,113069
4178,107687,113057
4179,107695,113014
4180,107689,112992
4181,107630,112963
4182,107638,112934
4183,107631,112916
4184,107633,112919
4185,107626,112938
4186,107636,112915
4187,107631,112945
4188,107660,112964
4189,107669,112979
4190,107671,113007
4191,107664,112979
4192,107651,112997
4193,107655,112998
4194,107628,112996
4195,107681,113008
4196,107655,112978
4197,107649,113001
4198,107654,113005
4199,107648,113014
4200,107682,113037
4201,107678,113068
4202,107678,113052
4203,107669,113071
4204,107683,113077
4205,107706,113096
4206,107708,113126
4207,107743,113134
4208,107744,113148
4209,107723,113180
4210,107730,113197
4211,107760,113228
4212,107769,113246
4213,107757,113253
4214,107784,113287
4215,107801,113309
4216,107818,113322
4217,107793,113353
4218,107822,113353
4219,107819,113392
4220,107855,113394
4221,107855,113402
4222,107883,113439
4223,107875,113440
4224,107871,113455
4225,107885,113480
4226,107889,113499
4227,107897,113520
4228,107893,113527
4229,107909,113546
4230,107931,113594
4231,107929,113579
4232,107944,113609
4233,107952,113623
4234,107962,113651
4235,107968,113643
4236,107981,113677
4237,107984,113679
4238,107962,113698
4239,107988,113725
4240,108029,113768
4241,107997,113774
4242,108030,113803
4243,108041,113772
4244,108013,113786
4245,108003,113751
4246,107989,113725
4247,107965,113684
4248,107929,113594
4249,107902,113555
4250,107867,113453
4251,107854,113393
4252,107820,113322
4253,107813,113269
4254,107773,113235
4255,107747,113195
4256,107723,113144
4257,107708,113086
4258,107683,113032
4259,107649,113000
4260,107636,112957
4261,107605,112908
4262,107600,112877
4263,107589,112867
4264,107568,112807
4265,107550,112802
4266,107542,112775
4267,107550,112784
4268,107559,112762
4269,107548,112767
4270,107563,112792
4271,107554,112792
4272,107565,112807
4273,107570,112832
4274,107576,112866
4275,107585,112856
4276,107580,112846
4277,107594,112854
4278,107591,112843
4279,107591,112851
4280,107601,112879
4281,107594,112860
4282,107601,112888
4283,107608,112887
4284,107602,112899
4285,107575,112915
4286,107624,112930
4287,107611,112922
4288,107614,112973
4289,107625,113002
4290,107651,113030
4291,107648,113038
4292,107673,113063
4293,107674,113084
4294,107708,113121
4295,107719,113129
4296,107709,113152
4297,107715,113180
4298,107739,113193
4299,107759,113236
4300,107740,113235
4301,107746,113254
4302,107765,113265
4303,107798,113287
4304,107789,113312
4305,107797,113341
4306,107805,113345
4307,107807,113363
4308,107812,113349
4309,107823,113391
4310,107857,113412
4311,107846,113418
4312,107854,113417
4313,107865,113469
4314,107872,113462
4315,107880,113482
4316,107897,113514
4317,107889,113542
4318,107917,113571
4319,107928,113587
4320,107931,113599
4321,107925,113627
4322,107953,113631
4323,107964,113673
4324,107967,113677
4325,107976,113730
4326,107973,113735
4327,107988,113767
4328,108005,113775
4329,108035,113779
4330,107994,113800
4331,108020,113819
4332,108014,113786
4333,107989,113742
4334,107988,113695
4335,107944,113636
4336,107915,113543
4337,107889,113462
4338,107871,113406
4339,107838,113331
4340,107804,113260
4341,107770,113225
4342,107740,113169
4343,107729,113125
4344,107694,113095
4345,107693,113042
4346,107647,112983
4347,107631,112937
4348,107610,112899
4349,107599,112888
4350,107596,112851
4351,107594,112811
4352,107577,112798
4353,107552,112777
4354,107557,112771
4355,107549,112775
4356,107546,112806
4357,107569,112802
4358,107584,112839
4359,107557,112844
4360,107594,112844
4361,107581,112859
4362,107611,112884
4363,107599,112898
4364,107603,112892
4365,107614,112902
4366,107623,112894
4367,107608,112910
4368,107620,112924
4369,107622,112928
4370,107636,112965
4371,107647,112971
4372,107646,112979
4373,107659,113007
4374,107669,113023
4375,107670,113033
4376,107686,113062
4377,107711,113089
4378,107729,113108
4379,107736,113135
4380,107731,113159
4381,107755,113189
4382,107775,113199
4383,107768,113239
4384,107788,113272
4385,107802,113287
4386,107806,113316
4387,107831,113340
4388,107824,113359
4389,107827,113387
4390,107852,113442
4391,107858,113450
4392,107879,113457
4393,107843,113466
4394,107874,113494
4395,107903,113517
4396,107906,113524
4397,107910,113556
4398,107940,113575
4399,107942,113614
4400,107950,113633
4401,107951,113637
4402,107987,113685
4403,107966,113683
4404,107994,113735
4405,107998,113735
4406,108017,113763
4407,108009,113796
4408,108014,113799
4409,108048,113822
4410,108035,113837
4411,108059,113877
4412,108085,113886
4413,108096,113919
4414,108095,113947
4415,108099,113977
4416,108119,113997
4417,108108,114019
4418,108120,114003
4419,108115,113993
4420,108082,113944
4421,108071,113891
4422,108046,113837
4423,108006,113739
4424,107980,113666
4425,107985,113619
4426,107933,113573
4427,107929,113520
4428,107900,113507
4429,107905,113477
4430,107863,113405
4431,107843,113393
4432,107828,113356
4433,107817,113318
4434,107828,113303
4435,107814,113274
4436,107790,113267
4437,107771,113244
4438,107773,113222
4439,107764,113236
4440,107767,113242
4441,107783,113264
4442,107788,113273
4443,107792,113300
4444,107805,113297
4445,107803,113338
4446,107797,113344
4447,107814,113346
4448,107832,113339
4449,107827,113319
4450,107843,113339
4451,107841,113346
4452,107830,113344
4453,107844,113369
4454,107846,113396
4455,107844,113395
4456,107854,113385
4457,107854,113419
4458,107869,113429
4459,107878,113454
4460,107876,113463
4461,107898,113486
4462,107920,113496
4463,107913,113506
4464,107905,113566
4465,107934,113570
4466,107923,113599
4467,107946,113622
4468,107975,113643
4469,107973,113672
4470,107965,113668
4471,107984,113699
4472,108003,113730
4473,107997,113731
4474,108007,113770
4475,108029,113803
4476,108020,113802
4477,108020,113814
4478,108054,113859
4479,108080,113876
4480,108077,113898
4481,108089,113894
4482,108085,113920
4483,108094,113922
4484,108107,113945
4485,108100,113975
4486,108118,113975
4487,108132,113998
4488,108124,114009
4489,108114,114014
4490,108141,114044
4491,108143,114065
4492,108138,114082
4493,108172,114086
4494,108180,114139
4495,108179,114126
4496,108175,114161
4497,108192,114182
4498,108197,114200
4499,108201,114220
4500,108212,114220
4501,108208,114225
4502,108192,114189
4503,108179,114106
4504,108131,114040
4505,108098,113961
4506,108057,113921
4507,108034,113820
4508,108012,113770
4509,107994,113715
4510,107963,113669
4511,107949,113620
4512,107920,113580
4513,107918,113533
4514,107892,113525
4515,107865,113471
4516,107826,113437
4517,107826,113409
4518,107825,113370
4519,107800,113328
4520,107782,113313
4521,107794,113286
4522,107768,113283
4523,107760,113272
4524,107769,113283
4525,107780,113286
4526,107779,113305
4527,107770,113323
4528,107767,113343
4529,107788,113339
4530,107786,113339
4531,107814,113342
4532,107823,113388
4533,107784,113363
4534,107800,113370
4535,107806,113381
4536,107818,113405
4537,107815,113418
4538,107821,113410
4539,107817,113436
4540,107821,113449
4541,107855,113467
4542,107865,113468
4543,107867,113480
4544,107841,113486
4545,107848,113507
4546,107845,113524
4547,107882,113515
4548,107887,113537
4549,107882,113549
4550,107879,113570
4551,107906,113612
4552,107922,113605
4553,107904,113648
4554,107933,113678
4555,107935,113698
4556,107949,113718
4557,107984,113745
4558,107973,113728
4559,107991,113753
4560,107979,113786
4561,108001,113791
4562,108015,113814
4563,108027,113846
4564,108014,113859
4565,108026,113874
4566,108045,113876
4567,108057,113895
4568,108053,113916
4569,108081,113936
4570,108081,113964
4571,108082,113996
4572,108074,114019
4573,108111,114038
4574,108120,114036
4575,108110,114063
4576,108111,114075
4577,108140,114079
4578,108128,114107
4579,108121,114114
4580,108125,114140
4581,108169,114137
4582,108163,114131
4583,108127,114096
4584,108097,114042
4585,108084,113995
4586,108057,113907
4587,107989,113824
4588,107953,113729
4589,107935,113648
4590,107901,113578
4591,107866,113515
4592,107836,113458
4593,107824,113372
4594,107782,113330
4595,107758,113258
4596,107761,113228
4597,107721,113170
4598,107693,113129
4599,107686,113095
4600,107667,113051
4601,107651,113014
4602,107629,112992
4603,107648,112985
4604,107623,112951
4605,107612,112970
4606,107614,112973
4607,107617,112963
4608,107616,113002
4609,107646,113021
4610,107672,113056
4611,107644,113048
4612,107650,113038
4613,107660,113047
4614,107639,113052
4615,107643,113037
4616,107673,113031
4617,107638,113044
4618,107665,113035
4619,107646,113039
4620,107644,113045
4621,107631,113045
4622,107658,113075
4623,107655,113088
4624,107689,113093
4625,107680,113116
4626,107676,113135
4627,107694,113151
4628,107709,113181
4629,107711,113195
4630,107740,113228
4631,107730,113239
4632,107746,113266
4633,107751,113302
4634,107764,113342
4635,107778,113347
4636,107798,113399
4637,107818,113418
4638,107837,113437
4639,107848,113476
4640,107840,113495
4641,107849,113494
4642,107837,113509
4643,107854,113513
4644,107850,113519
4645,107871,113543
4646,107877,113552
4647,107895,113567
4648,107905,113586
4649,107901,113600
4650,107909,113595
4651,107903,113620
4652,107920,113665
4653,107918,113684
4654,107916,113698
4655,107940,113698
4656,107952,113743
4657,107958,113763
4658,107981,113770
4659,107984,113810
4660,107996,113839
4661,108015,113877
4662,108025,113874
4663,108025,113902
4664,108038,113874
4665,108006,113854
4666,108002,113821
4667,107969,113749
4668,107961,113645
4669,107921,113605
4670,107884,113503
4671,107836,113394
4672,107807,113351
4673,107798,113287
4674,107760,113239
4675,107734,113187
4676,107718,113144
4677,107687,113098
4678,107671,113039
4679,107658,113006
4680,107633,112959
4681,107613,112911
4682,107600,112891
4683,107579,112848
4684,107539,112843
4685,107551,112822
4686,107565,112822
4687,107554,112814
4688,107567,112831
4689,107571,112866
4690,107558,112865
4691,107566,112860
4692,107568,112900
4693,107584,112913
4694,107618,112931
4695,107625,112966
4696,107627,112952
4697,107642,112978
4698,107623,112987
4699,107639,112984
4700,107627,112955
4701,107636,113002
4702,107657,113040
4703,107645,113022
4704,107653,113052
4705,107686,113083
4706,107679,113133
4707,107680,113144
4708,107702,113174
4709,107721,113195
4710,107737,113197
4711,107736,113235
4712,107766,113261
4713,107789,113305
4714,107809,113333
4715,107786,113383
4716,107815,113398
4717,107818,113427
4718,107852,113467
4719,107859,113468
4720,107865,113501
4721,107884,113542
4722,107898,113581
4723,107896,113592
4724,107935,113596
4725,107904,113632
4726,107945,113650
4727,107941,113649
4728,107933,113698
4729,107932,113703
4730,107980,113727
4731,107975,113765
4732,107996,113780
4733,108001,113813
4734,108010,113849
4735,108012,113862
4736,108034,113891
4737,108050,113900
4738,108058,113946
4739,108050,113948
4740,108063,113969
4741,108092,113986
4742,108095,114018
4743,108098,114037
4744,108079,114033
4745,108108,114025
4746,108054,113977
4747,108051,113940
4748,108022,113868
4749,107978,113804
4750,107982,113725
4751,107949,113637
4752,107916,113610
4753,107887,113548
4754,107863,113485
4755,107841,113472
4756,107821,113424
4757,107841,113371
4758,107801,113376
4759,107779,113337
4760,107800,113315
4761,107774,113277
4762,107746,113254
4763,107721,113237
4764,107734,113229
4765,107708,113201
4766,107721,113183
4767,107743,113227
4768,107738,113231
4769,107733,113240
4770,107749,113276
4771,107753,113285
4772,107769,113286
4773,107776,113317
4774,107761,113320
4775,107792,113316
4776,107775,113327
4777,107785,113344
4778,107826,113352
4779,107798,113353
4780,107802,113355
4781,107802,113362
4782,107821,113396
4783,107813,113394
4784,107831,113406
4785,107843,113419
4786,107845,113438
4787,107844,113463
4788,107875,113515
4789,107878,113514
4790,107891,113554
4791,107893,113561
4792,107906,113594
4793,107923,113590
4794,107919,113629
4795,107929,113673
4796,107950,113691
4797,107981,113712
4798,107975,113716
4799,107966,113746
4800,107984,113751
4801,107991,113768
4802,108004,113799
4803,108011,113837
4804,108022,113807
4805,108024,113859
4806,108047,113826
4807,108040,113876
4808,108036,113886
4809,108043,113908
4810,108037,113928
4811,108083,113937
4812,108081,113931
4813,108066,113980
4814,108075,113997
4815,108094,113980
4816,108107,114029
4817,108122,114047
4818,108128,114079
4819,108128,114096
4820,108128,114093
4821,108162,114134
4822,108160,114118
4823,108146,114101
4824,108114,114049
4825,108079,113987
4826,108059,113915
4827,108050,113865
4828,107998,113769
4829,107960,113702
4830,107949,113638
4831,107911,113572
4832,107888,113533
4833,107872,113472
4834,107838,113440
4835,107836,113388
4836,107806,113351
4837,107802,113320
4838,107777,113294
4839,107746,113264
4840,107732,113243
4841,107741,113219
4842,107702,113206
4843,107705,113173
4844,107719,113187
4845,107725,113187
4846,107728,113209
4847,107732,113184
4848,107723,113212
4849,107748,113264
4850,107739,113250
4851,107730,113259
4852,107746,113250
4853,107753,113241
4854,107738,113248
4855,107726,113263
4856,107742,113247
4857,107754,113250
4858,107743,113271
4859,107723,113260
4860,107743,113290
4861,107741,113285
4862,107762,113283
4863,107747,113317
4864,107782,113325
4865,107782,113364
4866,107800,113395
4867,107813,113393
4868,107816,113409
4869,107818,113430
4870,107829,113459
4871,107844,113476
4872,107874,113541
4873,107873,113507
4874,107871,113571
4875,107868,113553
4876,107888,113611
4877,107898,113603
4878,107913,113634
4879,107938,113656
4880,107926,113679
4881,107942,113708
4882,107966,113717
4883,107943,113710
4884,107961,113731
4885,107974,113726
4886,107986,113759
4887,107992,113768
4888,108002,113792
4889,108026,113798
4890,108004,113831
4891,108017,113852
4892,108029,113871
4893,108038,113859
4894,108044,113899
4895,108051,113921
4896,108068,113933
4897,108075,113950
4898,108080,113973
4899,108071,113945
4900,108061,113917
4901,108028,113865
4902,107989,113785
4903,107989,113707
4904,107920,113606
4905,107891,113528
4906,107866,113446
4907,107828,113375
4908,107776,113288
4909,107758,113211
4910,107738,113160
4911,107704,113104
4912,107683,113069
4913,107650,113004
4914,107618,112937
4915,107624,112928
4916,107595,112886
4917,107581,112835
4918,107556,112788
4919,107561,112780
4920,107541,112761
4921,107528,112747
4922,107545,112751
4923,107533,112741
4924,107539,112773
4925,107549,112772
4926,107556,112790
4927,107558,112794
4928,107558,112816
4929,107564,112819
4930,107566,112821
4931,107568,112831
4932,107577,112816
4933,107577,112825
4934,107574,112832
4935,107568,112829
4936,107598,112826
4937,107575,112846
4938,107588,112877
4939,107602,112909
4940,107631,112902
4941,107611,112917
4942,107665,112976
4943,107645,112966
4944,107660,112979
4945,107652,113017
4946,107683,113049
4947,107699,113079
4948,107703,113108
4949,107704,113131
4950,107734,113146
4951,107749,113152
4952,107738,113187
4953,107730,113192
4954,107774,113236
4955,107784,113259
4956,107785,113265
4957,107792,113301
4958,107791,113306
4959,107805,113333
4960,107843,113362
4961,107840,113388
4962,107834,113393
4963,107837,113398
4964,107863,113423
4965,107868,113445
4966,107863,113476
4967,107887,113507
4968,107879,113490
4969,107900,113508
4970,107905,113543
4971,107904,113567
4972,107907,113559
4973,107921,113565
4974,107944,113617
4975,107941,113617
4976,107954,113633
4977,107937,113612
4978,107910,113572
4979,107904,113506
4980,107858,113410
4981,107840,113335
4982,107785,113245
4983,107747,113126
4984,107719,113053
4985,107662,112958
4986,107637,112890
4987,107584,112832
4988,107589,112784
4989,107532,112727
4990,107536,112654
4991,107492,112600
4992,107496,112563
4993,107459,112513
4994,107430,112463
4995,107427,112437
4996,107417,112406
4997,107390,112401
4998,107413,112368
4999,107425,112389
5000,107420,112401
5001,107437,112402
5002,107433,112432
5003,107437,112485
5004,107458,112483
5005,107476,112521
5006,107480,112487
5007,107461,112512
5008,107502,112537
5009,107493,112524
5010,107485,112521
5011,107495,112557
5012,107484,112552
5013,107511,112571
5014,107515,112614
5015,107546,112610
5016,107532,112627
5017,107558,112658
5018,107569,112679
5019,107583,112713
5020,107577,112739
5021,107589,112771
5022,107600,112793
5023,107638,112857
5024,107648,112841
5025,107660,112908
5026,107679,112947
5027,107715,112973
5028,107710,112978
5029,107730,113031
5030,107757,113061
5031,107753,113078
5032,107770,113091
5033,107776,113137
5034,107788,113149
5035,107810,113215
5036,107807,113195
5037,107807,113258
5038,107802,113234
5039,107857,113284
5040,107864,113283
5041,107859,113317
5042,107873,113348
5043,107872,113355
5044,107874,113382
5045,107908,113396
5046,107906,113430
5047,107923,113445
5048,107936,113468
5049,107948,113503
5050,107942,113534
5051,107977,113552
5052,107984,113567
5053,107977,113580
5054,108020,113635
5055,107997,113627
5056,108017,113611
5057,107985,113590
5058,107965,113505
5059,107907,113453
5060,107902,113357
5061,107848,113292
5062,107841,113190
5063,107782,113127
5064,107783,113058
5065,107725,113006
5066,107704,112957
5067,107678,112879
5068,107692,112887
5069,107644,112818
5070,107634,112776
5071,107595,112718
5072,107593,112705
5073,107578,112658
5074,107571,112658
5075,107545,112607
5076,107552,112595
5077,107553,112590
5078,107561,112606
5079,107572,112610
5080,107573,112644
5081,107568,112690
5082,107580,112683
5083,107590,112726
5084,107597,112731
5085,107623,112740
5086,107619,112734
5087,107614,112748
5088,107608,112739
5089,107634,112771
5090,107620,112761
5091,107616,112801
5092,107627,112793
5093,107638,112837
5094,107655,112829
5095,107669,112858
5096,107685,112888
5097,107705,112916
5098,107707,112949
5099,107735,112984
5100,107743,113005
5101,107736,113031
5102,107744,113049
5103,107791,113093
5104,107784,113103
5105,107783,113131
5106,107827,113163
5107,107837,113201
5108,107839,113230
5109,107832,113228
5110,107851,113231
5111,107877,113275
5112,107872,113294
5113,107870,113303
5114,107873,113302
5115,107900,113332
5116,107894,113343
5117,107906,113360
5118,107942,113394
5119,107938,113402
5120,107934,113428
5121,107943,113434
5122,107954,113427
5123,107928,113455
5124,107956,113491
5125,107948,113499
5126,107973,113516
5127,107978,113515
5128,107988,113561
5129,108007,113584
5130,108029,113607
5131,108003,113602
5132,108003,113583
5133,108004,113564
5134,107955,113475
5135,107944,113448
5136,107896,113333
5137,107881,113249
5138,107827,113163
5139,107810,113135
5140,107772,113020
5141,107752,112986
5142,107739,112908
5143,107697,112862
5144,107678,112796
5145,107641,112760
5146,107634,112706
5147,107617,112661
5148,107587,112613
5149,107582,112593
5150,107559,112556
5151,107548,112535
5152,107528,112504
5153,107542,112503
5154,107538,112516
5155,107546,112527
5156,107554,112567
5157,107546,112574
5158,107567,112605
5159,107573,112615
5160,107570,112626
5161,107591,112619
5162,107588,112651
5163,107589,112642
5164,107567,112634
5165,107591,112642
5166,107571,112656
5167,107575,112671
5168,107606,112671
5169,107586,112660
5170,107616,112691
5171,107614,112707
5172,107629,112731
5173,107613,112772
5174,107645,112779
5175,107666,112793
5176,107663,112845
5177,107654,112860
5178,107686,112885
5179,107697,112915
5180,107707,112951
5181,107718,113004
5182,107728,113008
5183,107747,113045
5184,107759,113056
5185,107786,113097
5186,107791,113098
5187,107777,113146
5188,107801,113153
5189,107827,113188
5190,107841,113188
5191,107844,113233
5192,107836,113251
5193,107841,113264
5194,107839,113282
5195,107852,113291
5196,107879,113320
5197,107876,113303
5198,107891,113334
5199,107888,113363
5200,107902,113387
5201,107887,113406
5202,107913,113414
5203,107937,113442
5204,107949,113477
5205,107951,113494
5206,107941,113465
5207,107950,113462
5208,107940,113430
5209,107908,113379
5210,107864,113306
5211,107860,113221
5212,107825,113134
5213,107763,113045
5214,107724,112982
5215,107699,112865
5216,107662,112793
5217,107642,112713
5218,107602,112657
5219,107580,112604
5220,107543,112513
5221,107538,112456
5222,107512,112438
5223,107471,112360
5224,107455,112319
5225,107420,112285
5226,107394,112246
5227,107419,112221
5228,107389,112187
5229,107372,112173
5230,107387,112177
5231,107384,112205
5232,107403,112237
5233,107426,112262
5234,107421,112281
5235,107464,112284
5236,107421,112324
5237,107454,112353
5238,107471,112338
5239,107455,112346
5240,107432,112337
5241,107461,112343
5242,107462,112371
5243,107468,112381
5244,107457,112387
5245,107477,112391
5246,107467,112411
5247,107495,112424
5248,107516,112462
5249,107515,112467
5250,107523,112500
5251,107519,112513
5252,107552,112563
5253,107578,112583
5254,107591,112610
5255,107624,112651
5256,107613,112675
5257,107641,112732
5258,107658,112781
5259,107677,112819
5260,107678,112829
5261,107698,112857
5262,107716,112888
5263,107717,112905
5264,107729,112920
5265,107736,112953
5266,107744,112968
5267,107748,112979
5268,107758,112991
5269,107766,113002
5270,107759,113010
5271,107758,113011
5272,107772,113050
5273,107780,113064
5274,107799,113090
5275,107777,113094
5276,107807,113099
5277,107827,113133
5278,107855,113159
5279,107807,113169
5280,107851,113199
5281,107841,113195
5282,107829,113222
5283,107827,113203
5284,107831,113194
5285,107821,113148
5286,107772,113068
5287,107747,113017
5288,107737,112908
5289,107665,112795
5290,107637,112705
5291,107597,112628
5292,107548,112542
5293,107515,112469
5294,107492,112382
5295,107450,112334
5296,107429,112263
5297,107386,112204
5298,107368,112154
5299,107367,112102
5300,107335,112041
5301,107329,112021
5302,107310,111989
5303,107300,111948
5304,107273,111950
5305,107267,111938
5306,107284,111954
5307,107303,111973
5308,107286,112016
5309,107298,112047
5310,107310,112070
5311,107350,112090
5312,107347,112111
5313,107348,112129
5314,107367,112139
5315,107380,112162
5316,107397,112151
5317,107381,112167
5318,107385,112181
5319,107404,112187
5320,107406,112211
5321,107427,112221
5322,107424,112249
5323,107441,112254
5324,107458,112294
5325,107483,112325
5326,107466,112368
5327,107494,112371
5328,107501,112411
5329,107509,112422
5330,107532,112449
5331,107562,112477
5332,107567,112531
5333,107584,112560
5334,107595,112575
5335,107609,112619
5336,107606,112650
5337,107637,112677
5338,107638,112694
5339,107646,112720
5340,107686,112745
5341,107693,112760
5342,107683,112796
5343,107687,112814
5344,107708,112831
5345,107732,112890
5346,107752,112911
5347,107742,112917
5348,107765,112945
5349,107773,112986
5350,107770,113007
5351,107798,113031
5352,107794,113044
5353,107815,113092
5354,107804,113083
5355,107808,113124
5356,107840,113141
5357,107845,113177
5358,107869,113192
5359,107881,113219
5360,107877,113225
5361,107893,113217
5362,107854,113124
5363,107793,112988
5364,107728,112799
5365,107643,112660
5366,107566,112479
5367,107488,112287
5368,107394,112154
5369,107353,112007
5370,107267,111876
5371,107233,111797
5372,107194,111704
5373,107181,111665
5374,107179,111704
5375,107173,111650
5376,107158,111660
5377,107181,111670
5378,107185,111686
5379,107189,111679
5380,107216,111704
5381,107220,111715
5382,107243,111732
5383,107230,111784
5384,107267,111814
5385,107284,111873
5386,107300,111917
5387,107328,111984
5388,107360,112049
5389,107374,112074
5390,107408,112137
5391,107400,112151
5392,107437,112176
5393,107426,112187
5394,107452,112187
5395,107459,112213
5396,107471,112230
5397,107458,112246
5398,107485,112276
5399,107479,112284
5400,107543,112326
5401,107513,112344
5402,107529,112377
5403,107556,112438
5404,107546,112447
5405,107586,112498
5406,107618,112528
5407,107612,112571
5408,107637,112627
5409,107655,112640
5410,107676,112696
5411,107710,112723
5412,107718,112782
5413,107722,112797
5414,107763,112845
5415,107764,112890
5416,107773,112895
5417,107807,112922
5418,107801,112968
5419,107817,112970
5420,107817,113017
5421,107841,113050
5422,107834,113059
5423,107857,113100
5424,107879,113130
5425,107887,113162
5426,107910,113195
5427,107909,113232
5428,107921,113247
5429,107934,113257
5430,107928,113276
5431,107964,113329
5432,107986,113369
5433,107995,113383
5434,108000,113404
5435,108016,113422
5436,108028,113448
5437,108030,113454
5438,108021,113441
5439,108011,113418
5440,107994,113364
5441,107977,113270
5442,107935,113162
5443,107844,113046
5444,107800,112950
5445,107772,112830
5446,107742,112760
5447,107702,112692
5448,107669,112602
5449,107653,112541
5450,107610,112481
5451,107627,112450
5452,107573,112415
5453,107561,112404
5454,107557,112366
5455,107535,112335
5456,107538,112299
5457,107525,112297
5458,107526,112261
5459,107515,112270
5460,107486,112278
5461,107499,112299
5462,107532,112297
5463,107514,112326
5464,107555,112343
5465,107548,112367
5466,107563,112373
5467,107543,112405
5468,107554,112401
5469,107574,112390
5470,107565,112420
5471,107571,112439
5472,107574,112461
5473,107595,112455
5474,107601,112499
5475,107623,112516
5476,107644,112539
5477,107623,112545
5478,107641,112572
5479,107647,112571
5480,107649,112597
5481,107658,112621
5482,107675,112660
5483,107669,112665
5484,107685,112689
5485,107709,112734
5486,107729,112730
5487,107710,112786
5488,107777,112814
5489,107747,112862
5490,107806,112913
5491,107800,112922
5492,107808,112973
5493,107804,112976
5494,107838,113027
5495,107861,113058
5496,107853,113056
5497,107845,113071
5498,107870,113099
5499,107854,113084
5500,107872,113113
5501,107861,113118
5502,107891,113134
5503,107869,113151
5504,107888,113159
5505,107883,113165
5506,107878,113161
5507,107891,113182
5508,107905,113219
5509,107902,113221
5510,107921,113251
5511,107943,113282
5512,107939,113293
5513,107955,113323
5514,107968,113325
5515,107960,113327
5516,107934,113284
5517,107921,113219
5518,107877,113140
5519,107843,113030
5520,107790,112900
5521,107708,112771
5522,107678,112685
5523,107630,112558
5524,107586,112501
5525,107581,112449
5526,107527,112375
5527,107524,112326
5528,107474,112267
5529,107460,112237
5530,107458,112170
5531,107406,112146
5532,107419,112116
5533,107408,112109
5534,107402,112092
5535,107396,112060
5536,107381,112090
5537,107370,112034
5538,107395,112057
5539,107407,112085
5540,107432,112118
5541,107421,112145
5542,107416,112173
5543,107441,112190
5544,107439,112211
5545,107442,112178
5546,107428,112200
5547,107427,112227
5548,107451,112208
5549,107497,112240
5550,107476,112217
5551,107463,112260
5552,107490,112269
5553,107479,112265
5554,107492,112270
5555,107516,112332
5556,107514,112327
5557,107519,112358
5558,107536,112376
5559,107533,112407
5560,107551,112443
5561,107565,112464
5562,107575,112475
5563,107585,112511
5564,107609,112543
5565,107609,112559
5566,107608,112600
5567,107662,112650
5568,107672,112657
5569,107686,112701
5570,107694,112697
5571,107697,112729
5572,107703,112790
5573,107710,112813
5574,107748,112832
5575,107746,112859
5576,107741,112877
5577,107772,112905
5578,107760,112905
5579,107771,112947
5580,107772,112955
5581,107809,112949
5582,107822,113008
5583,107799,113005
5584,107813,113048
5585,107838,113073
5586,107859,113090
5587,107831,113110
5588,107879,113165
5589,107871,113157
5590,107896,113192
5591,107891,113176
5592,107881,113187
5593,107905,113246
5594,107917,113267
5595,107918,113258
5596,107898,113231
5597,107866,113133
5598,107845,113048
5599,107777,112936
5600,107753,112818
5601,107697,112715
5602,107654,112609
5603,107626,112506
5604,107561,112432
5605,107522,112357
5606,107492,112288
5607,107482,112227
5608,107428,112188
5609,107418,112093
5610,107376,112066
5611,107371,111992
5612,107338,111969
5613,107352,111946
5614,107320,111938
5615,107302,111886
5616,107313,111876
5617,107304,111872
5618,107298,111874
5619,107271,111893
5620,107307,111911
5621,107333,111954
5622,107353,112005
5623,107360,112018
5624,107377,112045
5625,107380,112071
5626,107388,112070
5627,107367,112084
5628,107373,112090
5629,107392,112110
5630,107412,112117
5631,107434,112125
5632,107405,112138
5633,107437,112165
5634,107425,112185
5635,107453,112197
5636,107427,112239
5637,107454,112275
5638,107461,112304
5639,107472,112305
5640,107512,112368
5641,107518,112378
5642,107544,112432
5643,107530,112443
5644,107553,112466
5645,107546,112514
5646,107576,112536
5647,107586,112569
5648,107620,112592
5649,107610,112604
5650,107646,112667
5651,107633,112659
5652,107655,112712
5653,107679,112729
5654,107689,112750
5655,107685,112782
5656,107698,112810
5657,107673,112837
5658,107748,112850
5659,107742,112874
5660,107750,112888
5661,107766,112916
5662,107781,112934
5663,107780,112961
5664,107776,112993
5665,107800,113010
5666,107819,113036
5667,107847,113056
5668,107841,113090
5669,107856,113110
5670,107860,113154
5671,107859,113164
5672,107886,113199
5673,107878,113218
5674,107897,113226
5675,107933,113282
5676,107914,113277
5677,107936,113268
5678,107900,113269
5679,107890,113215
5680,107857,113148
5681,107829,113044
5682,107783,112936
5683,107750,112868
5684,107692,112760
5685,107670,112682
5686,107624,112617
5687,107605,112537
5688,107578,112486
5689,107544,112410
5690,107527,112403
5691,107508,112322
5692,107482,112277
5693,107462,112232
5694,107460,112206
5695,107424,112191
5696,107439,112153
5697,107426,112149
5698,107421,112135
5699,107399,112136
5700,107423,112172
5701,107441,112199
5702,107438,112211
5703,107472,112243
5704,107474,112294
5705,107491,112328
5706,107510,112370
5707,107512,112347
5708,107513,112346
5709,107525,112380
5710,107541,112373
5711,107528,112396
5712,107532,112429
5713,107546,112444
5714,107549,112453
5715,107554,112465
5716,107556,112468
5717,107568,112505
5718,107593,112515
5719,107595,112539
5720,107616,112590
5721,107614,112616
5722,107629,112639
5723,107645,112679
5724,107646,112704
5725,107694,112743
5726,107679,112741
5727,107685,112805
5728,107724,112837
5729,107723,112877
5730,107733,112901
5731,107755,112938
5732,107757,112952
5733,107807,112990
5734,107802,113022
5735,107821,113051
5736,107815,113071
5737,107816,113099
5738,107845,113087
5739,107851,113119
5740,107864,113129
5741,107857,113165
5742,107887,113197
5743,107871,113215
5744,107907,113246
5745,107873,113259
5746,107907,113265
5747,107899,113289
5748,107920,113309
5749,107922,113319
5750,107929,113335
5751,107967,113375
5752,107964,113385
5753,107979,113434
5754,107977,113425
5755,107996,113473
5756,107996,113495
5757,108012,113527
5758,108029,113527
5759,108013,113491
5760,107961,113429
5761,107950,113380
5762,107919,113289
5763,107882,113195
5764,107849,113088
5765,107797,113019
5766,107748,112922
5767,107713,112871
5768,107707,112813
5769,107682,112757
5770,107645,112705
5771,107645,112665
5772,107617,112619
5773,107606,112569
5774,107591,112519
5775,107559,112510
5776,107546,112500
5777,107563,112487
5778,107546,112457
5779,107564,112452
5780,107540,112478
5781,107548,112486
5782,107541,112516
5783,107575,112533
5784,107572,112532
5785,107601,112559
5786,107614,112594
5787,107586,112574
5788,107593,112611
5789,107598,112587
5790,107605,112597
5791,107597,112632
5792,107601,112618
5793,107597,112641
5794,107609,112641
5795,107615,112655
5796,107626,112660
5797,107634,112691
5798,107650,112738
5799,107659,112757
5800,107679,112779
5801,107691,112789
5802,107699,112840
5803,107702,112858
5804,107723,112859
5805,107721,112924
5806,107741,112937
5807,107754,112975
5808,107762,113000
5809,107743,113005
5810,107804,113036
5811,107786,113052
5812,107818,113075
5813,107843,113106
5814,107843,113111
5815,107834,113138
5816,107832,113145
5817,107845,113168
5818,107871,113190
5819,107586,112574
5820,107845,113223
5821,107871,113243
5822,107887,113248
5823,107890,113256
5824,107895,113286
5825,107890,113303
5826,107925,113318
5827,107912,113351
5828,107921,113346
5829,107926,113362
5830,107940,113393
5831,107967,113426
5832,107959,113439
5833,107950,113471
5834,107978,113507
5835,107970,113523
5836,107992,113537
5837,107981,113489
5838,107983,113472
5839,107919,113415
5840,107955,113356
5841,107883,113264
5842,107834,113155
5843,107802,113072
5844,107734,112963
5845,107712,112909
5846,107686,112825
5847,107667,112775
5848,107629,112701
5849,107615,112662
5850,107590,112612
5851,107565,112547
5852,107545,112496
5853,107498,112485
5854,107520,112435
5855,107483,112416
5856,107471,112371
5857,107442,112357
5858,107446,112345
5859,107474,112342
5860,107444,112374
5861,107458,112362
5862,107461,112398
5863,107500,112421
5864,107466,112437
5865,107491,112454
5866,107497,112477
5867,107501,112490
5868,107507,112492
5869,107515,112501
5870,107508,112485
5871,107534,112508
5872,107505,112515
5873,107511,112521
5874,107529,112540
5875,107541,112536
5876,107561,112594
5877,107548,112583
5878,107537,112601
5879,107578,112644
5880,107592,112651
5881,107601,112696
5882,107608,112714
5883,107623,112757
5884,107629,112767
5885,107647,112781
5886,107644,112813
5887,107669,112860
5888,107686,112898
5889,107704,112901
5890,107707,112919
5891,107732,112962
5892,107759,113003
5893,107763,113028
5894,107748,113041
5895,107784,113058
5896,107786,113082
5897,107797,113120
5898,107795,113120
5899,107811,113135
5900,107818,113169
5901,107825,113166
5902,107821,113204
5903,107832,113190
5904,107842,113238
5905,107857,113253
5906,107872,113283
5907,107894,113285
5908,107880,113302
5909,107875,113313
5910,107909,113359
5911,107896,113379
5912,107914,113393
5913,107927,113423
5914,107928,113441
5915,107951,113495
5916,107963,113455
5917,107935,113463
5918,107918,113413
5919,107911,113359
5920,107849,113275
5921,107849,113179
5922,107775,113092
5923,107741,112962
5924,107701,112874
5925,107662,112790
5926,107623,112716
5927,107593,112653
5928,107588,112588
5929,107544,112547
5930,107509,112497
5931,107502,112448
5932,107473,112387
5933,107457,112352
5934,107443,112307
5935,107406,112278
5936,107412,112254
5937,107395,112238
5938,107390,112232
5939,107390,112208
5940,107404,112226
5941,107393,112233
5942,107414,112264
5943,107410,112275
5944,107460,112334
5945,107419,112325
5946,107417,112343
5947,107464,112375
5948,107458,112377
5949,107460,112383
5950,107441,112391
5951,107449,112397
5952,107461,112411
5953,107470,112433
5954,107470,112426
5955,107478,112442
5956,107476,112459
5957,107474,112494
5958,107512,112513
5959,107499,112542
5960,107512,112561
5961,107534,112577
5962,107563,112623
5963,107571,112655
5964,107568,112669
5965,107594,112693
5966,107605,112716
5967,107602,112738
5968,107633,112807
5969,107639,112791
5970,107657,112859
5971,107653,112853
5972,107683,112881
5973,107700,112907
5974,107717,112956
5975,107732,112973
5976,107704,112995
5977,107732,112999
5978,107709,113020
5979,107724,113040
5980,107742,113068
5981,107767,113069
5982,107758,113091
5983,107766,113116
5984,107782,113139
5985,107793,113151
5986,107812,113145
5987,107803,113209
5988,107831,113228
5989,107817,113227
5990,107835,113248
5991,107848,113292
5992,107854,113288
5993,107847,113300
5994,107861,113344
5995,107893,113371
5996,107907,113402
5997,107916,113412
5998,107906,113422
5999,107910,113421
6000,107893,113384
6001,107877,113304
6002,107824,113235
6003,107824,113159
6004,107753,113038
6005,107715,112927
6006,107701,112834
6007,107642,112772
6008,107594,112702
6009,107575,112630
6010,107538,112569
6011,107535,112537
6012,107508,112473
6013,107491,112428
6014,107458,112368
6015,107461,112362
6016,107413,112307
6017,107396,112283
6018,107402,112246
6019,107383,112253
6020,107382,112247
6021,107366,112242
6022,107407,112239
6023,107409,112327
6024,107442,112357
6025,107457,112400
6026,107445,112418
6027,107475,112448
6028,107484,112468
6029,107484,112488
6030,107509,112507
6031,107511,112528
6032,107511,112532
6033,107532,112557
6034,107519,112565
6035,107536,112591
6036,107557,112602
6037,107525,112606
6038,107581,112644
6039,107565,112660
6040,107594,112702
6041,107619,112723
6042,107611,112752
6043,107602,112751
6044,107641,112794
6045,107632,112844
6046,107674,112860
6047,107646,112872
6048,107702,112903
6049,107709,112955
6050,107720,112972
6051,107722,112995
6052,107730,113044
6053,107751,113076
6054,107755,113093
6055,107768,113106
6056,107756,113126
6057,107797,113136
6058,107769,113181
6059,107783,113173
6060,107805,113191
6061,107800,113206
6062,107829,113222
6063,107809,113232
6064,107815,113232
6065,107827,113249
6066,107829,113235
6067,107848,113273
6068,107842,113308
6069,107853,113309
6070,107842,113346
6071,107860,113358
6072,107892,113367
6073,107903,113408
6074,107888,113407
6075,107891,113425
6076,107889,113431
6077,107922,113465
6078,107906,113481
6079,107919,113500
6080,107924,113480
6081,107919,113504
6082,107910,113457
6083,107873,113359
6084,107842,113261
6085,107798,113166
6086,107731,113063
6087,107728,112978
6088,107682,112904
6089,107653,112832
6090,107637,112756
6091,107575,112699
6092,107578,112672
6093,107548,112630
6094,107554,112598
6095,107504,112583
6096,107523,112541
6097,107498,112524
6098,107517,112510
6099,107491,112524
6100,107500,112516
6101,107483,112538
6102,107511,112552
6103,107506,112602
6104,107532,112596
6105,107554,112632
6106,107577,112681
6107,107586,112713
6108,107595,112731
6109,107607,112771
6110,107605,112758
6111,107605,112765
6112,107621,112775
6113,107615,112778
6114,107618,112789
6115,107618,112782
6116,107637,112816
6117,107628,112819
6118,107622,112802
6119,107649,112829
6120,107655,112833
6121,107634,112883
6122,107671,112875
6123,107664,112912
6124,107680,112936
6125,107679,112928
6126,107711,112961
6127,107701,112977
6128,107722,112998
6129,107717,113025
6130,107755,113060
6131,107754,113065
6132,107757,113106
6133,107770,113131
6134,107774,113161
6135,107814,113171
6136,107796,113158
6137,107803,113188
6138,107829,113225
6139,107815,113214
6140,107813,113220
6141,107827,113233
6142,107823,113263
6143,107829,113278
6144,107859,113310
6145,107837,113299
6146,107859,113305
6147,107867,113340
6148,107875,113355
6149,107880,113372
6150,107897,113420
6151,107900,113420
6152,107912,113456
6153,107906,113452
6154,107932,113479
6155,107935,113512
6156,107954,113521
6157,107972,113564
6158,107958,113568
6159,107970,113564
6160,107959,113538
6161,107927,113520
6162,107909,113427
6163,107868,113365
6164,107861,113257
6165,107798,113147
6166,107740,113072
6167,107727,112993
6168,107670,112903
6169,107645,112846
6170,107612,112795
6171,107599,112731
6172,107579,112693
6173,107535,112638
6174,107569,112605
6175,107519,112553
6176,107486,112530
6177,107487,112503
6178,107492,112455
6179,107459,112460
6180,107458,112421
6181,107449,112428
6182,107463,112447
6183,107440,112449
6184,107464,112454
6185,107468,112467
6186,107486,112511
6187,107513,112532
6188,107475,112516
6189,107476,112540
6190,107480,112531
6191,107491,112528
6192,107485,112541
6193,107491,112527
6194,107498,112555
6195,107505,112567
6196,107503,112592
6197,107529,112606
6198,107522,112619
6199,107556,112645
6200,107531,112678
6201,107547,112698
6202,107597,112719
6203,107612,112745
6204,107600,112786
6205,107633,112830
6206,107642,112857
6207,107644,112878
6208,107658,112880
6209,107672,112927
6210,107692,112951
6211,107679,112953
6212,107713,113004
6213,107713,113006
6214,107737,113010
6215,107725,113032
6216,107753,113043
6217,107755,113085
6218,107771,113066
6219,107763,113117
6220,107798,113130
6221,107782,113172
6222,107810,113193
6223,107820,113202
6224,107844,113241
6225,107843,113268
6226,107846,113311
6227,107877,113331
6228,107890,113350
6229,107882,113389
6230,107894,113418
6231,107885,113438
6232,107914,113441
6233,107929,113485
6234,107936,113508
6235,107949,113517
6236,107940,113508
6237,107924,113493
6238,107919,113463
6239,107911,113425
6240,107856,113326
6241,107819,113232
6242,107770,113135
6243,107733,113041
6244,107705,112982
6245,107682,112863
6246,107654,112802
6247,107587,112733
6248,107596,112667
6249,107553,112611
6250,107535,112570
6251,107531,112549
6252,107502,112471
6253,107493,112429
6254,107454,112379
6255,107424,112349
6256,107844,113241
6257,107843,113268
6258,107389,112281
6259,107409,112251
6260,107391,112268
6261,107390,112260
6262,107400,112265
6263,107393,112297
6264,107425,112328
6265,107423,112348
6266,107448,112374
6267,107438,112409
6268,107454,112408
6269,107471,112440
6270,107446,112433
6271,107477,112463
6272,107476,112498
6273,107477,112510
6274,107482,112512
6275,107505,112535
6276,107507,112549
6277,107502,112578
6278,107524,112590
6279,107529,112603
6280,107556,112618
6281,107578,112652
6282,107574,112686
6283,107587,112733
6284,107597,112740
6285,107596,112764
6286,107621,112802
6287,107659,112839
6288,107636,112872
6289,107665,112903
6290,107708,112951
6291,107682,112986
6292,107707,113010
6293,107744,113055
6294,107779,113116
6295,107806,113151
6296,107790,113160
6297,107815,113194
6298,107800,113210
6299,107819,113206
6300,107829,113243
6301,107831,113269
6302,107852,113261
6303,107835,113271
6304,107861,113290
6305,107852,113336
6306,107867,113318
6307,107876,113362
6308,107883,113372
6309,107910,113368
6310,107910,113435
6311,107926,113431
6312,107952,113446
6313,107948,113498
6314,107936,113501
6315,107965,113526
6316,107959,113526
6317,107951,113519
6318,107956,113464
6319,107928,113408
6320,107892,113332
6321,107845,113232
6322,107806,113132
6323,107758,113047
6324,107731,112933
6325,107703,112898
6326,107679,112847
6327,107641,112801
6328,107658,112730
6329,107620,112693
6330,107595,112641
6331,107580,112649
6332,107560,112604
6333,107549,112575
6334,107560,112548
6335,107550,112549
6336,107571,112576
6337,107569,112585
6338,107581,112617
6339,107574,112622
6340,107599,112695
6341,107636,112748
6342,107657,112810
6343,107684,112878
6344,107694,112915
6345,107714,112999
6346,107746,113015
6347,107747,113028
6348,107762,113060
6349,107773,113042
6350,107779,113063
6351,107771,113058
6352,107764,113049
6353,107778,113052
6354,107754,113053
6355,107756,113075
6356,107766,113055
6357,107761,113037
6358,107748,113042
6359,107740,113021
6360,107763,113019
6361,107748,113036
6362,107738,113023
6363,107746,113015
6364,107738,113016
6365,107714,113013
6366,107733,113003
6367,107710,112979
6368,107701,112972
6369,107682,112945
6370,107711,112960
6371,107695,112965
6372,107702,112954
6373,107702,112978
6374,107709,113002
6375,107705,112993
6376,107729,113019
6377,107751,113023
6378,107747,113077
6379,107742,113103
6380,107765,113123
6381,107778,113160
6382,107786,113182
6383,107783,113215
6384,107821,113265
6385,107828,113312
6386,107851,113330
6387,107872,113382
6388,107868,113408
6389,107897,113454
6390,107925,113494
6391,107929,113490
6392,107938,113538
6393,107952,113561
6394,107992,113601
6395,107985,113628
6396,107984,113616
6397,107981,113609
6398,107968,113556
6399,107934,113475
6400,107899,113394
6401,107841,113283
