n,red,ir
936,100097,109261
937,100138,109241
938,100142,109230
939,100107,109222
940,100097,109198
941,100118,109172
942,100092,109175
943,100077,109149
944,100094,109150
945,100073,109145
946,100065,109123
947,100036,109114
948,100086,109151
949,100081,109146
950,100086,109192
951,100114,109208
952,100135,109250
953,100131,109286
954,100140,109277
955,100131,109309
956,100122,109309
957,100148,109280
958,100138,109316
959,100160,109299
960,100133,109286
961,100158,109312
962,100145,109325
963,100153,109324
964,100145,109337
965,100158,109362
966,100171,109368
967,100192,109386
968,100177,109420
969,100222,109454
970,100213,109475
971,100221,109492
972,100219,109498
973,100233,109546
974,100246,109561
975,100273,109593
976,100273,109606
977,100265,109628
978,100272,109655
979,100289,109674
980,100288,109687
981,100311,109716
982,100313,109748
983,100305,109750
984,100343,109769
985,100338,109779
986,100371,109802
987,100348,109799
988,100361,109840
989,100387,109847
990,100350,109860
991,100382,109868
992,100377,109900
993,100391,109906
994,100373,109915
995,100392,109950
996,100396,109934
997,100419,109983
998,100429,110002
999,100422,109977
1000,100434,109995
1001,100416,110026
1002,100450,110079
1003,100477,110093
1004,100458,110097
1005,100461,110121
1006,100459,110140
1007,100466,110175
1008,100495,110185
1009,100483,110233
1010,100485,110244
1011,100497,110246
1012,100512,110268
1013,100537,110255
1014,100490,110165
1015,100454,110083
1016,100397,109942
1017,100345,109792
1018,100302,109700
1019,100262,109630
1020,100211,109557
1021,100199,109496
1022,100230,109479
1023,100169,109442
1024,100189,109422
1025,100184,109456
1026,100204,109434
1027,100185,109431
1028,100184,109434
1029,100171,109416
1030,100179,109410
1031,100172,109425
1032,100166,109399
1033,100169,109398
1034,100149,109422
1035,100169,109433
1036,100182,109456
1037,100199,109477
1038,100207,109513
1039,100202,109530
1040,100219,109545
1041,100211,109570
1042,100239,109564
1043,100240,109567
1044,100236,109586
1045,100218,109589
1046,100254,109604
1047,100228,109588
1048,100259,109606
1049,100235,109610
1050,100274,109623
1051,100264,109663
1052,100290,109653
1053,100269,109658
1054,100280,109702
1055,100294,109722
1056,100306,109730
1057,100307,109762
1058,100321,109786
1059,100319,109811
1060,100353,109855
1061,100350,109858
1062,100349,109886
1063,100362,109906
1064,100391,109957
1065,100383,109986
1066,100390,110023
1067,100383,110020
1068,100425,110054
1069,100446,110084
1070,100427,110113
1071,100443,110127
1072,100448,110166
1073,100443,110183
1074,100481,110197
1075,100476,110211
1076,100497,110242
1077,100499,110260
1078,100480,110244
1079,100500,110305
1080,100503,110329
1081,100493,110320
1082,100500,110348
1083,100516,110356
1084,100540,110365
1085,100513,110387
1086,100546,110435
1087,100537,110433
1088,100560,110457
1089,100560,110499
1090,100585,110555
1091,100590,110550
1092,100631,110623
1093,100605,110637
1094,100620,110666
1095,100644,110697
1096,100644,110698
1097,100383,109986
1098,100582,110611
1099,100561,110495
1100,100504,110328
1101,100430,110154
1102,100379,109987
1103,100343,109897
1104,100303,109803
1105,100291,109778
1106,100257,109713
1107,100254,109698
1108,100241,109670
1109,100236,109663
1110,100254,109629
1111,100237,109671
1112,100232,109654
1113,100229,109656
1114,100235,109650
1115,100231,109611
1116,100203,109619
1117,100197,109613
1118,100224,109613
1119,100202,109612
1120,100213,109614
1121,100200,109640
1122,100250,109656
1123,100255,109706
1124,100243,109729
1125,100238,109734
1126,100269,109765
1127,100253,109777
1128,100260,109794
1129,100278,109787
1130,100276,109819
1131,100262,109826
1132,100256,109818
1133,100307,109833
1134,100277,109822
1135,100298,109831
1136,100279,109857
1137,100302,109874
1138,100298,109889
1139,100314,109920
1140,100325,109945
1141,100323,109957
1142,100347,110002
1143,100366,110016
1144,100377,110055
1145,100373,110096
1146,100367,110119
1147,100402,110138
1148,100403,110175
1149,100417,110187
1150,100434,110221
1151,100460,110285
1152,100466,110316
1153,100451,110334
1154,100480,110373
1155,100482,110365
1156,100488,110382
1157,100514,110445
1158,100526,110438
1159,100512,110455
1160,100542,110492
1161,100537,110524
1162,100552,110520
1163,100556,110553
1164,100573,110567
1165,100571,110587
1166,100576,110604
1167,100587,110628
1168,100590,110645
1169,100608,110684
1170,100624,110693
1171,100638,110738
1172,100622,110746
1173,100629,110780
1174,100671,110823
1175,100674,110850
1176,100703,110906
1177,100702,110942
1178,100707,110958
1179,100724,111025
1180,100744,111045
1181,100765,111066
1182,100751,111067
1183,100746,111032
1184,100691,110914
1185,100639,110754
1186,100559,110555
1187,100467,110352
1188,100410,110199
1189,100371,110070
1190,100322,109992
1191,100332,109950
1192,100311,109912
1193,100300,109891
1194,100295,109880
1195,100293,109903
1196,100287,109875
1197,100275,109861
1198,100297,109867
1199,100281,109850
1200,100293,109871
1201,100264,109842
1202,100295,109848
1203,100293,109826
1204,100301,109841
1205,100282,109846
1206,100270,109862
1207,100278,109870
1208,100293,109897
1209,100309,109939
1210,100310,109977
1211,100331,109977
1212,100347,110003
1213,100346,110025
1214,100352,110033
1215,100362,110032
1216,100354,110070
1217,100376,110042
1218,100359,110050
1219,100353,110041
1220,100374,110065
1221,100372,110073
1222,100373,110080
1223,100375,110118
1224,100373,110145
1225,100431,110173
1226,100402,110182
1227,100408,110234
1228,100422,110239
1229,100427,110278
1230,100462,110306
1231,100480,110320
1232,100473,110379
1233,100470,110418
1234,100505,110442
1235,100502,110460
1236,100513,110480
1237,100535,110552
1238,100551,110538
1239,100544,110547
1240,100561,110591
1241,100561,110606
1242,100591,110631
1243,100595,110685
1244,100601,110681
1245,100624,110731
1246,100630,110720
1247,100613,110737
1248,100618,110776
1249,100617,110810
1250,100629,110826
1251,100646,110827
1252,100638,110847
1253,100629,110874
1254,100643,110877
1255,100654,110918
1256,100695,110963
1257,100717,110990
1258,100701,111003
1259,100733,111053
1260,100755,111071
1261,100745,111112
1262,100755,111154
1263,100781,111201
1264,100787,111223
1265,100822,111278
1266,100811,111302
1267,100802,111303
1268,100824,111317
1269,100794,111286
1270,100751,111167
1271,100678,110974
1272,100589,110758
1273,100533,110530
1274,100480,110356
1275,100425,110251
1276,100379,110177
1277,100365,110143
1278,100376,110109
1279,100382,110104
1280,100368,110073
1281,100344,110044
1282,100361,110067
1283,100356,110060
1284,100366,110040
1285,100321,110045
1286,100332,110026
1287,100363,110031
1288,100339,110029
1289,100338,110006
1290,100324,109989
1291,100348,110025
1292,100346,110028
1293,100364,110082
1294,100385,110078
1295,100394,110128
1296,100387,110128
1297,100383,110163
1298,100418,110187
1299,100424,110195
1300,100410,110184
1301,100406,110200
1302,100396,110203
1303,100395,110211
1304,100419,110196
1305,100398,110195
1306,100434,110190
1307,100412,110215
1308,100423,110244
1309,100412,110260
1310,100460,110274
1311,100448,110313
1312,100445,110330
1313,100469,110338
1314,100472,110397
1315,100486,110445
1316,100480,110453
1317,100499,110486
1318,100511,110522
1319,100520,110537
1320,100538,110557
1321,100556,110603
1322,100588,110605
1323,100568,110637
1324,100596,110639
1325,100582,110681
1326,100385,110078
1327,100603,110698
1328,100609,110708
1329,100642,110742
1330,100625,110703
1331,100656,110726
1332,100641,110733
1333,100617,110743
1334,100637,110756
1335,100648,110764
1336,100644,110783
1337,100659,110803
1338,100646,110798
1339,100654,110836
1340,100654,110866
1341,100674,110876
1342,100669,110908
1343,100679,110930
1344,100699,110926
1345,100708,110978
1346,100730,111001
1347,100748,111038
1348,100750,111074
1349,100783,111087
1350,100781,111123
1351,100747,111116
1352,100803,111089
1353,100705,110987
1354,100678,110863
1355,100619,110685
1356,100534,110525
1357,100478,110414
1358,100435,110311
1359,100425,110260
1360,100432,110219
1361,100404,110201
1362,100410,110168
1363,100386,110174
1364,100386,110164
1365,100391,110185
1366,100404,110168
1367,100401,110154
1368,100409,110162
1369,100375,110170
1370,100415,110178
1371,100399,110184
1372,100388,110163
1373,100399,110179
1374,100399,110215
1375,100408,110224
1376,100437,110253
1377,100434,110297
1378,100441,110329
1379,100448,110355
1380,100458,110374
1381,100473,110344
1382,100472,110355
1383,100462,110347
1384,100480,110361
1385,100473,110352
1386,100471,110355
1387,100477,110387
1388,100492,110400
1389,100483,110435
1390,100473,110453
1391,100501,110448
1392,100512,110506
1393,100518,110526
1394,100519,110550
1395,100565,110580
1396,100551,110598
1397,100574,110665
1398,100586,110682
1399,100608,110728
1400,100607,110747
1401,100637,110788
1402,100626,110818
1403,100628,110862
1404,100679,110912
1405,100708,110934
1406,100712,110955
1407,100733,111032
1408,100725,111032
1409,100734,111055
1410,100761,111114
1411,100736,111140
1412,100759,111167
1413,100758,111206
1414,100792,111230
1415,100777,111256
1416,100802,111261
1417,100794,111272
1418,100809,111320
1419,100808,111332
1420,100820,111344
1421,100840,111383
1422,100829,111426
1423,100860,111431
1424,100853,111462
1425,100895,111522
1426,100884,111536
1427,100922,111551
1428,100915,111611
1429,100956,111628
1430,100939,111655
1431,100918,111663
1432,100939,111664
1433,100912,111587
1434,100840,111432
1435,100766,111234
1436,100702,110995
1437,100629,110839
1438,100547,110656
1439,100501,110559
1440,100481,110490
1441,100457,110452
1442,100483,110429
1443,100460,110424
1444,100475,110406
1445,100469,110394
1446,100466,110402
1447,100451,110401
1448,100471,110420
1449,100475,110399
1450,100452,110401
1451,100462,110383
1452,100438,110380
1453,100459,110424
1454,100455,110417
1455,100463,110428
1456,100480,110470
1457,100512,110499
1458,100511,110556
1459,100521,110583
1460,100536,110627
1461,100549,110648
1462,100560,110671
1463,100524,110664
1464,100545,110668
1465,100573,110680
1466,100553,110657
1467,100573,110689
1468,100545,110664
1469,100555,110685
1470,100560,110711
1471,100555,110713
1472,100580,110753
1473,100594,110760
1474,100601,110791
1475,100624,110858
1476,100636,110869
1477,100628,110890
1478,100636,110930
1479,100653,110957
1480,100668,110988
1481,100680,111036
1482,100688,111076
1483,100736,111123
1484,100739,111156
1485,100743,111185
1486,100770,111226
1487,100758,111260
1488,100777,111319
1489,100812,111321
1490,100816,111337
1491,100796,111365
1492,100796,111382
1493,100828,111438
1494,100822,111427
1495,100821,111431
1496,100831,111448
1497,100859,111490
1498,100847,111502
1499,100849,111500
1500,100877,111520
1501,100868,111552
1502,100881,111563
1503,100912,111588
1504,100904,111610
1505,100909,111663
1506,100938,111705
1507,100944,111727
1508,100960,111756
1509,100989,111804
1510,100959,111823
1511,100984,111822
1512,100970,111815
1513,100970,111752
1514,100918,111637
1515,100836,111420
1516,100749,111191
1517,100656,110974
1518,100577,110811
1519,100564,110674
1520,100501,110628
1521,100492,110556
1522,100480,110528
1523,100469,110522
1524,100472,110493
1525,100477,110476
1526,100464,110483
1527,100483,110505
1528,100486,110507
1529,100458,110481
1530,100456,110468
1531,100446,110438
1532,100473,110463
1533,100434,110420
1534,100444,110420
1535,100444,110447
1536,100445,110464
1537,100483,110493
1538,100471,110546
1539,100505,110560
1540,100511,110594
1541,100547,110643
1542,100538,110638
1543,100541,110629
1544,100549,110646
1545,100543,110674
1546,100560,110681
1547,100523,110660
1548,100523,110674
1549,100562,110710
1550,100554,110684
1551,100542,110694
1552,100562,110715
1553,100573,110751
1554,100583,110766
1555,100601,110793
1556,100608,110827
1557,100577,110823
1558,100644,110895
1559,100621,110893
1560,100644,110927
1561,100657,110961
1562,100664,111035
1563,100689,111065
1564,100708,111089
1565,100699,111117
1566,100733,111150
1567,100731,111180
1568,100746,111226
1569,100760,111255
1570,100782,111284
1571,100774,111330
1572,100772,111323
1573,100799,111376
1574,100814,111394
1575,100812,111414
1576,100817,111429
1577,100836,111453
1578,100826,111481
1579,100840,111501
1580,100849,111529
1581,100844,111538
1582,100859,111571
1583,100872,111581
1584,100905,111627
1585,100911,111667
1586,100908,111688
1587,100941,111726
1588,100940,111759
1589,100962,111779
1590,100976,111802
1591,100971,111855
1592,100970,111901
1593,101007,111889
1594,101007,111949
1595,101003,111922
1596,100972,111854
1597,100938,111727
1598,100852,111498
1599,100738,111258
1600,100659,111077
1601,100592,110896
1602,100547,110785
1603,100506,110704
1604,100501,110672
1605,100493,110616
1606,100493,110630
1607,100512,110635
1608,100468,110630
1609,100478,110628
1610,100493,110602
1611,100458,110601
1612,100473,110603
1613,100460,110589
1614,100470,110602
1615,100482,110581
1616,100456,110577
1617,100483,110592
1618,100466,110596
1619,100497,110617
1620,100502,110636
1621,100529,110698
1622,100535,110718
1623,100548,110756
1624,100564,110768
1625,100583,110795
1626,100568,110793
1627,100549,110781
1628,100575,110802
1629,100559,110777
1630,100554,110781
1631,100568,110807
1632,100570,110836
1633,100558,110823
1634,100593,110834
1635,100595,110891
1636,100599,110874
1637,100617,110919
1638,100617,110966
1639,100626,110981
1640,100642,111004
1641,100684,111040
1642,100674,111092
1643,100668,111121
1644,100697,111160
1645,100717,111186
1646,100742,111246
1647,100754,111254
1648,100748,111293
1649,100754,111325
1650,100773,111358
1651,100795,111381
1652,100774,111439
1653,100818,111467
1654,100817,111464
1655,100847,111496
1656,100837,111525
1657,100854,111587
1658,100853,111562
1659,100868,111568
1660,100875,111590
1661,100882,111611
1662,100893,111647
1663,100871,111666
1664,100925,111665
1665,100909,111703
1666,100910,111708
1667,100935,111753
1668,100932,111769
1669,100934,111816
1670,100967,111818
1671,100995,111847
1672,100965,111893
1673,100982,111910
1674,100997,111936
1675,101020,111968
1676,101010,111977
1677,100997,112006
1678,101038,111985
1679,100997,111921
1680,100944,111814
1681,100888,111600
1682,100796,111418
1683,100700,111185
1684,100637,111004
1685,100604,110882
1686,100568,110794
1687,100531,110765
1688,100539,110748
1689,100533,110735
1690,100508,110693
1691,100534,110718
1692,100507,110700
1693,100512,110710
1694,100496,110690
1695,100491,110679
1696,100497,110674
1697,100482,110671
1698,100489,110664
1699,100513,110665
1700,100489,110653
1701,100503,110689
1702,100513,110695
1703,100549,110735
1704,100526,110748
1705,100536,110794
1706,100541,110834
1707,100552,110819
1708,100565,110812
1709,100573,110853
1710,100564,110821
1711,100558,110827
1712,100574,110830
1713,100570,110822
1714,100567,110826
1715,100559,110871
1716,100565,110850
1717,100584,110878
1718,100585,110870
1719,100599,110908
1720,100608,110936
1721,100597,110925
1722,100629,111014
1723,100617,111012
1724,100643,111009
1725,100645,111078
1726,100649,111103
1727,100666,111135
1728,100684,111169
1729,100675,111186
1730,100711,111214
1731,100723,111235
1732,100746,111286
1733,100767,111311
1734,100743,111316
1735,100767,111360
1736,100771,111369
1737,100772,111378
1738,100784,111407
1739,100782,111413
1740,100799,111438
1741,100795,111414
1742,100791,111472
1743,100820,111454
1744,100815,111477
1745,100842,111484
1746,100842,111506
1747,100850,111537
1748,100847,111550
1749,100875,111575
1750,100879,111617
1751,100892,111623
1752,100887,111627
1753,100871,111654
1754,100894,111680
1755,100936,111723
1756,100936,111742
1757,100927,111735
1758,100904,111747
1759,100881,111676
1760,100896,111631
1761,100785,111459
1762,100717,111274
1763,100658,111101
1764,100625,110974
1765,100578,110879
1766,100552,110796
1767,100511,110761
1768,100518,110704
1769,100530,110702
1770,100508,110719
1771,100509,110702
1772,100527,110690
1773,100518,110706
1774,100525,110701
1775,100524,110692
1776,100530,110727
1777,100529,110691
1778,100510,110712
1779,100524,110720
1780,100533,110747
1781,100534,110745
1782,100530,110762
1783,100563,110813
1784,100565,110847
1785,100584,110837
1786,100580,110862
1787,100585,110871
1788,100596,110854
1789,100579,110870
1790,100587,110881
1791,100597,110871
1792,100598,110856
1793,100592,110881
1794,100585,110883
1795,100584,110889
1796,100585,110908
1797,100606,110928
1798,100583,110923
1799,100599,110958
1800,100617,110963
1801,100629,110989
1802,100645,111010
1803,100657,111024
1804,100658,111070
1805,100663,111095
1806,100689,111132
1807,100703,111160
1808,100683,111193
1809,100727,111210
1810,100736,111237
1811,100719,111263
1812,100771,111312
1813,100732,111310
1814,100743,111345
1815,100765,111349
1816,100749,111346
1817,100789,111349
1818,100761,111358
1819,100771,111388
1820,100754,111388
1821,100778,111395
1822,100789,111395
1823,100815,111404
1824,100780,111438
1825,100792,111457
1826,100807,111458
1827,100792,111486
1828,100791,111476
1829,100818,111496
1830,100836,111518
1831,100826,111541
1832,100859,111563
1833,100867,111603
1834,100862,111591
1835,100854,111591
1836,100815,111558
1837,100790,111447
1838,100733,111290
1839,100664,111149
1840,100609,111012
1841,100552,110894
1842,100543,110815
1843,100523,110746
1844,100505,110715
1845,100474,110682
1846,100471,110687
1847,100493,110659
1848,100476,110649
1849,100517,110651
1850,100471,110660
1851,100476,110635
1852,100490,110638
1853,100465,110646
1854,100480,110620
1855,100470,110622
1856,100461,110608
1857,100459,110611
1858,100494,110615
1859,100470,110646
1860,100493,110663
1861,100489,110670
1862,100499,110708
1863,100534,110732
1864,100554,110738
1865,100527,110726
1866,100522,110760
1867,100517,110743
1868,100514,110737
1869,100525,110749
1870,100543,110780
1871,100534,110760
1872,100548,110761
1873,100544,110777
1874,100547,110776
1875,100556,110800
1876,100548,110808
1877,100554,110819
1878,100566,110834
1879,100565,110890
1880,100590,110878
1881,100574,110913
1882,100599,110925
1883,100599,110962
1884,100624,110980
1885,100640,111008
1886,100629,111025
1887,100632,111036
1888,100656,111077
1889,100654,111098
1890,100682,111102
1891,100679,111119
1892,100682,111122
1893,100682,111157
1894,100693,111178
1895,100727,111199
1896,100715,111193
1897,100707,111230
1898,100731,111244
1899,100728,111243
1900,100749,111292
1901,100729,111306
1902,100765,111321
1903,100752,111335
1904,100746,111344
1905,100757,111361
1906,100762,111373
1907,100773,111370
1908,100780,111374
1909,100754,111344
1910,100731,111247
1911,100677,111121
1912,100612,110989
1913,100560,110855
1914,100534,110764
1915,100490,110686
1916,100466,110638
1917,100459,110599
1918,100450,110574
1919,100443,110558
1920,100410,110544
1921,100438,110536
1922,100432,110490
1923,100428,110500
1924,100407,110485
1925,100388,110479
1926,100399,110478
1927,100412,110464
1928,100402,110433
1929,100397,110456
1930,100374,110447
1931,100375,110446
1932,100416,110463
1933,100388,110470
1934,100429,110511
1935,100424,110546
1936,100418,110553
1937,100454,110586
1938,100478,110600
1939,100463,110623
1940,100483,110657
1941,100472,110643
1942,100445,110656
1943,100470,110638
1944,100487,110649
1945,100467,110644
1946,100467,110657
1947,100463,110658
1948,100475,110683
1949,100471,110712
1950,100522,110704
1951,100508,110762
1952,100515,110750
1953,100521,110783
1954,100538,110831
1955,100547,110849
1956,100557,110869
1957,100554,110890
1958,100584,110939
1959,100586,110950
1960,100603,110997
1961,100589,111018
1962,100603,111041
1963,100635,111052
1964,100622,111069
1965,100619,111086
1966,100655,111119
1967,100662,111184
1968,100662,111146
1969,100670,111188
1970,100675,111189
1971,100684,111220
1972,100708,111252
1973,100691,111289
1974,100738,111316
1975,100731,111338
1976,100730,111371
1977,100751,111356
1978,100742,111375
1979,100748,111375
1980,100760,111355
1981,100697,111262
1982,100692,111176
1983,100607,111029
1984,100540,110893
1985,100514,110769
1986,100467,110688
1987,100465,110656
1988,100444,110616
1989,100412,110573
1990,100404,110536
1991,100399,110537
1992,100402,110519
1993,100391,110513
1994,100398,110476
1995,100385,110472
1996,100404,110493
1997,100404,110511
1998,100382,110468
1999,100399,110469
2000,100395,110476
2001,100355,110445
2002,100374,110471
2003,100381,110467
2004,100397,110490
2005,100416,110571
2006,100458,110571
2007,100452,110596
2008,100439,110627
2009,100450,110632
2010,100459,110650
2011,100431,110658
2012,100477,110663
2013,100459,110663
2014,100476,110693
2015,100464,110683
2016,100468,110690
2017,100461,110693
2018,100486,110716
2019,100484,110709
2020,100499,110744
2021,100500,110763
2022,100501,110774
2023,100518,110796
2024,100512,110825
2025,100510,110866
2026,100551,110906
2027,100575,110952
2028,100570,110965
2029,100602,111024
2030,100603,111054
2031,100610,111092
2032,100627,111100
2033,100643,111127
2034,100628,111157
2035,100631,111170
2036,100684,111235
2037,100666,111227
2038,100694,111248
2039,100695,111290
2040,100692,111298
2041,100719,111342
2042,100714,111365
2043,100730,111403
2044,100731,111424
2045,100742,111458
2046,100745,111453
2047,100770,111489
2048,100768,111491
2049,100763,111496
2050,100741,111446
2051,100699,111357
2052,100671,111252
2053,100612,111102
2054,100561,110945
2055,100485,110814
2056,100465,110753
2057,100468,110685
2058,100417,110648
2059,100411,110598
2060,100400,110569
2061,100398,110602
2062,100392,110571
2063,100393,110531
2064,100383,110542
2065,100375,110518
2066,100398,110530
2067,100382,110529
2068,100354,110517
2069,100374,110501
2070,100373,110523
2071,100367,110514
2072,100387,110529
2073,100394,110539
2074,100411,110587
2075,100430,110610
2076,100433,110626
2077,100421,110677
2078,100451,110708
2079,100448,110740
2080,100469,110721
2081,100465,110699
2082,100474,110718
2083,100474,110718
2084,100453,110698
2085,100468,110720
2086,100474,110761
2087,100479,110739
2088,100490,110775
2089,100492,110779
2090,100520,110833
2091,100512,110815
2092,100528,110833
2093,100525,110874
2094,100532,110902
2095,100561,110935
2096,100576,110984
2097,100574,110998
2098,100595,111012
2099,100595,111056
2100,100618,111097
2101,100626,111126
2102,100623,111186
2103,100670,111199
2104,100648,111221
2105,100643,111226
2106,100678,111244
2107,100671,111281
2108,100682,111296
2109,100680,111300
2110,100709,111354
2111,100721,111384
2112,100715,111368
2113,100721,111422
2114,100730,111407
2115,100751,111465
2116,100774,111484
2117,100767,111493
2118,100769,111511
2119,100782,111557
2120,100792,111535
2121,100798,111539
2122,100772,111526
2123,100732,111447
2124,100696,111321
2125,100655,111162
2126,100574,111002
2127,100539,110883
2128,100482,110784
2129,100442,110721
2130,100453,110649
2131,100432,110632
2132,100440,110616
2133,100418,110596
2134,100396,110576
2135,100399,110571
2136,100393,110579
2137,100427,110578
2138,100408,110568
2139,100408,110555
2140,100399,110549
2141,100386,110542
2142,100388,110535
2143,100381,110560
2144,100397,110568
2145,100414,110606
2146,100446,110652
2147,100438,110694
2148,100464,110721
2149,100475,110750
2150,100495,110777
2151,100470,110764
2152,100495,110796
2153,100486,110806
2154,100484,110813
2155,100477,110783
2156,100463,110806
2157,100493,110801
2158,100502,110829
2159,100513,110846
2160,100514,110844
2161,100517,110885
2162,100518,110872
2163,100497,110912
2164,100529,110917
2165,100548,110968
2166,100540,110969
2167,100569,111018
2168,100577,111054
2169,100583,111093
2170,100598,111115
2171,100622,111149
2172,100631,111185
2173,100654,111223
2174,100673,111253
2175,100670,111275
2176,100712,111327
2177,100683,111345
2178,100703,111370
2179,100687,111385
2180,100730,111400
2181,100736,111400
2182,100720,111424
2183,100719,111449
2184,100741,111466
2185,100742,111494
2186,100754,111505
2187,100740,111526
2188,100772,111540
2189,100806,111590
2190,100818,111595
2191,100796,111625
2192,100811,111661
2193,100818,111681
2194,100833,111714
2195,100842,111728
2196,100836,111760
2197,100848,111767
2198,100847,111738
2199,100837,111692
2200,100751,111540
2201,100714,111355
2202,100645,111176
2203,100565,111010
2204,100512,110936
2205,100510,110816
2206,100458,110738
2207,100452,110722
2208,100443,110700
2209,100446,110697
2210,100439,110685
2211,100430,110665
2212,100419,110633
2213,100438,110649
2214,100439,110659
2215,100432,110642
2216,100434,110613
2217,100422,110619
2218,100435,110642
2219,100405,110605
2220,100424,110660
2221,100465,110663
2222,100434,110675
2223,100472,110731
2224,100458,110729
2225,100476,110769
2226,100489,110791
2227,100486,110811
2228,100487,110810
2229,100500,110809
2230,100481,110807
2231,100507,110803
2232,100485,110793
2233,100495,110808
2234,100494,110828
2235,100488,110845
2236,100528,110872
2237,100529,110862
2238,100545,110908
2239,100538,110901
2240,100567,110956
2241,100582,110968
2242,100559,110981
2243,100594,110972
2244,100571,111049
2245,100593,111063
2246,100614,111077
2247,100620,111126
2248,100646,111151
2249,100637,111151
2250,100675,111214
2251,100672,111243
2252,100699,111222
2253,100680,111274
2254,100714,111301
2255,100690,111290
2256,100711,111318
2257,100713,111337
2258,100715,111361
2259,100718,111345
2260,100720,111392
2261,100739,111380
2262,100724,111387
2263,100742,111384
2264,100768,111439
2265,100744,111447
2266,100766,111475
2267,100753,111487
2268,100762,111511
2269,100804,111550
2270,100805,111564
2271,100797,111583
2272,100801,111615
2273,100838,111637
2274,100838,111664
2275,100848,111662
2276,100818,111618
2277,100802,111541
2278,100738,111415
2279,100663,111228
2280,100620,111077
2281,100566,110974
2282,100548,110887
2283,100483,110806
2284,100465,110759
2285,100443,110754
2286,100447,110720
2287,100438,110710
2288,100457,110697
2289,100446,110674
2290,100453,110673
2291,100442,110669
2292,100433,110673
2293,100454,110655
2294,100449,110674
2295,100450,110644
2296,100422,110675
2297,100450,110691
2298,100456,110696
2299,100475,110713
2300,100475,110757
2301,100520,110806
2302,100478,110826
2303,100502,110840
2304,100512,110853
2305,100511,110880
2306,100512,110860
2307,100511,110847
2308,100512,110854
2309,100530,110857
2310,100529,110865
2311,100532,110886
2312,100535,110894
2313,100531,110913
2314,100523,110934
2315,100552,110954
2316,100574,110972
2317,100572,110987
2318,100568,111014
2319,100598,111030
2320,100600,111080
2321,100617,111092
2322,100629,111134
2323,100655,111182
2324,100657,111177
2325,100662,111219
2326,100684,111255
2327,100680,111259
2328,100709,111310
2329,100725,111347
2330,100721,111358
2331,100726,111390
2332,100723,111403
2333,100756,111461
2334,100776,111479
2335,100786,111494
2336,100793,111531
2337,100796,111531
2338,100794,111546
2339,100812,111564
2340,100808,111589
2341,100793,111608
2342,100846,111658
2343,100841,111691
2344,100855,111688
2345,100855,111729
2346,100890,111782
2347,100884,111806
2348,100903,111842
2349,100899,111891
2350,100921,111913
2351,100949,111928
2352,100941,111958
2353,100978,111972
2354,100938,111943
2355,100913,111883
2356,100842,111733
2357,100774,111529
2358,100689,111323
2359,100632,111161
2360,100577,111027
2361,100545,110925
2362,100512,110878
2363,100509,110842
2364,100496,110799
2365,100488,110823
2366,100495,110782
2367,100496,110784
2368,100479,110779
2369,100491,110808
2370,100497,110760
2371,100483,110779
2372,100473,110754
2373,100480,110769
2374,100475,110765
2375,100468,110749
2376,100493,110798
2377,100502,110830
2378,100515,110855
2379,100516,110890
2380,100545,110906
2381,100522,110946
2382,100565,110965
2383,100580,110974
2384,100574,110992
2385,100552,111026
2386,100551,111004
2387,100550,111015
2388,100562,110980
2389,100539,111001
2390,100565,111021
2391,100573,111034
2392,100582,111037
2393,100596,111071
2394,100588,111103
2395,100615,111111
2396,100626,111149
2397,100638,111199
2398,100629,111217
2399,100678,111224
2400,100669,111282
2401,100681,111317
2402,100702,111343
2403,100715,111409
2404,100719,111429
2405,100736,111484
2406,100729,111516
2407,100753,111550
2408,100764,111575
2409,100793,111628
2410,100798,111658
2411,100847,111715
2412,100827,111739
2413,100856,111775
2414,100867,111779
2415,100859,111804
2416,100872,111809
2417,100870,111835
2418,100888,111851
2419,100884,111850
2420,100907,111898
2421,100901,111895
2422,100904,111913
2423,100902,111922
2424,100931,111962
2425,100939,111980
2426,100953,112020
2427,100977,112013
2428,101009,112090
2429,101004,112105
2430,100999,112143
2431,101033,112190
2432,101038,112228
2433,101040,112226
2434,101041,112258
2435,101059,112280
2436,101027,112194
2437,100978,112107
2438,100895,111877
2439,100833,111645
2440,100726,111418
2441,100672,111255
2442,100595,111097
2443,100562,111025
2444,100544,110989
2445,100520,110933
2446,100545,110906
2447,100522,110939
2448,100510,110917
2449,100522,110897
2450,100535,110886
2451,100555,110899
2452,100492,110867
2453,100509,110861
2454,100498,110861
2455,100509,110851
2456,100516,110851
2457,100502,110869
2458,100511,110869
2459,100529,110875
2460,100525,110927
2461,100538,110951
2462,100565,110983
2463,100571,111024
2464,100583,111026
2465,100579,111047
2466,100587,111051
2467,100581,111037
2468,100601,111019
2469,100576,111034
2470,100574,111029
2471,100591,111045
2472,100577,111021
2473,100591,111064
2474,100581,111064
2475,100596,111073
2476,100617,111089
2477,100619,111100
2478,100603,111139
2479,100626,111171
2480,100661,111194
2481,100658,111224
2482,100695,111289
2483,100685,111306
2484,100681,111323
2485,100707,111366
2486,100721,111401
2487,100735,111425
2488,100748,111485
2489,100769,111502
2490,100775,111520
2491,100778,111559
2492,100821,111577
2493,100798,111608
2494,100831,111628
2495,100817,111627
2496,100826,111661
2497,100819,111688
2498,100834,111705
2499,100832,111707
2500,100855,111730
2501,100877,111720
2502,100865,111749
2503,100871,111760
2504,100843,111770
2505,100874,111820
2506,100880,111800
2507,100915,111872
2508,100914,111880
2509,100911,111886
2510,100910,111919
2511,100925,111953
2512,100946,112009
2513,100979,112047
2514,100975,112048
2515,100993,112095
2516,100980,112083
2517,100966,112123
2518,100985,112123
2519,100974,112035
2520,100966,111965
2521,100878,111799
2522,100784,111587
2523,100711,111406
2524,100624,111207
2525,100598,111094
2526,100555,111020
2527,100528,110965
2528,100543,110950
2529,100516,110945
2530,100520,110915
2531,100508,110902
2532,100535,110910
2533,100506,110889
2534,100527,110901
2535,100530,110880
2536,100520,110886
2537,100522,110894
2538,100515,110868
2539,100529,110881
2540,100499,110870
2541,100535,110895
2542,100534,110919
2543,100543,110948
2544,100567,110973
2545,100569,111018
2546,100576,111005
2547,100572,111040
2548,100577,111042
2549,100596,111062
2550,100595,111087
2551,100602,111053
2552,100593,111037
2553,100590,111046
2554,100595,111038
2555,100581,111055
2556,100596,111085
2557,100597,111081
2558,100620,111117
2559,100612,111110
2560,100593,111124
2561,100617,111151
2562,100616,111175
2563,100652,111200
2564,100658,111198
2565,100663,111275
2566,100686,111277
2567,100679,111291
2568,100697,111331
2569,100715,111385
2570,100707,111395
2571,100724,111431
2572,100740,111443
2573,100756,111498
2574,100758,111489
2575,100744,111516
2576,100754,111532
2577,100791,111559
2578,100786,111563
2579,100801,111597
2580,100800,111608
2581,100816,111648
2582,100805,111640
2583,100824,111648
2584,100826,111661
2585,100875,111701
2586,100821,111712
2587,100845,111705
2588,100850,111722
2589,100857,111759
2590,100874,111778
2591,100851,111783
2592,100881,111818
2593,100900,111838
2594,100914,111855
2595,100929,111920
2596,100929,111926
2597,100954,112016
2598,100950,111984
2599,100956,112015
2600,100957,112054
2601,100978,112087
2602,100992,112069
2603,100972,112077
2604,100946,112018
2605,100910,111898
2606,100821,111723
2607,100756,111507
2608,100685,111336
2609,100605,111171
2610,100589,111091
2611,100539,111013
2612,100548,110989
2613,100544,110964
2614,100516,110957
2615,100524,110932
2616,100524,110947
2617,100509,110946
2618,100528,110920
2619,100529,110946
2620,100509,110911
2621,100524,110921
2622,100528,110915
2623,100515,110916
2624,100509,110917
2625,100536,110911
2626,100526,110929
2627,100522,110942
2628,100542,110996
2629,100568,111037
2630,100557,111016
2631,100567,111023
2632,100575,111060
2633,100582,111049
2634,100568,111053
2635,100567,111040
2636,100567,111044
2637,100564,111041
2638,100574,111048
2639,100571,111047
2640,100580,111069
2641,100563,111057
2642,100588,111074
2643,100586,111091
2644,100608,111117
2645,100617,111143
2646,100601,111161
2647,100598,111168
2648,100626,111207
2649,100655,111235
2650,100642,111255
2651,100659,111274
2652,100710,111324
2653,100652,111327
2654,100705,111344
2655,100708,111387
2656,100732,111425
2657,100714,111424
2658,100764,111477
2659,100758,111495
2660,100788,111527
2661,100773,111544
2662,100787,111553
2663,100792,111599
2664,100785,111568
2665,100782,111602
2666,100776,111591
2667,100808,111634
2668,100809,111616
2669,100818,111643
2670,100819,111647
2671,100826,111635
2672,100815,111658
2673,100837,111708
2674,100832,111686
2675,100862,111725
2676,100848,111744
2677,100862,111763
2678,100893,111811
2679,100908,111834
2680,100900,111848
2681,100921,111876
2682,100905,111889
2683,100922,111910
2684,100942,111897
2685,100908,111909
2686,100899,111830
2687,100850,111688
2688,100788,111549
2689,100720,111384
2690,100641,111238
2691,100595,111105
2692,100573,111023
2693,100525,110970
2694,100523,110945
2695,100546,110936
2696,100534,110934
2697,100508,110909
2698,100530,110911
2699,100522,110894
2700,100530,110917
2701,100539,110945
2702,100514,110933
2703,100518,110907
2704,100524,110896
2705,100528,110938
2706,100506,110928
2707,100537,110926
2708,100552,110958
2709,100559,110982
2710,100575,111024
2711,100575,111045
2712,100582,111058
2713,100593,111082
2714,100576,111059
2715,100588,111056
2716,100592,111060
2717,100594,111046
2718,100596,111072
2719,100597,111073
2720,100585,111095
2721,100596,111099
2722,100595,111122
2723,100609,111113
2724,100602,111142
2725,100631,111162
2726,100656,111208
2727,100638,111204
2728,100633,111242
2729,100654,111281
2730,100638,111288
2731,100670,111335
2732,100698,111356
2733,100686,111410
2734,100718,111429
2735,100728,111490
2736,100740,111511
2737,100754,111562
2738,100763,111587
2739,100790,111615
2740,100787,111654
2741,100791,111681
2742,100810,111693
2743,100833,111733
2744,100827,111746
2745,100856,111775
2746,100845,111776
2747,100848,111810
2748,100867,111792
2749,100872,111815
2750,100877,111836
2751,100863,111849
2752,100868,111838
2753,100891,111900
2754,100916,111907
2755,100890,111930
2756,100907,111941
2757,100924,111991
2758,100917,112005
2759,100918,112033
2760,100949,112085
2761,100967,112089
2762,100955,112092
2763,100959,112042
2764,100926,112000
2765,100847,111814
2766,100822,111664
2767,100711,111460
2768,100624,111284
2769,100622,111178
2770,100577,111090
2771,100545,111031
2772,100549,110987
2773,100529,110974
2774,100539,110964
2775,100512,110950
2776,100516,110957
2777,100526,110960
2778,100510,110988
2779,100546,110964
2780,100520,110961
2781,100535,110951
2782,100534,110936
2783,100514,110936
2784,100526,110945
2785,100553,110954
2786,100542,110955
2787,100531,111006
2788,100517,111004
2789,100567,111028
2790,100555,111073
2791,100586,111086
2792,100583,111092
2793,100564,111122
2794,100591,111121
2795,100600,111107
2796,100587,111110
2797,100578,111118
2798,100582,111126
2799,100572,111120
2800,100590,111119
2801,100602,111123
2802,100594,111173
2803,100605,111182
2804,100629,111197
2805,100639,111233
2806,100631,111222
2807,100636,111268
2808,100647,111301
2809,100668,111325
2810,100677,111344
2811,100687,111382
2812,100695,111405
2813,100710,111452
2814,100713,111497
2815,100729,111534
2816,100749,111576
2817,100761,111584
2818,100762,111620
2819,100788,111632
2820,100789,111666
2821,100786,111676
2822,100782,111673
2823,100805,111680
2824,100816,111689
2825,100816,111730
2826,100816,111751
2827,100816,111742
2828,100847,111783
2829,100834,111772
2830,100870,111816
2831,100854,111829
2832,100865,111867
2833,100857,111887
2834,100892,111922
2835,100907,111953
2836,100924,112006
2837,100906,112020
2838,100928,112009
2839,100901,112000
2840,100891,111928
2841,100837,111805
2842,100772,111661
2843,100706,111471
2844,100636,111281
2845,100584,111188
2846,100578,111101
2847,100533,111039
2848,100510,111014
2849,100501,110975
2850,100478,110953
2851,100483,110971
2852,100476,110951
2853,100522,110943
2854,100459,110910
2855,100463,110889
2856,100466,110913
2857,100465,110875
2858,100453,110881
2859,100485,110892
2860,100471,110851
2861,100466,110886
2862,100470,110858
2863,100455,110890
2864,100494,110945
2865,100501,110956
2866,100516,110999
2867,100505,111009
2868,100519,111042
2869,100514,111058
2870,100528,111054
2871,100543,111065
2872,100519,111065
2873,100529,111046
2874,100533,111070
2875,100525,111084
2876,100553,111083
2877,100528,111080
2878,100549,111088
2879,100533,111090
2880,100568,111127
2881,100560,111148
2882,100574,111178
2883,100584,111178
2884,100595,111208
2885,100598,111219
2886,100600,111259
2887,100630,111294
2888,100645,111325
2889,100640,111316
2890,100664,111357
2891,100664,111405
2892,100680,111405
2893,100692,111436
2894,100708,111489
2895,100714,111501
2896,100737,111514
2897,100734,111526
2898,100715,111548
2899,100726,111545
2900,100752,111546
2901,100760,111574
2902,100772,111610
2903,100760,111613
2904,100759,111647
2905,100776,111646
2906,100783,111680
2907,100798,111714
2908,100789,111724
2909,100819,111743
2910,100817,111769
2911,100837,111798
2912,100827,111807
2913,100844,111819
2914,100853,111833
2915,100863,111862
2916,100865,111893
2917,100833,111824
2918,100810,111765
2919,100771,111638
2920,100703,111472
2921,100658,111326
2922,100582,111177
2923,100549,111080
2924,100514,110996
2925,100501,110958
2926,100507,110953
2927,100472,110914
2928,100473,110913
2929,100457,110886
2930,100462,110874
2931,100480,110873
2932,100439,110858
2933,100450,110853
2934,100420,110832
2935,100432,110818
2936,100759,111647
2937,100429,110808
2938,100433,110791
2939,100426,110816
2940,100429,110831
2941,100461,110877
2942,100426,110874
2943,100491,110943
2944,100523,110963
2945,100468,110934
2946,100503,110971
2947,100475,110968
2948,100489,110989
2949,100496,110967
2950,100507,110974
2951,100499,110982
2952,100486,110979
2953,100512,111005
2954,100505,111015
2955,100493,110994
2956,100472,111026
2957,100504,111034
2958,100534,111053
2959,100525,111067
2960,100532,111101
2961,100556,111139
2962,100544,111145
2963,100572,111188
2964,100565,111195
2965,100579,111219
2966,100610,111265
2967,100599,111277
2968,100605,111316
2969,100613,111344
2970,100623,111378
2971,100638,111377
2972,100648,111428
2973,100653,111421
2974,100676,111465
2975,100678,111481
2976,100667,111483
2977,100686,111493
2978,100687,111521
2979,100667,111510
2980,100719,111542
2981,100707,111550
2982,100695,111557
2983,100725,111569
2984,100720,111613
2985,100754,111634
2986,100742,111651
2987,100736,111679
2988,100748,111726
2989,100795,111741
2990,100782,111762
2991,100803,111796
2992,100835,111827
2993,100835,111863
2994,100818,111860
2995,100813,111865
2996,100832,111805
2997,100776,111723
2998,100710,111564
2999,100663,111427
3000,100612,111241
3001,100556,111102
3002,100472,111013
3003,100474,110940
3004,100451,110905
3005,100434,110879
3006,100460,110876
3007,100430,110842
3008,100426,110850
3009,100424,110821
3010,100418,110831
3011,100426,110806
3012,100429,110813
3013,100429,110815
3014,100417,110795
3015,100413,110802
3016,100410,110764
3017,100408,110793
3018,100418,110775
3019,100415,110829
3020,100448,110862
3021,100443,110892
3022,100462,110897
3023,100462,110930
3024,100470,110940
3025,100466,110953
3026,100475,110955
3027,100486,110927
3028,100467,110947
3029,100468,110923
3030,100460,110944
3031,100491,110969
3032,100459,110956
3033,100480,110952
3034,100478,110962
3035,100480,110979
3036,100505,111026
3037,100504,111011
3038,100500,111026
3039,100487,111056
3040,100513,111104
3041,100550,111097
3042,100527,111119
3043,100546,111163
3044,100559,111187
3045,100574,111179
3046,100594,111196
3047,100577,111228
3048,100591,111270
3049,100605,111289
3050,100605,111296
3051,100628,111309
3052,100613,111301
3053,100624,111343
3054,100623,111342
3055,100624,111333
3056,100639,111347
3057,100657,111419
3058,100632,111420
3059,100660,111427
3060,100658,111438
3061,100663,111432
3062,100678,111456
3063,100680,111484
3064,100693,111519
3065,100714,111548
3066,100717,111583
3067,100708,111594
3068,100727,111640
3069,100720,111653
3070,100732,111674
3071,100756,111677
3072,100744,111696
3073,100738,111670
3074,100726,111611
3075,100677,111450
3076,100607,111330
3077,100549,111175
3078,100485,111050
3079,100464,110976
3080,100434,110900
3081,100414,110862
3082,100407,110837
3083,100378,110815
3084,100378,110797
3085,100357,110767
3086,100371,110739
3087,100388,110741
3088,100371,110768
3089,100372,110736
3090,100326,110698
3091,100346,110706
3092,100363,110712
3093,100333,110689
3094,100356,110699
3095,100335,110708
3096,100340,110728
3097,100355,110745
3098,100372,110789
3099,100405,110809
3100,100398,110844
3101,100388,110855
3102,100411,110877
3103,100423,110866
3104,100398,110863
3105,100416,110863
3106,100401,110872
3107,100402,110874
3108,100381,110863
3109,100396,110878
3110,100393,110878
3111,100404,110914
3112,100401,110904
3113,100426,110922
3114,100447,110949
3115,100428,110984
3116,100452,110997
3117,100491,111053
3118,100484,111056
3119,100514,111084
3120,100520,111104
3121,100527,111134
3122,100525,111175
3123,100559,111174
3124,100528,111221
3125,100557,111246
3126,100553,111281
3127,100585,111270
3128,100593,111330
3129,100586,111336
3130,100599,111382
3131,100621,111374
3132,100633,111409
3133,100632,111443
3134,100622,111426
3135,100651,111429
3136,100626,111462
3137,100627,111452
3138,100674,111477
3139,100641,111480
3140,100660,111518
3141,100659,111542
3142,100683,111574
3143,100705,111593
3144,100688,111627
3145,100691,111648
3146,100730,111686
3147,100709,111703
3148,100717,111702
3149,100716,111723
3150,100726,111679
3151,100672,111582
3152,100614,111433
3153,100577,111277
3154,100507,111103
3155,100457,111012
3156,100413,110906
3157,100367,110827
3158,100352,110774
3159,100335,110755
3160,100328,110731
3161,100331,110714
3162,100328,110697
3163,100621,111374
3164,100633,111409
3165,100294,110641
3166,100292,110658
3167,100285,110618
3168,100269,110606
3169,100276,110585
3170,100303,110598
3171,100251,110587
3172,100282,110597
3173,100266,110603
3174,100284,110648
3175,100299,110681
3176,100310,110703
3177,100326,110716
3178,100360,110766
3179,100346,110801
3180,100359,110804
3181,100339,110810
3182,100342,110807
3183,100350,110809
3184,100352,110825
3185,100326,110797
3186,100324,110815
3187,100345,110827
3188,100348,110827
3189,100345,110848
3190,100344,110867
3191,100361,110877
3192,100363,110895
3193,100399,110945
3194,100361,110936
3195,100415,110970
3196,100443,110994
3197,100442,111014
3198,100456,111062
3199,100450,111082
3200,100445,111106
3201,100468,111140
3202,100477,111176
3203,100519,111206
3204,100501,111237
3205,100491,111252
3206,100498,111285
3207,100510,111304
3208,100536,111315
3209,100522,111334
3210,100518,111333
3211,100552,111341
3212,100537,111346
3213,100558,111355
3214,100554,111377
3215,100554,111396
3216,100574,111428
3217,100588,111445
3218,100553,111450
3219,100575,111482
3220,100611,111483
3221,100625,111515
3222,100603,111529
3223,100639,111591
3224,100631,111591
3225,100662,111594
3226,100643,111600
3227,100627,111585
3228,100624,111548
3229,100613,111429
3230,100502,111252
3231,100449,111107
3232,100401,110960
3233,100366,110840
3234,100320,110772
3235,100294,110716
3236,100250,110682
3237,100275,110643
3238,100268,110644
3239,100231,110645
3240,100236,110634
3241,100225,110581
3242,100244,110599
3243,100213,110554
3244,100224,110543
3245,100192,110545
3246,100204,110551
3247,100175,110509
3248,100201,110536
3249,100185,110499
3250,100198,110540
3251,100198,110541
3252,100212,110579
3253,100210,110600
3254,100223,110642
3255,100233,110661
3256,100251,110674
3257,100263,110703
3258,100254,110673
3259,100258,110700
3260,100253,110695
3261,100241,110688
3262,100242,110657
3263,100251,110696
3264,100246,110694
3265,100238,110701
3266,100255,110736
3267,100249,110737
3268,100284,110754
3269,100275,110747
3270,100271,110769
3271,100284,110776
3272,100290,110822
3273,100289,110829
3274,100309,110857
3275,100303,110880
3276,100300,110880
3277,100354,110944
3278,100361,110947
3279,100334,110979
3280,100365,110981
3281,100355,111026
3282,100376,111054
3283,100364,111048
3284,100373,111068
3285,100398,111087
3286,100373,111078
3287,100387,111094
3288,100410,111113
3289,100394,111088
3290,100397,111144
3291,100407,111136
3292,100398,111124
3293,100405,111159
3294,100398,111177
3295,100428,111171
3296,100414,111194
3297,100417,111231
3298,100437,111242
3299,100432,111269
3300,100465,111293
3301,100463,111297
3302,100465,111331
3303,100444,111333
3304,100469,111343
3305,100477,111336
3306,100470,111305
3307,100421,111205
3308,100370,111088
3309,100321,110950
3310,100274,110844
3311,100239,110736
3312,100186,110653
3313,100171,110592
3314,100151,110559
3315,100138,110552
3316,100120,110515
3317,100122,110499
3318,100099,110466
3319,100103,110464
3320,100072,110477
3321,100076,110453
3322,100089,110412
3323,100086,110393
3324,100068,110390
3325,100049,110389
3326,100038,110395
3327,100050,110395
3328,100038,110385
3329,100061,110415
3330,100061,110428
3331,100101,110455
3332,100080,110498
3333,100105,110509
3334,100120,110550
3335,100118,110561
3336,100097,110537
3337,100123,110567
3338,100088,110528
3339,100121,110543
3340,100119,110525
3341,100111,110546
3342,100151,110571
3343,100100,110564
3344,100111,110567
3345,100118,110575
3346,100126,110603
3347,100129,110596
3348,100160,110629
3349,100114,110612
3350,100155,110628
3351,100165,110659
3352,100152,110676
3353,100160,110707
3354,100197,110747
3355,100196,110766
3356,100174,110750
3357,100188,110788
3358,100186,110798
3359,100206,110825
3360,100217,110829
3361,100223,110864
3362,100216,110841
3363,100228,110895
3364,100211,110869
3365,100223,110879
3366,100217,110874
3367,100191,110899
3368,100223,110912
3369,100227,110891
3370,100229,110934
3371,100226,110916
3372,100246,110930
3373,100237,110958
3374,100234,110965
3375,100254,110992
3376,100273,111006
3377,100262,110997
3378,100271,111033
3379,100289,111033
3380,100283,111026
3381,100276,111053
3382,100287,111084
3383,100165,110659
3384,100276,110996
3385,100206,110925
3386,100166,110825
3387,100118,110704
3388,100072,110614
3389,100054,110575
3390,100042,110509
3391,100027,110465
3392,100000,110407
3393,99987,110396
3394,99961,110382
3395,99990,110395
3396,99966,110384
3397,99965,110396
3398,99979,110379
3399,99938,110365
3400,99944,110373
3401,99927,110356
3402,99924,110361
3403,99917,110365
3404,99943,110361
3405,99952,110364
3406,99958,110392
3407,99952,110422
3408,99980,110449
3409,100003,110494
3410,99968,110523
3411,99996,110529
3412,99990,110536
3413,100008,110537
3414,100023,110533
3415,99994,110535
3416,99994,110521
3417,99984,110507
3418,100007,110531
3419,99969,110540
3420,100001,110567
3421,99967,110548
3422,100000,110581
3423,100018,110587
3424,100010,110599
3425,100031,110656
3426,100041,110659
3427,99994,110660
3428,100043,110712
3429,100055,110725
3430,100053,110737
3431,100054,110761
3432,100064,110808
3433,100054,110810
3434,100086,110810
3435,100092,110835
3436,100101,110900
3437,100103,110878
3438,100097,110870
3439,100090,110900
3440,100082,110919
3441,100126,110937
3442,100116,110932
3443,100120,110939
3444,100126,110977
3445,100166,110969
3446,100146,110975
3447,100139,111010
3448,100168,111011
3449,100154,111025
3450,100183,111072
3451,100194,111069
3452,100172,111098
3453,100198,111118
3454,100187,111122
3455,100216,111150
3456,100205,111135
3457,100204,111154
3458,100201,111156
3459,100189,111132
3460,100172,111044
3461,100119,110928
3462,100054,110822
3463,100040,110717
3464,99974,110639
3465,99957,110579
3466,99922,110529
3467,99928,110502
3468,99919,110464
3469,99924,110487
3470,99894,110466
3471,99885,110440
3472,99890,110459
3473,99900,110446
3474,99879,110447
3475,99896,110433
3476,99850,110424
3477,99858,110400
3478,99864,110409
3479,99846,110417
3480,99856,110401
3481,99887,110408
3482,99868,110444
3483,99899,110486
3484,99882,110503
3485,99904,110530
3486,99928,110533
3487,99894,110582
3488,99933,110582
3489,99921,110610
3490,99902,110589
3491,99932,110594
3492,99917,110588
3493,99914,110592
3494,99919,110598
3495,99931,110600
3496,99907,110596
3497,99923,110628
3498,99928,110642
3499,99928,110670
3500,99929,110661
3501,99939,110692
3502,99946,110693
3503,99979,110724
3504,99967,110744
3505,99968,110763
3506,99968,110799
3507,99980,110820
3508,100015,110868
3509,99999,110871
3510,100008,110910
3511,100016,110923
3512,100030,110940
3513,100022,110952
3514,100051,110998
3515,100050,110988
3516,100067,110996
3517,100078,111016
3518,100082,111028
3519,100056,111031
3520,100044,111067
3521,100071,111072
3522,100072,111070
3523,100066,111084
3524,100093,111091
3525,100084,111125
3526,100096,111140
3527,100130,111180
3528,100103,111171
3529,100120,111207
3530,100142,111234
3531,100110,111264
3532,100161,111259
3533,100152,111291
3534,100149,111337
3535,100173,111340
3536,100163,111352
3537,100176,111308
3538,100158,111241
3539,100083,111141
3540,99997,110971
3541,99960,110869
3542,99917,110775
3543,99911,110694
3544,99877,110638
3545,99836,110613
3546,99852,110591
3547,99855,110578
3548,99827,110568
3549,99821,110544
3550,99816,110562
3551,99841,110541
3552,99825,110562
3553,99806,110534
3554,99819,110528
3555,99800,110506
3556,99801,110537
3557,99818,110515
3558,99829,110517
3559,99808,110510
3560,99833,110518
3561,99799,110551
3562,99839,110594
3563,99856,110596
3564,99882,110629
3565,99872,110664
3566,99871,110680
3567,99881,110719
3568,99884,110690
3569,99871,110718
3570,99888,110709
3571,99873,110688
3572,99899,110697
3573,99864,110694
3574,99869,110696
3575,99902,110699
3576,99898,110728
3577,99879,110741
3578,99907,110781
3579,99904,110784
3580,99910,110808
3581,99889,110826
3582,99925,110822
3583,99926,110847
3584,99957,110885
3585,99961,110893
3586,99956,110913
3587,99959,110931
3588,99982,110978
3589,99966,110994
3590,99991,111009
3591,99979,111042
3592,100010,111023
3593,100020,111053
3594,100022,111089
3595,100032,111121
3596,100049,111118
3597,100048,111137
3598,100035,111163
3599,100053,111155
3600,100051,111166
3601,100067,111189
3602,100050,111171
3603,99873,110688
3604,100054,111187
3605,100064,111205
3606,100078,111223
3607,100074,111232
3608,100094,111250
3609,100097,111309
3610,100100,111338
3611,100112,111338
3612,100119,111372
3613,100132,111383
3614,100112,111401
3615,100148,111462
3616,100162,111466
3617,100181,111490
3618,100161,111466
3619,100128,111447
3620,100112,111362
3621,100074,111234
3622,99998,111072
3623,99957,110944
3624,99924,110832
3625,99876,110802
3626,99865,110727
3627,99819,110705
3628,99822,110694
3629,99823,110683
3630,99832,110668
3631,99825,110683
3632,99812,110662
3633,99827,110645
3634,99833,110652
3635,99800,110647
3636,99799,110605
3637,99824,110626
3638,99794,110606
3639,99797,110626
3640,99779,110614
3641,99785,110611
3642,99796,110622
3643,99815,110682
3644,99812,110715
3645,99837,110718
3646,99844,110733
3647,99855,110769
3648,99858,110783
3649,99852,110753
3650,99849,110779
3651,99843,110772
3652,99873,110791
3653,99829,110761
3654,99860,110796
3655,99845,110773
3656,99866,110789
3657,99872,110812
3658,99864,110822
3659,99895,110826
3660,99881,110837
3661,99864,110827
3662,99885,110850
3663,99918,110898
3664,99916,110908
3665,99912,110944
3666,99945,110962
3667,99927,110973
3668,99952,110998
3669,99979,111028
3670,99982,111049
3671,99974,111066
3672,99990,111059
3673,99998,111097
3674,100000,111118
3675,100017,111131
3676,99994,111136
3677,100041,111183
3678,100039,111188
3679,100015,111165
3680,100047,111211
3681,100026,111175
3682,100028,111182
3683,100043,111201
3684,100060,111218
3685,100028,111233
3686,100031,111230
3687,100072,111265
3688,100059,111305
3689,100064,111277
3690,100068,111312
3691,100084,111301
3692,100106,111356
3693,100091,111361
3694,100106,111370
3695,100094,111390
3696,100133,111400
3697,100118,111440
3698,100113,111440
3699,100138,111455
3700,100130,111445
3701,100086,111363
3702,100050,111261
3703,99999,111155
3704,99962,111052
3705,99919,110895
3706,99874,110833
3707,99866,110771
3708,99839,110758
3709,99848,110744
3710,99829,110713
3711,99853,110717
3712,99822,110701
3713,99833,110707
3714,99836,110677
3715,99838,110693
3716,99831,110705
3717,99828,110696
3718,99819,110693
3719,99854,110713
3720,99834,110687
3721,99822,110727
3722,99836,110746
3723,99851,110761
3724,99848,110794
3725,99850,110814
3726,99875,110850
3727,99877,110856
3728,99898,110881
3729,99888,110870
3730,99903,110882
3731,99855,110860
3732,99882,110859
3733,99882,110881
3734,99876,110870
3735,99906,110899
3736,99889,110905
3737,99899,110909
3738,99881,110898
3739,99896,110941
3740,99903,110933
3741,99919,110955
3742,99919,110985
3743,99921,110993
3744,99947,111044
3745,99943,111034
3746,99967,111071
3747,99955,111091
3748,99996,111129
3749,100013,111143
3750,99986,111136
3751,100013,111186
3752,100030,111192
3753,100038,111230
3754,100018,111252
3755,100068,111259
3756,100053,111281
3757,100062,111302
3758,100044,111301
3759,100074,111321
3760,100067,111330
3761,100082,111322
3762,100078,111326
3763,100050,111348
3764,100071,111362
3765,100087,111364
3766,100079,111408
3767,100108,111409
3768,100087,111410
3769,100123,111442
3770,100133,111471
3771,100131,111480
3772,100139,111521
3773,100142,111548
3774,100169,111571
3775,100166,111567
3776,100163,111588
3777,100196,111618
3778,100180,111634
3779,100185,111602
3780,100145,111522
3781,100102,111404
3782,100044,111262
3783,99985,111150
3784,99960,111034
3785,99910,110956
3786,99917,110940
3787,99900,110898
3788,99881,110908
3789,99883,110887
3790,99889,110884
3791,99909,110880
3792,99897,110896
3793,99883,110893
3794,99879,110904
3795,99870,110878
3796,99874,110876
3797,99851,110871
3798,99880,110891
3799,99847,110864
3800,99884,110868
3801,99872,110887
3802,99881,110908
3803,99870,110929
3804,99913,110954
3805,99908,110974
3806,99918,111004
3807,99931,111036
3808,99934,111041
3809,99927,111034
3810,99946,111040
3811,99953,111040
3812,99954,111059
3813,99951,111037
3814,99957,111053
3815,99949,111070
3816,99933,111069
3817,99952,111069
3818,99960,111077
3819,99988,111106
3820,99971,111119
3821,99969,111153
3822,99963,111158
3823,100013,111197
3824,99980,111208
3825,100031,111262
3826,100017,111274
3827,99870,110878
3828,100045,111324
3829,100043,111331
3830,100077,111381
3831,100052,111387
3832,100074,111393
3833,100097,111444
3834,100100,111452
3835,100094,111466
3836,100107,111484
3837,100111,111509
3838,100121,111538
3839,100117,111532
3840,100115,111538
3841,100136,111558
3842,100112,111568
3843,100148,111597
3844,100133,111593
3845,100149,111618
3846,100163,111648
3847,100169,111645
3848,100167,111691
3849,100179,111691
3850,100186,111715
3851,100175,111730
3852,100197,111745
3853,100194,111752
3854,100198,111773
3855,100200,111760
3856,100177,111689
3857,100134,111571
3858,100067,111415
3859,100020,111261
3860,99962,111162
3861,99955,111105
3862,99916,111054
3863,99874,111022
3864,99877,110986
3865,99878,110986
3866,99882,110974
3867,99892,110968
3868,99881,110990
3869,99853,110961
3870,99856,110962
3871,99869,110948
3872,99888,110967
3873,99856,110969
3874,99858,110956
3875,99853,110940
3876,99846,110964
3877,99844,110963
3878,99853,110970
3879,99885,110999
3880,99878,111017
3881,99884,111053
3882,99882,111066
3883,99915,111103
3884,99927,111122
3885,99919,111154
3886,99924,111163
3887,99925,111153
3888,99940,111136
3889,99931,111137
3890,99931,111111
3891,99955,111158
3892,99948,111154
3893,99951,111149
3894,99950,111182
3895,99961,111220
3896,99978,111180
3897,99981,111205
3898,99967,111227
3899,100000,111248
3900,99993,111289
3901,100006,111319
3902,100005,111336
3903,100029,111369
3904,100023,111372
3905,100035,111394
3906,100048,111423
3907,100062,111481
3908,100054,111503
3909,100079,111510
3910,100065,111514
3911,100083,111552
3912,100081,111570
3913,100106,111578
3914,100128,111606
3915,100119,111584
3916,100113,111604
3917,100134,111627
3918,100116,111632
3919,100135,111633
3920,100122,111662
3921,100135,111719
3922,100135,111699
3923,100166,111737
3924,100164,111752
3925,100157,111751
3926,100161,111790
3927,100181,111798
3928,100184,111816
3929,100200,111837
3930,100209,111874
3931,100216,111864
3932,100195,111854
3933,100172,111772
3934,100126,111666
3935,100102,111522
3936,100016,111364
3937,99953,111235
3938,99949,111167
3939,99923,111130
3940,99892,111080
3941,99881,111066
3942,99879,111050
3943,99860,111063
3944,99877,111056
3945,99880,111048
3946,99864,111047
3947,99875,111051
3948,99879,111040
3949,99885,111031
3950,99859,111033
3951,99828,111024
3952,99852,111011
3953,99871,111021
3954,99855,111026
3955,99858,111037
3956,99879,111093
3957,99882,111108
3958,99913,111158
3959,99921,111206
3960,99920,111215
3961,99942,111234
3962,99939,111227
3963,99941,111229
3964,99923,111230
3965,99939,111240
3966,99941,111213
3967,99918,111236
3968,99965,111232
3969,99931,111243
3970,99927,111227
3971,99933,111262
3972,99950,111289
3973,99935,111271
3974,99950,111291
3975,99969,111327
3976,99973,111351
3977,99978,111380
3978,100015,111399
3979,100004,111428
3980,99989,111465
3981,100047,111473
3982,100051,111514
3983,100022,111526
3984,100077,111550
3985,100073,111581
3986,100094,111613
3987,100117,111637
3988,100113,111661
3989,100098,111694
3990,100102,111693
3991,100114,111695
3992,100114,111706
3993,100123,111719
3994,100126,111720
3995,100117,111748
3996,100150,111746
3997,100129,111762
3998,100141,111795
3999,100150,111807
4000,100166,111801
4001,100155,111838
4002,100170,111878
4003,100204,111882
4004,100242,111901
4005,100243,111941
4006,100214,111933
4007,100250,112016
4008,100243,112014
4009,100243,112000
4010,100246,111979
4011,100211,111936
4012,100149,111793
4013,100101,111637
4014,100025,111452
4015,99994,111335
4016,99936,111271
4017,99905,111188
4018,99896,111148
4019,99880,111146
4020,99878,111121
4021,99896,111134
4022,99881,111124
4023,99884,111137
4024,99887,111110
4025,99895,111121
4026,99888,111135
4027,99899,111126
4028,99887,111110
4029,99902,111115
4030,99870,111089
4031,99878,111092
4032,99894,111115
4033,99873,111132
4034,99891,111165
4035,99913,111194
4036,99913,111223
4037,99939,111245
4038,99931,111268
4039,99937,111284
4040,99934,111286
4041,99960,111277
4042,99958,111300
4043,99947,111285
4044,99957,111295
4045,99927,111303
4046,99939,111274
4047,99994,111335
4048,99934,111289
4049,99951,111347
4050,99944,111335
4051,99974,111336
4052,99988,111389
4053,99972,111380
4054,100041,111420
4055,100023,111431
4056,100019,111463
4057,100036,111493
4058,100047,111496
4059,100034,111565
4060,100032,111559
4061,100052,111574
4062,100075,111589
4063,100048,111611
4064,100095,111639
4065,100101,111672
4066,100120,111683
4067,100099,111709
4068,100128,111719
4069,100111,111698
4070,100112,111720
4071,100107,111723
4072,100111,111733
4073,100123,111763
4074,100128,111753
4075,100126,111767
4076,100152,111790
4077,100136,111780
4078,100139,111811
4079,100174,111836
4080,100167,111847
4081,100192,111844
4082,100173,111877
4083,100192,111921
4084,100188,111914
4085,100184,111917
4086,100187,111941
4087,100189,111945
4088,100179,111923
4089,100170,111854
4090,100120,111721
4091,100049,111579
4092,100019,111427
4093,99953,111308
4094,99906,111240
4095,99888,111199
4096,99881,111172
4097,99857,111147
4098,99873,111123
4099,99872,111131
4100,99866,111137
4101,99877,111151
4102,99881,111143
4103,99840,111139
4104,99878,111127
4105,99844,111128
4106,99890,111148
4107,99876,111144
4108,99864,111124
4109,99900,111169
4110,99887,111197
4111,99901,111190
4112,99907,111234
4113,99918,111267
4114,99956,111288
4115,99952,111314
4116,99938,111322
4117,99957,111343
4118,99958,111336
4119,99972,111308
4120,99982,111340
4121,99950,111305
4122,99932,111325
4123,99956,111319
4124,99950,111315
4125,99968,111363
4126,99979,111369
4127,99990,111354
4128,99974,111372
4129,99979,111406
4130,99983,111429
4131,99996,111443
4132,100035,111475
4133,100008,111497
4134,100016,111505
4135,100041,111535
4136,100051,111592
4137,100046,111592
4138,100085,111632
4139,100066,111646
4140,100113,111667
4141,100085,111713
4142,100099,111737
4143,100103,111743
4144,100108,111731
4145,100119,111747
4146,100130,111777
4147,100130,111763
4148,100134,111756
4149,100138,111797
4150,100137,111799
4151,100145,111807
4152,100162,111834
4153,100147,111815
4154,100144,111862
4155,100159,111871
4156,100182,111873
4157,100186,111914
4158,100177,111913
4159,100166,111930
4160,100201,111948
4161,100218,111965
4162,100207,111965
4163,100198,111940
4164,100176,111901
4165,100135,111759
4166,100093,111648
4167,100020,111490
4168,99973,111387
4169,99948,111323
4170,99908,111253
4171,99890,111227
4172,99905,111212
4173,99871,111191
4174,99887,111197
4175,99884,111226
4176,99887,111188
4177,99859,111197
4178,99879,111201
4179,99895,111174
4180,99888,111184
4181,99850,111186
4182,99854,111186
4183,99877,111160
4184,99858,111173
4185,99876,111209
4186,99875,111214
4187,99896,111230
4188,99904,111254
4189,99898,111279
4190,99922,111322
4191,99911,111335
4192,99927,111342
4193,99933,111348
4194,99935,111340
4195,99909,111344
4196,99923,111336
4197,99954,111339
4198,99939,111336
4199,99940,111338
4200,99927,111366
4201,99922,111330
4202,99918,111372
4203,99944,111376
4204,99972,111409
4205,99981,111433
4206,99974,111429
4207,99964,111459
4208,99969,111487
4209,99993,111493
4210,99993,111518
4211,100009,111524
4212,100019,111559
4213,100046,111580
4214,100035,111610
4215,100045,111646
4216,100036,111652
4217,100072,111673
4218,100073,111677
4219,100041,111696
4220,100058,111714
4221,100098,111730
4222,100108,111724
4223,100096,111743
4224,100116,111754
4225,100096,111775
4226,100119,111789
4227,100114,111780
4228,100111,111808
4229,100128,111839
4230,100122,111821
4231,100140,111827
4232,100162,111871
4233,100160,111893
4234,100151,111904
4235,100172,111924
4236,100180,111903
4237,100198,111946
4238,100159,111925
4239,100134,111865
4240,100122,111770
4241,100083,111635
4242,100012,111525
4243,99941,111408
4244,99924,111336
4245,99910,111275
4246,99904,111234
4247,99889,111188
4248,99866,111207
4249,99862,111203
4250,99836,111164
4251,99859,111174
4252,99867,111170
4253,99862,111187
4254,99844,111136
4255,99835,111141
4256,99845,111156
4257,99849,111157
4258,99834,111135
4259,99850,111105
4260,99833,111118
4261,99829,111128
4262,99835,111145
4263,99856,111194
4264,99872,111197
4265,99879,111238
4266,99900,111266
4267,99898,111285
4268,99900,111289
4269,99895,111322
4270,99905,111291
4271,100134,111865
4272,100122,111770
4273,99898,111268
4274,99908,111300
4275,99880,111306
4276,99904,111318
4277,99904,111311
4278,99916,111342
4279,99904,111350
4280,99929,111346
4281,99942,111382
4282,99949,111384
4283,99943,111444
4284,99952,111468
4285,99954,111464
4286,99982,111499
4287,99970,111509
4288,100004,111552
4289,99986,111565
4290,99989,111575
4291,100012,111601
4292,100028,111659
4293,100009,111626
4294,100039,111648
4295,100040,111686
4296,100026,111672
4297,100050,111702
4298,100056,111691
4299,100043,111710
4300,100052,111730
4301,100055,111726
4302,100053,111727
4303,100063,111747
4304,100082,111765
4305,100117,111779
4306,100085,111783
4307,100069,111817
4308,100088,111836
4309,100117,111856
4310,100111,111856
4311,100131,111882
4312,100112,111895
4313,100119,111926
4314,100123,111886
4315,100129,111877
4316,100085,111766
4317,100032,111669
4318,99957,111504
4319,99925,111414
4320,99889,111329
4321,99852,111260
4322,99815,111213
4323,99825,111203
4324,99835,111187
4325,99843,111172
4326,99836,111155
4327,99816,111145
4328,99813,111141
4329,99791,111127
4330,99794,111109
4331,99779,111096
4332,99797,111108
4333,99794,111131
4334,99792,111081
4335,99799,111075
4336,99774,111077
4337,99782,111101
4338,99817,111108
4339,99810,111122
4340,99811,111169
4341,99854,111189
4342,99840,111218
4343,99854,111276
4344,99845,111252
4345,99867,111262
4346,99865,111252
4347,99835,111243
4348,99858,111246
4349,99862,111267
4350,99858,111268
4351,99850,111266
4352,99865,111246
4353,99856,111272
4354,99871,111325
4355,99848,111331
4356,99877,111305
4357,99881,111343
4358,99909,111352
4359,99925,111375
4360,99922,111432
4361,99922,111442
4362,99922,111457
4363,99921,111449
4364,99940,111477
4365,99930,111516
4366,99961,111525
4367,99975,111562
4368,99962,111570
4369,99993,111562
4370,99985,111631
4371,99994,111607
4372,100005,111667
4373,100004,111652
4374,100006,111673
4375,100010,111704
4376,100019,111694
4377,100048,111714
4378,100049,111736
4379,100054,111725
4380,100024,111728
4381,100034,111726
4382,100070,111768
4383,100080,111792
4384,100086,111814
4385,100065,111842
4386,100064,111863
4387,100113,111888
4388,100119,111918
4389,100130,111955
4390,100111,111950
4391,100131,111990
4392,100115,111963
4393,100133,111976
4394,100110,111952
4395,100095,111875
4396,100036,111700
4397,99970,111566
4398,99908,111423
4399,99844,111317
4400,99820,111240
4401,99809,111201
4402,99783,111162
4403,99786,111151
4404,99779,111152
4405,99780,111150
4406,99765,111112
4407,99790,111139
4408,99765,111111
4409,99766,111118
4410,99787,111093
4411,99757,111097
4412,99751,111081
4413,99757,111070
4414,99745,111074
4415,99776,111079
4416,99757,111103
4417,99753,111123
4418,99767,111141
4419,99795,111179
4420,99798,111201
4421,99816,111254
4422,99813,111243
4423,99836,111262
4424,99835,111258
4425,99858,111267
4426,99815,111260
4427,99809,111237
4428,99817,111244
4429,99819,111251
4430,99834,111242
4431,99809,111260
4432,99831,111284
4433,99842,111308
4434,99839,111330
4435,99843,111311
4436,99860,111359
4437,99887,111379
4438,99884,111412
4439,99898,111395
4440,99902,111447
4441,99927,111464
4442,99919,111477
4443,99932,111513
4444,99966,111529
4445,99965,111540
4446,99941,111543
4447,99971,111578
4448,99993,111574
4449,99974,111587
4450,99974,111600
4451,99988,111598
4452,99987,111618
4453,99996,111603
4454,99991,111640
4455,99998,111632
4456,99998,111628
4457,99997,111615
4458,100003,111640
4459,100000,111648
4460,100007,111633
4461,100009,111671
4462,100011,111676
4463,100047,111713
4464,100056,111730
4465,100043,111725
4466,100052,111735
4467,100054,111769
4468,100061,111765
4469,100064,111806
4470,100067,111811
4471,100077,111809
4472,100050,111789
4473,100053,111723
4474,99984,111584
4475,99928,111494
4476,99894,111369
4477,99844,111282
4478,99840,111214
4479,99814,111161
4480,99795,111151
4481,99766,111092
4482,99767,111105
4483,99786,111117
4484,99759,111082
4485,99775,111081
4486,99787,111076
4487,99756,111087
4488,99756,111076
4489,99769,111033
4490,99758,111070
4491,99763,111051
4492,99760,111085
4493,99769,111082
4494,100011,111676
4495,99783,111133
4496,99813,111162
4497,99831,111189
4498,99834,111228
4499,99813,111230
4500,99818,111237
4501,99820,111208
4502,99829,111242
4503,99817,111223
4504,99824,111208
4505,99815,111214
4506,99843,111207
4507,99826,111222
4508,99834,111242
4509,99818,111245
4510,99822,111278
4511,99848,111276
4512,99825,111290
4513,99862,111319
4514,99852,111345
4515,99863,111353
4516,99893,111370
4517,99887,111414
4518,99885,111425
4519,99915,111450
4520,99921,111482
4521,99921,111509
4522,99915,111532
4523,99944,111555
4524,99958,111568
4525,99979,111574
4526,99989,111600
4527,99978,111615
4528,99974,111626
4529,99988,111624
4530,99986,111637
4531,99977,111659
4532,100022,111683
4533,99996,111681
4534,100009,111677
4535,100020,111677
4536,100000,111694
4537,100027,111712
4538,100021,111752
4539,100035,111750
4540,100034,111784
4541,100022,111802
4542,100041,111831
4543,100097,111826
4544,100063,111856
4545,100069,111884
4546,100060,111862
4547,100065,111850
4548,100043,111799
4549,99992,111698
4550,99941,111578
4551,99912,111410
4552,99864,111321
4553,99815,111241
4554,99802,111194
4555,99760,111148
4556,99750,111115
4557,99769,111097
4558,99749,111090
4559,99764,111085
4560,99756,111066
4561,99752,111050
4562,99743,111033
4563,99762,111029
4564,99739,111022
4565,99747,111048
4566,99724,111025
4567,99716,111036
4568,99722,111014
4569,99748,111031
4570,99737,111030
4571,99734,111039
4572,99745,111074
4573,99768,111132
4574,99786,111160
4575,99799,111182
4576,99780,111207
4577,99798,111197
4578,99792,111187
4579,99790,111183
4580,99804,111182
4581,99783,111202
4582,99777,111205
4583,99783,111199
4584,99814,111187
4585,99813,111199
4586,99809,111208
4587,99794,111244
4588,99820,111248
4589,99810,111276
4590,99844,111287
4591,99829,111333
4592,99855,111342
4593,99847,111348
4594,99857,111399
4595,99869,111390
4596,99887,111426
4597,99883,111439
4598,99897,111470
4599,99902,111485
4600,99912,111491
4601,99920,111524
4602,99921,111540
4603,99940,111591
4604,99936,111548
4605,99960,111586
4606,99963,111610
4607,99938,111610
4608,99956,111607
4609,99966,111629
4610,99944,111619
4611,99974,111639
4612,99956,111655
4613,99968,111662
4614,99963,111675
4615,100000,111690
4616,99972,111696
4617,100003,111724
4618,99999,111734
4619,100004,111777
4620,100017,111788
4621,100030,111826
4622,100047,111833
4623,100037,111835
4624,100005,111818
4625,100019,111761
4626,99966,111667
4627,99911,111517
4628,99850,111393
4629,99802,111294
4630,99777,111185
4631,99743,111124
4632,99745,111088
4633,99727,111053
4634,99706,111027
4635,99696,111002
4636,99686,111006
4637,99697,110995
4638,99668,110966
4639,99673,110965
4640,99672,110936
4641,99639,110956
4642,99646,110904
4643,99657,110908
4644,99639,110904
4645,99638,110857
4646,99638,110875
4647,99638,110889
4648,99656,110922
4649,99642,110918
4650,99662,110953
4651,99671,110997
4652,99674,111024
4653,99707,111024
4654,99690,111036
4655,99683,111067
4656,99690,111047
4657,99706,111047
4658,99693,111023
4659,99708,111044
4660,99703,111046
4661,99703,111072
4662,99715,111057
4663,99701,111085
4664,99719,111101
4665,99712,111094
4666,99722,111102
4667,99743,111141
4668,99731,111109
4669,99762,111191
4670,99772,111211
4671,99785,111218
4672,99786,111220
4673,99785,111252
4674,99802,111286
4675,99802,111319
4676,99825,111311
4677,99799,111339
4678,99855,111375
4679,99861,111395
4680,99848,111395
4681,99854,111441
4682,99860,111423
4683,99871,111450
4684,99883,111478
4685,99883,111483
4686,99884,111489
4687,99886,111498
4688,99879,111525
4689,99893,111514
4690,99877,111525
4691,99902,111557
4692,99923,111566
4693,99922,111612
4694,99954,111614
4695,99949,111640
4696,99965,111684
4697,99942,111676
4698,99946,111716
4699,99959,111724
4700,99972,111760
4701,99980,111771
4702,99980,111800
4703,99967,111749
4704,99969,111698
4705,99904,111583
4706,99878,111445
4707,99788,111281
4708,99769,111189
4709,99736,111121
4710,99702,111046
4711,99683,111009
4712,99688,110984
4713,99641,110937
4714,99627,110923
4715,99871,111450
4716,99883,111478
4717,99634,110888
4718,99639,110871
4719,99619,110874
4720,99618,110877
4721,99629,110868
4722,99643,110857
4723,99613,110830
4724,99596,110831
4725,99613,110831
4726,99597,110848
4727,99626,110884
4728,99627,110907
4729,99647,110940
4730,99628,110935
4731,99646,110982
4732,99643,110987
4733,99653,111004
4734,99660,111017
4735,99658,111015
4736,99654,111015
4737,99628,111029
4738,99669,111026
4739,99656,111022
4740,99673,111032
4741,99676,111044
4742,99666,111045
4743,99671,111066
4744,99678,111090
4745,99676,111093
4746,99704,111101
4747,99693,111150
4748,99710,111160
4749,99734,111201
4750,99730,111201
4751,99730,111233
4752,99757,111256
4753,99771,111280
4754,99753,111296
4755,99760,111292
4756,99788,111331
4757,99791,111356
4758,99799,111365
4759,99826,111386
4760,99819,111397
4761,99804,111408
4762,99824,111403
4763,99814,111415
4764,99819,111445
4765,99824,111455
4766,99828,111465
4767,99820,111445
4768,99835,111468
4769,99839,111465
4770,99850,111497
4771,99861,111515
4772,99865,111519
4773,99866,111526
4774,99874,111575
4775,99894,111579
4776,99891,111601
4777,99913,111629
4778,99914,111677
4779,99927,111653
4780,99931,111699
4781,99926,111701
4782,99951,111709
4783,99948,111697
4784,99943,111649
4785,99879,111569
4786,99820,111447
4787,99786,111341
4788,99745,111179
4789,99707,111078
4790,99660,111034
4791,99649,110963
4792,99622,110939
4793,99613,110910
4794,99606,110894
4795,99607,110867
4796,99605,110858
4797,99587,110861
4798,99590,110855
4799,99577,110835
4800,99571,110852
4801,99596,110848
4802,99560,110785
4803,99567,110781
4804,99559,110794
4805,99551,110764
4806,99554,110787
4807,99562,110798
4808,99573,110837
4809,99584,110852
4810,99606,110919
4811,99610,110929
4812,99601,110910
4813,99614,110927
4814,99619,110944
4815,99620,110962
4816,99607,110938
4817,99614,110927
4818,99614,110937
4819,99631,110925
4820,99637,110942
4821,99624,110973
4822,99627,110962
4823,99623,110976
4824,99642,110990
4825,99668,111024
4826,99644,111013
4827,99651,111038
4828,99666,111069
4829,99657,111068
4830,99676,111095
4831,99691,111131
4832,99703,111158
4833,99711,111162
4834,99695,111180
4835,99740,111211
4836,99715,111255
4837,99724,111221
4838,99764,111272
4839,99745,111289
4840,99735,111279
4841,99757,111296
4842,99760,111314
4843,99751,111298
4844,99758,111316
4845,99774,111325
4846,99759,111330
4847,99741,111340
4848,99765,111349
4849,99771,111362
4850,99787,111372
4851,99803,111403
4852,99816,111409
4853,99798,111415
4854,99817,111443
4855,99799,111472
4856,99820,111486
4857,99827,111491
4858,99837,111508
4859,99854,111533
4860,99843,111566
4861,99866,111570
4862,99873,111583
4863,99872,111584
4864,99833,111532
4865,99809,111425
4866,99759,111317
4867,99702,111195
4868,99667,111079
4869,99630,110988
4870,99588,110927
4871,99588,110876
4872,99556,110844
4873,99567,110826
4874,99542,110811
4875,99524,110809
4876,99523,110788
4877,99547,110814
4878,99528,110809
4879,99545,110789
4880,99549,110796
4881,99539,110774
4882,99539,110782
4883,99537,110774
4884,99518,110758
4885,99547,110807
4886,99551,110800
4887,99564,110843
4888,99573,110877
4889,99591,110922
4890,99613,110915
4891,99596,110920
4892,99607,110938
4893,99623,110956
4894,99608,110959
4895,99606,110962
4896,99588,110961
4897,99631,110945
4898,99631,110964
4899,99583,110918
4900,99629,110967
4901,99615,110977
4902,99618,110982
4903,99652,111028
4904,99647,111051
4905,99649,111051
4906,99673,111063
4907,99650,111111
4908,99668,111115
4909,99678,111111
4910,99692,111142
4911,99716,111200
4912,99698,111200
4913,99718,111231
4914,99716,111235
4915,99723,111293
4916,99742,111302
4917,99746,111344
4918,99759,111349
4919,99765,111369
4920,99752,111381
4921,99788,111401
4922,99786,111416
4923,99782,111403
4924,99771,111450
4925,99808,111445
4926,99801,111434
4927,99816,111451
4928,99782,111453
4929,99799,111474
4930,99824,111515
4931,99856,111514
4932,99820,111513
4933,99851,111538
4934,99875,111601
4935,99862,111585
4936,99846,111628
4937,99890,111636
4938,99886,111649
4939,99879,111666
4940,99871,111656
4941,99876,111650
4942,99857,111599
4943,99797,111492
4944,99765,111331
4945,99716,111212
4946,99668,111121
4947,99632,111003
4948,99603,110949
4949,99597,110925
4950,99555,110892
4951,99562,110882
4952,99559,110888
4953,99539,110883
4954,99556,110863
4955,99561,110839
4956,99539,110831
4957,99515,110836
4958,99537,110831
4959,99519,110818
4960,99519,110819
4961,99519,110822
4962,99520,110827
4963,99539,110822
4964,99542,110850
4965,99556,110872
4966,99554,110882
4967,99557,110933
4968,99579,110972
4969,99580,110984
4970,99590,111008
4971,99584,111019
4972,99592,111029
4973,99590,111019
4974,99586,111022
4975,99607,111017
4976,99593,111022
4977,99580,111032
4978,99606,111042
4979,99602,111046
4980,99599,111056
4981,99602,111100
4982,99608,111098
4983,99605,111112
4984,99633,111101
4985,99651,111140
4986,99638,111149
4987,99679,111200
4988,99657,111215
4989,99686,111207
4990,99682,111259
4991,99718,111277
4992,99698,111305
4993,99743,111350
4994,99731,111351
4995,99747,111376
4996,99762,111387
4997,99753,111374
4998,99759,111416
4999,99770,111409
5000,99767,111430
5001,99788,111486
5002,99784,111465
5003,99786,111481
5004,99784,111515
5005,99826,111525
5006,99807,111540
5007,99826,111557
5008,99826,111572
5009,99825,111624
5010,99839,111614
5011,99860,111653
5012,99870,111680
5013,99885,111710
5014,99914,111719
5015,99889,111748
5016,99900,111784
5017,99911,111781
5018,99884,111786
5019,99885,111714
5020,99843,111642
5021,99786,111512
5022,99711,111322
5023,99685,111198
5024,99630,111090
5025,99594,111037
5026,99591,110964
5027,99588,110954
5028,99561,110959
5029,99545,110904
5030,99554,110904
5031,99545,110872
5032,99564,110894
5033,99556,110911
5034,99545,110900
5035,99533,110868
5036,99522,110853
5037,99536,110871
5038,99537,110851
5039,99540,110876
5040,99543,110861
5041,99540,110885
5042,99534,110903
5043,99575,110946
5044,99577,110957
5045,99574,110987
5046,99594,111028
5047,99595,111044
5048,99621,111069
5049,99602,111062
5050,99602,111071
5051,99592,111040
5052,99620,111059
5053,99614,111073
5054,99620,111086
5055,99634,111105
5056,99622,111085
5057,99625,111116
5058,99649,111137
5059,99639,111181
5060,99647,111174
5061,99653,111209
5062,99655,111229
5063,99682,111264
5064,99697,111283
5065,99709,111318
5066,99718,111341
5067,99715,111361
5068,99735,111386
5069,99745,111419
5070,99777,111452
5071,99759,111453
5072,99770,111484
5073,99785,111529
5074,99789,111510
5075,99806,111547
5076,99783,111539
5077,99823,111581
5078,99807,111570
5079,99820,111602
5080,99831,111633
5081,99857,111626
5082,99834,111631
5083,99841,111649
5084,99857,111694
5085,99848,111721
5086,99867,111713
5087,99865,111748
5088,99896,111803
5089,99900,111821
5090,99914,111843
5091,99905,111849
5092,99927,111845
5093,99924,111895
5094,99933,111903
5095,99929,111914
5096,99913,111869
5097,99917,111817
5098,99836,111675
5099,99776,111504
5100,99719,111337
5101,99650,111194
5102,99623,111097
5103,99596,111028
5104,99580,110977
5105,99582,110969
5106,99552,110936
5107,99542,110937
5108,99548,110941
5109,99561,110922
5110,99553,110929
5111,99561,110898
5112,99542,110910
5113,99558,110901
5114,99541,110881
5115,99536,110881
5116,99555,110866
5117,99521,110880
5118,99580,110924
5119,99594,110928
5120,99579,110947
5121,99581,111006
5122,99589,111003
5123,99611,111026
5124,99590,111069
5125,99629,111090
5126,99648,111089
5127,99594,111079
5128,99625,111068
5129,99615,111058
5130,99608,111062
5131,99619,111063
5132,99628,111088
5133,99616,111079
5134,99617,111079
5135,99638,111096
5136,99635,111117
5137,99642,111132
5138,99645,111151
5139,99650,111204
5140,99678,111212
5141,99697,111259
5142,99686,111252
5143,99702,111320
5144,99750,111341
5145,99727,111392
5146,99739,111393
5147,99748,111414
5148,99768,111451
5149,99758,111476
5150,99777,111517
5151,99787,111540
5152,99788,111573
5153,99805,111563
5154,99827,111566
5155,99812,111584
5156,99798,111583
5157,99829,111592
5158,99829,111584
5159,99822,111612
5160,99843,111631
5161,99839,111633
5162,99847,111664
5163,99847,111676
5164,99855,111686
5165,99863,111709
5166,99897,111747
5167,99905,111792
5168,99928,111826
5169,99912,111846
5170,99934,111877
5171,99951,111905
5172,99955,111911
5173,99942,111929
5174,99967,111968
5175,99953,111941
5176,99920,111890
5177,99880,111770
5178,99809,111609
5179,99762,111406
5180,99670,111271
5181,99648,111151
5182,99593,111084
5183,99603,111003
5184,99564,110998
5185,99555,110968
5186,99562,110966
5187,99565,110963
5188,99558,110929
5189,99565,110947
5190,99568,110951
5191,99554,110938
5192,99548,110937
5193,99552,110918
5194,99552,110900
5195,99552,110911
5196,99538,110902
5197,99541,110916
5198,99570,110938
5199,99580,110982
5200,99574,111002
5201,99573,111030
5202,99606,111061
5203,99608,111078
5204,99615,111085
5205,99630,111098
5206,99632,111086
5207,99616,111076
5208,99623,111058
5209,99636,111101
5210,99623,111073
5211,99607,111072
5212,99633,111075
5213,99628,111102
5214,99649,111106
5215,99633,111143
5216,99651,111161
5217,99654,111159
5218,99671,111189
5219,99686,111247
5220,99689,111233
5221,99704,111271
5222,99712,111288
5223,99720,111315
5224,99738,111349
5225,99764,111389
5226,99791,111395
5227,99780,111427
5228,99786,111454
5229,99779,111480
5230,99804,111501
5231,99800,111500
5232,99808,111517
5233,99818,111561
5234,99818,111528
5235,99822,111552
5236,99833,111561
5237,99845,111569
5238,99844,111584
5239,99830,111585
5240,99839,111590
5241,99841,111605
5242,99850,111628
5243,99877,111625
5244,99857,111664
5245,99897,111696
5246,99890,111712
5247,99887,111745
5248,99913,111763
5249,99913,111801
5250,99936,111813
5251,99921,111844
5252,99943,111843
5253,99945,111796
5254,99890,111718
5255,99856,111611
5256,99774,111439
5257,99703,111270
5258,99672,111186
5259,99630,111077
5260,99605,111011
5261,99608,110982
5262,99600,110983
5263,99566,110949
5264,99602,110921
5265,99584,110917
5266,99604,110919
5267,99572,110940
5268,99575,110913
5269,99602,110934
5270,99588,110904
5271,99589,110927
5272,99584,110934
5273,99590,110939
5274,99583,110952
5275,99598,110956
5276,99586,110983
5277,99630,111035
5278,99643,111070
5279,99627,111086
5280,99651,111119
5281,99670,111125
5282,99653,111145
5283,99646,111120
5284,99638,111122
5285,99643,111118
5286,99638,111108
5287,99658,111128
5288,99669,111117
5289,99642,111164
5290,99666,111137
5291,99643,111176
5292,99686,111193
5293,99677,111194
5294,99686,111211
5295,99690,111260
5296,99712,111253
5297,99727,111316
5298,99723,111327
5299,99748,111350
5300,99758,111414
5301,99779,111414
5302,99767,111455
5303,99794,111489
5304,99802,111523
5305,99807,111498
5306,99805,111570
5307,99819,111571
5308,99864,111607
5309,99852,111631
5310,99870,111632
5311,99845,111670
5312,99856,111676
5313,99864,111704
5314,99874,111694
5315,99911,111718
5316,99880,111701
5317,99876,111733
5318,99895,111760
5319,99909,111788
5320,99920,111822
5321,99939,111838
5322,99932,111871
5323,99951,111894
5324,99973,111934
5325,99967,111952
5326,99983,111968
5327,99970,111971
5328,99980,111964
5329,99941,111908
5330,99902,111779
5331,99847,111626
5332,99787,111451
5333,99732,111288
5334,99690,111176
5335,99644,111086
5336,99620,111051
5337,99589,111011
5338,99604,110986
5339,99608,110995
5340,99587,110960
5341,99622,110968
5342,99591,110960
5343,99580,110948
5344,99583,110933
5345,99604,110929
5346,99593,110920
5347,99593,110952
5348,99581,110945
5349,99586,110942
5350,99567,110919
5351,99586,110970
5352,99591,110993
5353,99604,111011
5354,99621,111049
5355,99632,111080
5356,99658,111099
5357,99650,111111
5358,99659,111134
5359,99637,111141
5360,99639,111120
5361,99671,111148
5362,99671,111134
5363,99651,111115
5364,99654,111143
5365,99656,111140
5366,99668,111158
5367,99665,111176
5368,99684,111201
5369,99674,111223
5370,99696,111248
5371,99692,111256
5372,99706,111298
5373,99744,111325
5374,99734,111360
5375,99758,111380
5376,99768,111431
5377,99794,111464
5378,99795,111523
5379,99833,111525
5380,99855,111575
5381,99844,111586
5382,99854,111602
5383,99876,111635
5384,99871,111637
5385,99873,111667
5386,99879,111700
5387,99884,111716
5388,99899,111723
5389,99870,111735
5390,99908,111743
5391,99905,111744
5392,99904,111806
5393,99935,111810
5394,99936,111829
5395,99945,111866
5396,99950,111907
5397,99946,111944
5398,99987,111958
5399,100002,112000
5400,100018,112025
5401,99991,112064
5402,100007,112062
5403,100023,112084
5404,99994,112055
5405,99986,111970
5406,99930,111878
5407,99850,111655
5408,99778,111496
5409,99735,111322
5410,99688,111232
5411,99635,111139
5412,99656,111068
5413,99627,111055
5414,99596,111031
5415,99615,111051
5416,99601,111022
5417,99611,110976
5418,99591,110988
5419,99576,110989
5420,99592,110969
5421,99586,110956
5422,99586,110955
5423,99560,110935
5424,99563,110932
5425,99585,110932
5426,99581,110936
5427,99585,110946
5428,99587,110977
5429,99608,111000
5430,99613,111047
5431,99644,111085
5432,99624,111112
5433,99647,111143
5434,99645,111137
5435,99661,111139
5436,99655,111147
5437,99649,111143
5438,99640,111124
5439,99673,111144
5440,99670,111158
5441,99656,111131
5442,99669,111150
5443,99660,111178
5444,99672,111200
5445,99688,111230
5446,99695,111239
5447,99716,111272
5448,99721,111305
5449,99746,111330
5450,99754,111360
5451,99764,111392
5452,99795,111448
5453,99773,111445
5454,99802,111490
5455,99815,111516
5456,99834,111539
5457,99857,111572
5458,99846,111598
5459,99859,111618
5460,99872,111639
5461,99866,111666
5462,99889,111687
5463,99901,111690
5464,99920,111707
5465,99903,111732
5466,99890,111726
5467,99902,111731
5468,99913,111738
5469,99924,111777
5470,99914,111821
5471,99925,111813
5472,99950,111854
5473,99981,111910
5474,99978,111927
5475,99992,111941
5476,100006,111978
5477,99992,111993
5478,100000,112050
5479,100033,112045
5480,100013,112063
5481,100025,112076
5482,100004,112037
5483,99977,111964
5484,99917,111816
5485,99856,111609
5486,99792,111462
5487,99718,111296
5488,99680,111194
5489,99671,111094
5490,99639,111070
5491,99610,111043
5492,99611,110994
5493,99596,111016
5494,99602,110978
5495,99583,110982
5496,99606,110973
5497,99588,110960
5498,99595,110949
5499,99607,110942
5500,99577,110903
5501,99606,110869
5502,99583,110890
5503,99584,110902
5504,99586,110895
5505,99573,110940
5506,99626,110951
5507,99604,110979
5508,99623,111030
5509,99649,111068
5510,99645,111097
5511,99658,111110
5512,99675,111127
5513,99665,111132
5514,99653,111123
5515,99658,111140
5516,99646,111138
5517,99658,111157
5518,99698,111161
5519,99711,111208
5520,99671,111180
5521,99682,111217
5522,99687,111232
5523,99675,111281
5524,99720,111278
5525,99729,111316
5526,99728,111371
5527,99763,111397
5528,99764,111432
5529,99791,111472
5530,99802,111510
5531,99847,111535
5532,99849,111570
5533,99845,111641
5534,99854,111665
5535,99879,111692
5536,99893,111713
5537,99891,111742
5538,99902,111769
5539,99921,111790
5540,99928,111801
5541,99914,111809
5542,99928,111800
5543,99950,111795
5544,99918,111799
5545,99920,111811
5546,99948,111805
5547,99934,111802
5548,99952,111813
5549,99942,111817
5550,99964,111825
5551,99962,111841
5552,99968,111853
5553,99974,111892
5554,99988,111898
5555,99988,111926
5556,99991,111923
5557,100010,111943
5558,100012,111942
5559,99992,111962
5560,100023,111957
5561,100022,111956
5562,100039,111946
5563,99966,111841
5564,99912,111709
5565,99863,111524
5566,99793,111382
5567,99751,111223
5568,99691,111142
5569,99691,111054
5570,99649,111006
5571,99642,110966
5572,99636,110947
5573,99642,110924
5574,99623,110922
5575,99624,110910
5576,99598,110916
5577,99627,110907
5578,99610,110899
5579,99614,110893
5580,99610,110858
5581,99604,110861
5582,99598,110887
5583,99619,110895
5584,99634,110919
5585,99621,110948
5586,99664,111009
5587,99659,110992
5588,99677,111040
5589,99632,111051
5590,99674,111048
5591,99692,111061
5592,99675,111055
5593,99686,111056
5594,99661,111025
5595,99661,111030
5596,99672,111050
5597,99674,111064
5598,99715,111084
5599,99696,111086
5600,99714,111094
5601,99703,111111
5602,99685,111105
5603,99745,111168
5604,99731,111178
5605,99736,111206
5606,99729,111224
5607,99761,111257
5608,99768,111287
5609,99793,111297
5610,99791,111323
5611,99789,111347
5612,99803,111362
5613,99837,111429
5614,99831,111435
5615,99838,111445
5616,99848,111476
5617,99856,111504
5618,99847,111494
5619,99838,111495
5620,99872,111518
5621,99876,111517
5622,99867,111527
5623,99882,111526
5624,99880,111571
5625,99894,111575
5626,99894,111590
5627,99890,111626
5628,99906,111626
5629,99915,111665
5630,99925,111651
5631,99935,111680
5632,99921,111701
5633,99953,111728
5634,99929,111753
5635,99934,111756
5636,99961,111756
5637,99951,111759
5638,99947,111683
5639,99903,111614
5640,99872,111510
5641,99807,111345
5642,99763,111212
5643,99713,111116
5644,99684,111042
5645,99635,110971
5646,99613,110922
5647,99641,110887
5648,99603,110873
5649,99608,110869
5650,99600,110826
5651,99595,110818
5652,99587,110804
5653,99584,110804
5654,99585,110783
5655,99561,110793
5656,99565,110784
5657,99539,110770
5658,99565,110754
5659,99582,110744
5660,99571,110763
5661,99575,110798
5662,99574,110826
5663,99597,110827
5664,99629,110876
5665,99615,110893
5666,99625,110927
5667,99631,110932
5668,99633,110929
5669,99617,110938
5670,99636,110905
5671,99658,110949
5672,99634,110966
5673,99638,110936
5674,99644,110955
5675,99635,110956
5676,99651,110960
5677,99680,111014
5678,99671,111014
5679,99669,111023
5680,99676,111053
5681,99717,111091
5682,99697,111114
5683,99726,111123
5684,99734,111146
5685,99757,111188
5686,99726,111203
5687,99758,111240
5688,99776,111281
5689,99782,111340
5690,99780,111330
5691,99793,111376
5692,99804,111388
5693,99806,111402
5694,99822,111435
5695,99817,111464
5696,99815,111479
5697,99835,111460
5698,99857,111544
5699,99857,111531
5700,99869,111549
5701,99877,111586
5702,99904,111604
5703,99921,111662
5704,99911,111651
5705,99907,111709
5706,99915,111745
5707,99951,111763
5708,99933,111776
5709,99961,111803
5710,99961,111814
5711,99979,111856
5712,99970,111841
5713,99962,111812
5714,99946,111762
5715,99897,111654
5716,99846,111487
5717,99787,111304
5718,99687,111180
5719,99679,111068
5720,99652,111005
5721,99616,110940
5722,99600,110903
5723,99602,110890
5724,99586,110881
5725,99579,110860
5726,99568,110826
5727,99575,110803
5728,99541,110796
5729,99569,110778
5730,99547,110775
5731,99531,110730
5732,99520,110748
5733,99521,110714
5734,99535,110702
5735,99511,110721
5736,99525,110733
5737,99546,110773
5738,99555,110794
5739,99557,110819
5740,99581,110854
5741,99615,110892
5742,99594,110891
5743,99626,110913
5744,99606,110927
5745,99581,110920
5746,99598,110911
5747,99603,110903
5748,99617,110903
5749,99593,110911
5750,99615,110915
5751,99596,110918
5752,99597,110954
5753,99603,110966
5754,99637,110993
5755,99632,111021
5756,99647,111035
5757,99646,111064
5758,99650,111078
5759,99678,111132
5760,99718,111160
5761,99715,111184
5762,99703,111239
5763,99738,111293
5764,99770,111311
5765,99749,111315
5766,99767,111376
5767,99781,111383
5768,99794,111443
5769,99801,111456
5770,99809,111494
5771,99827,111517
5772,99822,111528
5773,99825,111555
5774,99859,111584
5775,99870,111610
5776,99850,111628
5777,99883,111636
5778,99903,111679
5779,99897,111703
5780,99905,111743
5781,99934,111802
5782,99948,111818
5783,99956,111844
5784,99945,111881
5785,99959,111911
5786,99998,111952
5787,99995,111962
5788,100021,111961
5789,99985,111936
5790,99957,111870
5791,99925,111769
5792,99865,111584
5793,99798,111413
5794,99736,111243
5795,99677,111117
5796,99646,111016
5797,99619,110952
5798,99592,110937
5799,99605,110922
5800,99597,110897
5801,99602,110920
5802,99577,110881
5803,99576,110863
5804,99583,110863
5805,99557,110828
5806,99595,110837
5807,99555,110803
5808,99579,110800
5809,99559,110818
5810,99564,110807
5811,99571,110851
5812,99566,110827
5813,99593,110893
5814,99590,110906
5815,99623,110925
5816,99606,110970
5817,99626,110995
5818,99661,111052
5819,99643,111029
5820,99645,111072
5821,99635,111055
5822,99646,111047
5823,99656,111046
5824,99651,111069
5825,99661,111056
5826,99668,111059
5827,99657,111073
5828,99660,111093
5829,99670,111102
5830,99703,111136
5831,99709,111168
5832,99704,111168
5833,99734,111221
5834,99741,111234
5835,99760,111262
5836,99759,111295
5837,99771,111353
5838,99780,111380
5839,99790,111400
5840,99817,111417
5841,99814,111479
5842,99836,111522
5843,99830,111524
5844,99837,111569
5845,99843,111564
5846,99874,111602
5847,99892,111638
5848,99878,111628
5849,99875,111652
5850,99875,111669
5851,99882,111680
5852,99897,111679
5853,99909,111712
5854,99923,111734
5855,99946,111780
5856,99937,111801
5857,99947,111791
5858,99981,111821
5859,99978,111879
5860,99985,111908
5861,99989,111942
5862,100017,111951
5863,100040,111978
5864,100007,112001
5865,100059,112010
5866,100033,112017
5867,100012,111980
5868,99969,111873
5869,99898,111714
5870,99839,111534
5871,99773,111347
5872,99719,111165
5873,99674,111080
5874,99655,111006
5875,99638,110975
5876,99590,110908
5877,99597,110917
5878,99597,110863
5879,99597,110917
5880,99583,110892
5881,99587,110870
5882,99585,110875
5883,99612,110874
5884,99594,110861
5885,99584,110864
5886,99604,110853
5887,99592,110841
5888,99589,110850
5889,99591,110880
5890,99611,110908
5891,99629,110938
5892,99667,110987
5893,99668,111007
5894,99671,111045
5895,99682,111068
5896,99703,111082
5897,99674,111048
5898,99683,111045
5899,99692,111061
5900,99687,111043
5901,99685,111044
5902,99686,111057
5903,99701,111050
5904,99688,111072
5905,99705,111072
5906,99710,111129
5907,99713,111133
5908,99737,111148
5909,99733,111157
5910,99755,111188
5911,99774,111235
5912,99781,111278
5913,99760,111267
5914,99776,111305
5915,99800,111329
5916,99826,111364
5917,99806,111374
5918,99822,111382
5919,99846,111449
5920,99866,111467
5921,99862,111480
5922,99864,111505
5923,99877,111536
5924,99883,111532
5925,99887,111535
5926,99864,111563
5927,99898,111583
5928,99866,111582
5929,99895,111612
5930,99917,111627
5931,99914,111654
5932,99917,111674
5933,99922,111702
5934,99936,111712
5935,99950,111747
5936,99953,111771
5937,99973,111766
5938,99951,111820
5939,99988,111839
5940,100017,111879
5941,99989,111880
5942,99981,111862
5943,99929,111775
5944,99934,111653
5945,99832,111488
5946,99767,111299
5947,99739,111185
5948,99666,111084
5949,99670,111019
5950,99630,110952
5951,99628,110936
5952,99633,110912
5953,99623,110903
5954,99612,110874
5955,99621,110869
5956,99606,110865
5957,99605,110824
5958,99573,110832
5959,99586,110844
5960,99570,110814
5961,99596,110825
5962,99570,110805
5963,99609,110826
5964,99563,110805
5965,99584,110836
5966,99604,110868
5967,99604,110915
5968,99617,110934
5969,99669,110966
5970,99613,111005
5971,99634,111024
5972,99667,111014
5973,99652,111023
5974,99643,111013
5975,99665,111038
5976,99649,111030
5977,99626,111025
5978,99634,111038
5979,99669,111053
5980,99657,111046
5981,99684,111103
5982,99668,111107
5983,99677,111142
5984,99690,111144
5985,99690,111172
5986,99710,111225
5987,99752,111245
5988,99744,111256
5989,99744,111293
5990,99768,111330
5991,99790,111387
5992,99813,111418
5993,99816,111449
5994,99818,111477
5995,99839,111512
5996,99828,111533
5997,99840,111599
5998,99867,111613
5999,99902,111647
6000,99894,111650
6001,99888,111666
6002,99908,111679
6003,99920,111687
6004,99900,111702
6005,99911,111703
6006,99937,111757
6007,99941,111767
6008,99964,111808
6009,99979,111820
6010,99982,111862
6011,99988,111885
6012,99998,111907
6013,100028,111988
6014,100011,112002
6015,100032,112009
6016,100053,112058
6017,100033,112008
6018,100037,111998
6019,100008,111931
6020,99955,111750
6021,99871,111574
6022,99766,111379
6023,99743,111229
6024,99685,111114
6025,99665,111056
6026,99636,111001
6027,99611,110964
6028,99603,110946
6029,99626,110946
6030,99594,110912
6031,99614,110898
6032,99607,110887
6033,99588,110873
6034,99596,110874
6035,99567,110855
6036,99560,110819
6037,99565,110823
6038,99568,110803
6039,99566,110795
6040,99554,110806
6041,99557,110828
6042,99581,110868
6043,99597,110902
6044,99629,110939
6045,99622,110990
6046,99639,110992
6047,99684,111064
6048,99664,111030
6049,99679,111077
6050,99645,111073
6051,99638,111041
6052,99652,111043
6053,99656,111052
6054,99668,111051
6055,99661,111095
6056,99688,111110
6057,99681,111113
6058,99681,111135
6059,99697,111156
6060,99702,111193
6061,99712,111214
6062,99721,111218
6063,99755,111277
6064,99744,111291
6065,99755,111344
6066,99768,111378
6067,99789,111410
6068,99811,111448
6069,99835,111480
6070,99831,111520
6071,99856,111555
6072,99846,111605
6073,99860,111616
6074,99863,111664
6075,99900,111693
6076,99899,111730
6077,99891,111730
6078,99898,111735
6079,99902,111726
6080,99905,111728
6081,99911,111772
6082,99940,111774
6083,99919,111792
6084,99957,111822
6085,99966,111851
6086,99976,111873
6087,99989,111922
6088,99984,111899
6089,99997,111934
6090,100006,111957
6091,99997,111997
6092,100010,111998
6093,100041,112050
6094,100020,112071
6095,100025,112034
6096,100025,111987
6097,99956,111847
6098,99900,111688
6099,99828,111482
6100,99752,111316
6101,99714,111193
6102,99664,111092
6103,99640,111017
6104,99604,111010
6105,99610,110961
6106,99605,110935
6107,99597,110929
6108,99599,110942
6109,99598,110921
6110,99607,110907
6111,99574,110907
6112,99594,110880
6113,99566,110861
6114,99564,110842
6115,99587,110866
6116,99577,110875
6117,99579,110866
6118,99571,110864
6119,99578,110887
6120,99596,110900
6121,99613,110949
6122,99649,111012
6123,99640,111029
6124,99653,111051
6125,99675,111079
6126,99688,111088
6127,99670,111085
6128,99654,111074
6129,99674,111067
6130,99656,111072
6131,99693,111112
6132,99681,111087
6133,99680,111105
6134,99713,111140
6135,99703,111146
6136,99719,111163
6137,99699,111197
6138,99717,111214
6139,99728,111229
6140,99730,111261
6141,99739,111290
6142,99770,111348
6143,99764,111365
6144,99777,111403
6145,99801,111418
6146,99795,111457
6147,99824,111517
6148,99844,111547
6149,99852,111558
6150,99853,111599
6151,99869,111632
6152,99892,111679
6153,99896,111680
6154,99885,111689
6155,99905,111721
6156,99916,111728
6157,99926,111756
6158,99919,111792
6159,99936,111794
6160,99956,111799
6161,99947,111809
6162,99966,111870
6163,99956,111876
6164,99973,111890
6165,99990,111949
6166,99998,111968
6167,100006,112012
6168,100041,112030
6169,100038,112068
6170,100044,112085
6171,100051,112115
6172,100056,112159
6173,100082,112160
6174,100049,112137
6175,100055,112113
6176,100031,112041
6177,99967,111866
6178,99869,111669
6179,99804,111465
6180,99738,111296
6181,99699,111172
6182,99688,111112
6183,99623,111064
6184,99633,111030
6185,99631,110999
6186,99616,110987
6187,99621,110990
6188,99612,110985
6189,99590,110977
6190,99612,110964
6191,99616,110935
6192,99604,110941
6193,99598,110967
6194,99588,110925
6195,99621,110926
6196,99623,110947
6197,99605,110944
6198,99607,110974
6199,99633,111018
6200,99648,111019
6201,99649,111077
6202,99690,111100
6203,99671,111133
6204,99680,111148
6205,99671,111131
6206,99671,111134
6207,99677,111141
6208,99676,111126
6209,99690,111134
6210,99667,111140
6211,99667,111136
6212,99677,111151
6213,99687,111173
6214,99680,111181
6215,99717,111192
6216,99696,111232
6217,99699,111242
6218,99714,111260
6219,99730,111282
6220,99750,111314
6221,99751,111350
6222,99766,111366
6223,99775,111410
6224,99801,111442
6225,99796,111465
6226,99814,111515
6227,99814,111542
6228,99857,111585
6229,99834,111611
6230,99884,111639
6231,99867,111636
6232,99908,111655
6233,99897,111705
6234,99926,111721
6235,99909,111707
6236,99920,111723
6237,99923,111756
6238,99915,111747
6239,99924,111768
6240,99930,111787
6241,99961,111838
6242,99954,111835
6243,99966,111871
6244,99979,111887
6245,99980,111920
6246,100016,111966
6247,100032,111982
6248,100034,112002
6249,100028,112046
6250,100050,112094
6251,100051,112091
6252,100044,112136
6253,100064,112132
6254,100059,112136
6255,100029,112087
6256,100001,111974
6257,99933,111801
6258,99865,111596
6259,99778,111428
6260,99721,111253
6261,99679,111162
6262,99652,111063
6263,99654,111033
6264,99636,111015
6265,99642,110999
6266,99645,111016
6267,99633,111007
6268,99654,111016
6269,99650,111027
6270,99644,111020
6271,99641,110992
6272,99649,111002
6273,99661,111014
6274,99628,111005
6275,99641,110999
6276,99635,111019
6277,99644,111047
6278,99673,111067
6279,99650,111123
6280,99695,111146
6281,99703,111183
6282,99696,111198
6283,99730,111221
6284,99720,111218
6285,99708,111206
6286,99710,111204
6287,99716,111210
6288,99696,111197
6289,99706,111217
6290,99727,111222
6291,99716,111239
6292,99736,111254
6293,99716,111275
6294,99739,111292
6295,99728,111317
6296,99738,111344
6297,99782,111386
6298,99771,111420
6299,99804,111458
6300,99795,111479
6301,99806,111515
6302,99833,111544
6303,99849,111569
6304,99867,111621
6305,99876,111666
6306,99910,111719
6307,99901,111721
6308,99908,111751
6309,99938,111803
6310,99940,111833
6311,99942,111872
6312,99942,111888
6313,99976,111923
6314,99972,111929
6315,99964,111927
6316,99977,111949
6317,99977,111950
6318,99989,112008
6319,99998,112004
6320,100015,112026
6321,100026,112075
6322,100045,112116
6323,100030,112128
6324,100027,112129
6325,100077,112165
6326,100078,112224
6327,100081,112227
6328,100089,112253
6329,100085,112288
6330,100114,112325
6331,100088,112328
6332,100112,112327
6333,100075,112260
6334,100059,112190
6335,99985,111967
6336,99914,111763
6337,99826,111528
6338,99767,111383
6339,99707,111289
6340,99715,111233
6341,99685,111136
6342,99693,111157
6343,99658,111112
6344,99639,111114
6345,99668,111118
6346,99663,111116
6347,99665,111102
6348,99659,111089
6349,99661,111114
6350,99644,111089
6351,99641,111092
6352,99647,111079
6353,99666,111087
6354,99655,111073
6355,99648,111104
6356,99666,111134
6357,99662,111177
6358,99705,111202
6359,99705,111249
6360,99730,111252
6361,99731,111304
6362,99725,111307
6363,99738,111350
6364,99737,111297
6365,99743,111324
6366,99716,111293
6367,99722,111305
6368,99735,111298
6369,99716,111319
6370,99745,111325
6371,99747,111373
6372,99757,111396
6373,99764,111405
6374,99757,111423
6375,99780,111444
6376,99775,111482
6377,99815,111514
6378,99808,111581
6379,99841,111611
6380,99873,111623
6381,99837,111649
6382,99872,111704
6383,99931,111723
6384,99922,111785
6385,99908,111799
6386,99935,111841
6387,99956,111882
6388,99958,111888
6389,99988,111931
6390,99957,111960
6391,99973,111990
6392,100000,111999
6393,99996,112032
6394,100019,112067
6395,99994,112086
6396,100026,112079
6397,100030,112123
6398,100053,112153
6399,100054,112183
6400,100062,112195
6401,100066,112229
6402,100098,112263
6403,100089,112296
6404,100091,112323
6405,100127,112383
6406,100142,112416
6407,100149,112435
6408,100129,112462
6409,100154,112479
6410,100167,112491
6411,100164,112477
6412,100124,112397
6413,100080,112258
6414,99986,112025
6415,99902,111789
6416,99833,111625
6417,99754,111434
6418,99722,111335
6419,99686,111277
6420,99686,111239
6421,99679,111184
6422,99664,111178
6423,99663,111183
6424,99662,111171
6425,99651,111166
6426,99667,111170
6427,99667,111159
6428,99646,111163
6429,99643,111147
6430,99636,111137
6431,99666,111140
6432,99639,111136
6433,99655,111152
6434,99678,111174
6435,99656,111199
6436,99661,111233
6437,99715,111291
6438,99719,111365
6439,99720,111352
6440,99736,111387
6441,99738,111391
6442,99740,111396
6443,99749,111397
6444,99757,111406
6445,99752,111392
6446,99783,111438
6447,99769,111438
6448,99752,111415
6449,99781,111433
6450,99783,111456
6451,99781,111476
6452,99793,111486
6453,99803,111502
6454,99805,111539
6455,99828,111570
6456,99843,111599
6457,99846,111650
6458,99858,111682
6459,99880,111732
6460,99925,111799
6461,99918,111801
6462,99943,111850
6463,99947,111879
6464,99974,111925
6465,99965,111977
6466,99995,111998
6467,100006,112020
6468,100021,112050
6469,100031,112087
6470,100029,112109
6471,100034,112117
6472,100033,112137
6473,100035,112161
6474,100028,112175
6475,100071,112208
6476,100063,112194
6477,100065,112229
6478,100065,112231
6479,100071,112276
6480,100108,112307
6481,100100,112334
6482,100127,112359
6483,100133,112386
6484,100136,112404
6485,100146,112444
6486,100164,112473
6487,100180,112526
6488,100183,112558
6489,100202,112568
6490,100228,112579
6491,100205,112564
6492,100201,112523
6493,100184,112446
6494,100078,112230
6495,99989,111980
6496,99912,111758
6497,99818,111544
6498,99752,111397
6499,99721,111334
6500,99715,111250
6501,99690,111227
6502,99715,111250
6503,99690,111205
6504,99682,111200
6505,99683,111221
6506,99687,111193
6507,99688,111206
6508,99677,111195
6509,99661,111163
6510,99686,111177
6511,99675,111137
6512,99667,111136
6513,99666,111121
6514,99671,111146
6515,99671,111196
6516,99713,111223
6517,99710,111272
6518,99696,111322
6519,99761,111317
6520,99743,111353
6521,99757,111392
6522,99746,111379
6523,99760,111392
6524,99747,111376
6525,99762,111380
6526,99778,111385
6527,99760,111380
6528,99754,111390
6529,99768,111406
6530,99763,111425
6531,99772,111444
6532,99792,111480
6533,99794,111492
6534,99782,111514
6535,99827,111556
6536,99827,111584
6537,99858,111616
6538,99867,111647
6539,99875,111676
6540,99886,111753
6541,99876,111764
6542,99906,111818
6543,99926,111840
6544,99959,111917
6545,99972,111920
6546,99965,111970
6547,99982,111991
6548,100014,112022
6549,100010,112043
6550,100009,112057
6551,100026,112087
6552,100032,112120
6553,100053,112134
6554,100060,112113
6555,100075,112162
6556,100053,112146
6557,100050,112188
6558,100097,112204
6559,100109,112219
6560,100085,112230
6561,100085,112270
6562,100116,112326
6563,100126,112332
6564,100159,112386
6565,100153,112401
6566,100155,112405
6567,100171,112435
6568,100165,112460
6569,100171,112491
6570,100220,112524
6571,100192,112511
6572,100212,112507
6573,100172,112490
6574,100134,112354
6575,100058,112135
6576,99982,111904
6577,99898,111682
6578,99830,111544
6579,99790,111405
6580,99730,111343
6581,99734,111279
6582,99712,111280
6583,99709,111260
6584,99727,111235
6585,99699,111225
6586,99703,111230
6587,99722,111252
6588,99720,111231
6589,99700,111209
6590,99701,111211
6591,99698,111208
6592,99716,111197
6593,99703,111217
6594,99712,111227
6595,99730,111258
6596,99709,111282
6597,99761,111293
6598,99796,111359
6599,99771,111390
6600,99778,111394
6601,99784,111415
6602,99816,111403
6603,99794,111410
6604,99809,111391
6605,99801,111390
6606,99782,111375
6607,99805,111398
6608,99795,111382
6609,99799,111410
6610,99812,111428
6611,99805,111419
6612,99816,111466
6613,99825,111489
6614,99852,111548
6615,99852,111544
6616,99865,111590
6617,99880,111634
6618,99894,111673
6619,99908,111700
6620,99901,111756
6621,99920,111760
6622,99969,111820
6623,99954,111853
6624,99948,111886
6625,99974,111917
6626,99990,111961
6627,99999,111995
6628,100026,112002
6629,100038,112064
6630,100044,112049
6631,100040,112082
6632,100053,112118
6633,100056,112143
6634,100078,112154
6635,100069,112184
6636,100086,112184
6637,100075,112210
6638,100106,112237
6639,100107,112261
6640,100110,112304
6641,100144,112309
6642,100132,112355
6643,100178,112389
6644,100153,112412
6645,100172,112439
6646,100173,112486
6647,100204,112506
6648,100179,112519
6649,100179,112538
6650,100221,112544
6651,100173,112494
6652,100164,112387
6653,100070,112217
6654,100010,111995
6655,99935,111781
6656,99872,111603
6657,99799,111475
6658,99776,111407
6659,99744,111356
6660,99754,111326
6661,99714,111321
6662,99727,111289
6663,99723,111321
6664,99745,111285
6665,99721,111279
6666,99744,111307
6667,99735,111293
6668,99745,111280
6669,99722,111249
6670,99714,111266
6671,99712,111280
6672,99740,111274
6673,99725,111311
6674,99761,111344
6675,99757,111362
6676,99779,111405
6677,99809,111452
6678,99817,111463
6679,99823,111489
6680,99832,111504
6681,99841,111498
6682,99810,111504
6683,99833,111508
6684,99830,111512
6685,99827,111490
6686,99835,111493
6687,99844,111535
6688,99833,111532
6689,99841,111520
6690,99854,111551
6691,99857,111608
6692,99889,111649
6693,99886,111649
6694,99901,111695
6695,99901,111724
6696,99916,111770
6697,99940,111822
6698,99956,111885
6699,99991,111910
6700,100003,111932
6701,99997,111988
6702,100008,112016
6703,100065,112081
6704,100036,112082
6705,100078,112147
6706,100076,112170
6707,100078,112198
6708,100078,112206
6709,100087,112223
6710,100118,112248
6711,100129,112252
6712,100137,112305
6713,100120,112287
6714,100149,112330
6715,100130,112341
6716,100173,112380
6717,100170,112372
6718,100156,112400
6719,100157,112383
6720,100177,112430
6721,100179,112450
6722,100178,112488
6723,100189,112496
6724,100184,112493
6725,100214,112511
6726,100217,112586
6727,100225,112573
6728,100207,112557
6729,100204,112488
6730,100173,112375
6731,100080,112184
6732,99998,111970
6733,99895,111762
6734,99851,111572
6735,99815,111509
6736,99802,111439
6737,99752,111389
6738,99754,111365
6739,99758,111348
6740,99746,111346
6741,99777,111346
6742,99754,111331
6743,99753,111339
6744,99727,111326
6745,99738,111310
6746,99733,111297
6747,99729,111298
6748,99721,111310
6749,99730,111273
6750,99749,111300
6751,99740,111316
6752,99750,111345
6753,99783,111390
6754,99772,111428
6755,99783,111456
6756,99803,111466
6757,99825,111532
6758,99834,111542
6759,99844,111545
6760,99814,111525
6761,99816,111546
6762,99828,111513
6763,99823,111544
6764,99821,111529
6765,99838,111535
6766,99841,111520
6767,99859,111550
6768,99868,111593
6769,99876,111585
6770,99870,111630
6771,99867,111667
6772,99880,111691
6773,99902,111725
6774,99902,111759
6775,99938,111809
6776,99940,111843
6777,99961,111882
6778,99979,111910
6779,99966,111941
6780,99988,111991
6781,100005,112029
6782,100019,112079
6783,100075,112100
6784,100030,112123
6785,100064,112139
6786,100077,112160
6787,100054,112173
6788,100073,112210
6789,100099,112229
6790,100103,112256
6791,100122,112260
6792,100104,112279
6793,100140,112329
6794,100124,112340
6795,100155,112339
6796,100150,112352
6797,100162,112388
6798,100179,112412
6799,100177,112476
6800,100187,112494
6801,100195,112523
6802,100205,112530
6803,100232,112573
6804,100237,112587
6805,100240,112605
6806,100238,112610
6807,100231,112569
6808,100175,112463
6809,100136,112321
6810,100020,112054
6811,99946,111868
6812,99885,111664
6813,99822,111545
6814,99813,111463
6815,99772,111408
6816,99776,111368
6817,99781,111381
6818,99773,111346
6819,99779,111337
6820,99757,111345
6821,99777,111352
6822,99762,111345
6823,99741,111335
6824,99749,111323
6825,99746,111328
6826,99753,111296
6827,99735,111288
6828,99734,111309
6829,99752,111323
6830,99786,111383
6831,99775,111394
6832,99777,111418
6833,99806,111455
6834,99832,111491
6835,99819,111521
6836,99865,111526
6837,99824,111557
6838,99836,111542
6839,99861,111546
6840,99842,111531
6841,99832,111528
6842,99856,111549
6843,99852,111544
6844,99836,111571
6845,99829,111587
6846,99870,111612
6847,99869,111629
6848,99863,111635
6849,99887,111674
6850,99888,111713
6851,99899,111741
6852,99949,111800
6853,99913,111819
6854,99915,111847
6855,99958,111886
6856,99960,111928
6857,100002,111979
6858,99994,112012
6859,100016,112058
6860,100047,112113
6861,100032,112110
6862,100046,112146
6863,100060,112173
6864,100055,112196
6865,100077,112214
6866,100087,112236
6867,100096,112255
6868,100096,112270
6869,100103,112262
6870,100097,112289
6871,100115,112294
6872,100125,112328
6873,100115,112346
6874,100138,112363
6875,100133,112397
6876,100143,112421
6877,100162,112436
6878,100191,112477
6879,100163,112529
6880,100212,112559
6881,100194,112582
6882,100192,112625
6883,100223,112635
6884,100205,112652
6885,100251,112689
6886,100225,112687
6887,100252,112670
6888,100203,112549
6889,100147,112399
6890,100062,112190
6891,99972,111965
6892,99890,111756
6893,99851,111601
6894,99799,111494
6895,99784,111455
6896,99762,111380
6897,99760,111356
6898,99762,111371
6899,99751,111357
6900,99780,111378
6901,99781,111368
6902,99748,111357
6903,99764,111345
6904,99745,111328
6905,99741,111328
6906,99740,111316
6907,99749,111316
6908,99749,111348
6909,99767,111339
6910,99750,111356
6911,99782,111375
6912,99780,111444
6913,99828,111491
6914,99836,111527
6915,99838,111565
6916,99866,111580
6917,99853,111571
6918,99851,111536
6919,99858,111566
6920,99828,111552
6921,99839,111568
6922,99832,111542
6923,99858,111570
6924,99847,111568
6925,99839,111591
6926,99867,111577
6927,99855,111596
6928,99867,111625
6929,99881,111652
6930,99876,111686
6931,99881,111700
6932,99908,111746
6933,99931,111791
6934,99939,111820
6935,99958,111864
6936,99969,111916
6937,100006,111967
6938,100009,112008
6939,100015,112015
6940,100039,112069
