n,red,ir
10345,74314,83749
10346,74318,83760
10347,74318,83781
10348,74335,83792
10349,74356,83805
10350,74356,83825
10351,74356,83841
10352,74362,83840
10353,74360,83825
10354,74353,83844
10355,74361,83828
10356,74345,83819
10357,74335,83819
10358,74341,83813
10359,74331,83810
10360,74332,83812
10361,74340,83813
10362,74343,83818
10363,74354,83840
10364,74366,83850
10365,74380,83863
10366,74393,83901
10367,74411,83916
10368,74431,83941
10369,74437,83975
10370,74450,83998
10371,74475,84027
10372,74497,84056
10373,74515,84102
10374,74535,84107
10375,74536,84124
10376,74549,84144
10377,74567,84171
10378,74567,84181
10379,74572,84197
10380,74575,84206
10381,74576,84211
10382,74590,84236
10383,74594,84243
10384,74598,84254
10385,74605,84271
10386,74606,84278
10387,74613,84290
10388,74621,84298
10389,74617,84311
10390,74628,84312
10391,74627,84334
10392,74635,84340
10393,74649,84344
10394,74650,84368
10395,74659,84378
10396,74657,84397
10397,74668,84395
10398,74662,84403
10399,74676,84426
10400,74683,84436
10401,74679,84443
10402,74683,84453
10403,74697,84476
10404,74704,84495
10405,74715,84505
10406,74733,84533
10407,74748,84555
10408,74756,84572
10409,74767,84589
10410,74778,84615
10411,74791,84620
10412,74791,84630
10413,74795,84636
10414,74750,84603
10415,74675,84519
10416,74562,84394
10417,74438,84232
10418,74320,84055
10419,74233,83908
10420,74169,83777
10421,74113,83665
10422,74077,83579
10423,74067,83520
10424,74061,83498
10425,74072,83483
10426,74101,83495
10427,74127,83520
10428,74149,83544
10429,74178,83581
10430,74210,83600
10431,74221,83641
10432,74233,83667
10433,74246,83671
10434,74246,83685
10435,74240,83684
10436,74239,83691
10437,74230,83671
10438,74241,83685
10439,74236,83693
10440,74253,83701
10441,74259,83716
10442,74279,83727
10443,74274,83739
10444,74287,83762
10445,74282,83772
10446,74279,83760
10447,74280,83766
10448,74271,83761
10449,74260,83764
10450,74254,83759
10451,74259,83756
10452,74243,83761
10453,74250,83764
10454,74252,83770
10455,74266,83774
10456,74274,83793
10457,74296,83800
10458,74308,83826
10459,74325,83852
10460,74335,83885
10461,74359,83907
10462,74372,83940
10463,74400,83968
10464,74413,83995
10465,74428,84014
10466,74443,84036
10467,74443,84054
10468,74239,83691
10469,74230,83671
10470,74482,84100
10471,74477,84119
10472,74491,84118
10473,74483,84131
10474,74483,84141
10475,74485,84161
10476,74498,84161
10477,74503,84176
10478,74511,84192
10479,74522,84198
10480,74523,84217
10481,74521,84213
10482,74530,84215
10483,74524,84224
10484,74542,84246
10485,74546,84255
10486,74555,84274
10487,74564,84288
10488,74567,84307
10489,74562,84314
10490,74554,84316
10491,74551,84328
10492,74561,84341
10493,74569,84353
10494,74587,84383
10495,74605,84401
10496,74614,84426
10497,74628,84442
10498,74649,84469
10499,74667,84490
10500,74678,84515
10501,74712,84540
10502,74723,84567
10503,74739,84588
10504,74744,84603
10505,74759,84617
10506,74765,84628
10507,74743,84616
10508,74682,84561
10509,74586,84465
10510,74482,84329
10511,74358,84158
10512,74260,84012
10513,74182,83870
10514,74127,83743
10515,74089,83641
10516,74047,83568
10517,74040,83527
10518,74040,83498
10519,74057,83511
10520,74067,83535
10521,74096,83562
10522,74114,83600
10523,74145,83626
10524,74160,83673
10525,74179,83689
10526,74189,83703
10527,74188,83726
10528,74191,83730
10529,74190,83729
10530,74188,83727
10531,74184,83732
10532,74196,83745
10533,74206,83764
10534,74214,83781
10535,74227,83801
10536,74239,83809
10537,74245,83825
10538,74253,83826
10539,74261,83837
10540,74251,83844
10541,74254,83837
10542,74256,83842
10543,74249,83847
10544,74244,83835
10545,74247,83838
10546,74246,83844
10547,74260,83847
10548,74261,83855
10549,74275,83878
10550,74294,83889
10551,74297,83917
10552,74314,83923
10553,74330,83945
10554,74342,83982
10555,74369,84007
10556,74377,84029
10557,74400,84060
10558,74412,84078
10559,74434,84104
10560,74442,84128
10561,74449,84148
10562,74459,84158
10563,74471,84180
10564,74473,84195
10565,74486,84199
10566,74481,84221
10567,74501,84236
10568,74493,84242
10569,74504,84251
10570,74503,84257
10571,74509,84270
10572,74509,84284
10573,74509,84287
10574,74505,84293
10575,74513,84291
10576,74515,84306
10577,74512,84308
10578,74522,84325
10579,74524,84324
10580,74527,84348
10581,74545,84359
10582,74550,84373
10583,74557,84388
10584,74568,84400
10585,74584,84421
10586,74593,84433
10587,74604,84453
10588,74627,84483
10589,74639,84493
10590,74651,84517
10591,74645,84530
10592,74663,84551
10593,74651,84545
10594,74618,84515
10595,74545,84431
10596,74442,84314
10597,74320,84166
10598,74217,84007
10599,74151,83871
10600,74087,83761
10601,74051,83677
10602,74013,83592
10603,74003,83551
10604,74011,83528
10605,74015,83530
10606,74053,83551
10607,74077,83586
10608,74097,83623
10609,74150,83671
10610,74180,83713
10611,74194,83751
10612,74214,83789
10613,74230,83816
10614,74237,83826
10615,74255,83844
10616,74264,83865
10617,74273,83885
10618,74283,83903
10619,74291,83922
10620,74290,83926
10621,74297,83926
10622,74283,83925
10623,74273,83908
10624,74266,83900
10625,74252,83880
10626,74244,83864
10627,74234,83862
10628,74233,83848
10629,74233,83848
10630,74229,83848
10631,74232,83852
10632,74248,83857
10633,74253,83870
10634,74270,83888
10635,74273,83910
10636,74303,83928
10637,74315,83952
10638,74336,83976
10639,74351,84007
10640,74360,84032
10641,74374,84056
10642,74389,84077
10643,74407,84092
10644,74410,84117
10645,74427,84133
10646,74431,84159
10647,74434,84171
10648,74447,84175
10649,74452,84187
10650,74447,84194
10651,74454,84203
10652,74456,84212
10653,74461,84220
10654,74460,84221
10655,74464,84238
10656,74467,84237
10657,74470,84249
10658,74475,84261
10659,74485,84274
10660,74493,84294
10661,74503,84295
10662,74504,84309
10663,74522,84321
10664,74524,84337
10665,74541,84356
10666,74546,84371
10667,74552,84375
10668,74551,84385
10669,74555,84395
10670,74536,84377
10671,74482,84321
10672,74391,84231
10673,74288,84083
10674,74188,83932
10675,74105,83787
10676,74041,83668
10677,73983,83558
10678,73952,83473
10679,73931,83406
10680,73927,83376
10681,73937,83370
10682,73961,83374
10683,73989,83400
10684,74009,83429
10685,74037,83461
10686,74062,83492
10687,74086,83523
10688,74094,83545
10689,74109,83570
10690,74117,83582
10691,74120,83587
10692,74116,83587
10693,74116,83587
10694,74125,83604
10695,74139,83615
10696,74148,83642
10697,74170,83659
10698,74181,83666
10699,74192,83675
10700,74186,83679
10701,74191,83681
10702,74184,83687
10703,74186,83682
10704,74191,83671
10705,74174,83671
10706,74177,83672
10707,74171,83665
10708,74180,83679
10709,74175,83682
10710,74196,83691
10711,74203,83694
10712,74212,83715
10713,73937,83370
10714,74250,83763
10715,74274,83782
10716,74286,83813
10717,74298,83838
10718,74318,83875
10719,74333,83888
10720,74345,83922
10721,74360,83937
10722,74369,83957
10723,74375,83972
10724,74384,83989
10725,74385,84006
10726,74393,84015
10727,74397,84034
10728,74397,84032
10729,74403,84050
10730,74404,84058
10731,74411,84057
10732,74414,84074
10733,74417,84081
10734,74422,84099
10735,74429,84102
10736,74440,84110
10737,74449,84132
10738,74457,84150
10739,74476,84169
10740,74483,84192
10741,74492,84196
10742,74499,84208
10743,74499,84218
10744,74517,84236
10745,74513,84238
10746,74500,84218
10747,74458,84168
10748,74371,84088
10749,74266,83939
10750,74156,83780
10751,74080,83627
10752,74009,83500
10753,73947,83375
10754,73916,83289
10755,73897,83229
10756,73890,83203
10757,73901,83181
10758,73919,83182
10759,73938,83193
10760,73965,83217
10761,73987,83248
10762,74005,83259
10763,74018,83281
10764,74025,83291
10765,74015,83293
10766,74019,83290
10767,74011,83281
10768,74006,83272
10769,74006,83278
10770,74012,83282
10771,74026,83290
10772,74045,83311
10773,74067,83343
10774,74089,83374
10775,74110,83392
10776,74126,83417
10777,74138,83437
10778,74137,83449
10779,74152,83468
10780,74144,83465
10781,74143,83456
10782,74145,83473
10783,74159,83466
10784,74157,83476
10785,74161,83478
10786,74164,83480
10787,74179,83493
10788,74188,83509
10789,74208,83519
10790,74218,83550
10791,74234,83555
10792,74251,83593
10793,74270,83620
10794,74275,83641
10795,74293,83663
10796,74311,83689
10797,74314,83704
10798,74329,83731
10799,74333,83747
10800,74336,83767
10801,74346,83780
10802,74346,83793
10803,74350,83803
10804,74357,83818
10805,74368,83825
10806,74376,83839
10807,74371,83849
10808,74375,83858
10809,74382,83875
10810,74385,83880
10811,74395,83897
10812,74398,83920
10813,74410,83925
10814,74422,83939
10815,74432,83957
10816,74444,83980
10817,74454,83997
10818,74480,84007
10819,74481,84033
10820,74499,84052
10821,74502,84055
10822,74513,84070
10823,74499,84080
10824,74498,84075
10825,74457,84035
10826,74402,83958
10827,74301,83823
10828,74205,83674
10829,74112,83540
10830,74054,83393
10831,73986,83269
10832,73945,83181
10833,73930,83118
10834,73925,83071
10835,73938,83059
10836,73952,83049
10837,73971,83067
10838,73996,83089
10839,74012,83114
10840,74038,83135
10841,74043,83154
10842,74055,83159
10843,74064,83167
10844,74056,83175
10845,74050,83169
10846,74046,83168
10847,74049,83166
10848,74059,83165
10849,74076,83181
10850,74105,83216
10851,74118,83247
10852,74138,83271
10853,74151,83303
10854,74170,83321
10855,74181,83347
10856,74189,83356
10857,74193,83368
10858,74186,83370
10859,74197,83374
10860,74190,83386
10861,74195,83379
10862,74194,83380
10863,74196,83385
10864,74211,83389
10865,74218,83407
10866,74221,83421
10867,74239,83439
10868,74262,83462
10869,74282,83484
10870,74294,83506
10871,74312,83531
10872,74335,83564
10873,74337,83591
10874,74355,83611
10875,74382,83623
10876,74384,83655
10877,74389,83669
10878,74404,83689
10879,74397,83709
10880,74420,83720
10881,74423,83737
10882,74433,83751
10883,74446,83775
10884,74449,83783
10885,74455,83801
10886,74463,83805
10887,74459,83817
10888,74472,83831
10889,74463,83847
10890,74479,83851
10891,74474,83860
10892,74481,83875
10893,74481,83873
10894,74488,83902
10895,74500,83897
10896,74504,83926
10897,74511,83943
10898,74522,83952
10899,74531,83971
10900,74541,83995
10901,74543,84010
10902,74569,84030
10903,74578,84052
10904,74594,84072
10905,74607,84086
10906,74625,84110
10907,74626,84127
10908,74631,84137
10909,74626,84148
10910,74614,84117
10911,74560,84066
10912,74466,83966
10913,74354,83793
10914,74252,83638
10915,74160,83499
10916,74105,83370
10917,74057,83257
10918,74016,83174
10919,74014,83126
10920,74022,83101
10921,74033,83092
10922,74057,83111
10923,74079,83142
10924,74103,83160
10925,74125,83189
10926,74148,83223
10927,74163,83252
10928,74173,83269
10929,74175,83269
10930,74173,83282
10931,74165,83274
10932,74171,83274
10933,74176,83279
10934,74187,83294
10935,74207,83308
10936,74233,83351
10937,74250,83382
10938,74260,83407
10939,74271,83406
10940,74280,83419
10941,74286,83429
10942,74288,83431
10943,74286,83423
10944,74275,83423
10945,74287,83432
10946,74287,83439
10947,74281,83431
10948,74292,83422
10949,74302,83437
10950,74306,83457
10951,74322,83465
10952,74337,83481
10953,74347,83507
10954,74365,83521
10955,74374,83543
10956,74395,83572
10957,74408,83581
10958,74148,83223
10959,74433,83641
10960,74440,83665
10961,74454,83679
10962,74459,83704
10963,74471,83718
10964,74481,83742
10965,74491,83748
10966,74497,83771
10967,74489,83780
10968,74506,83795
10969,74512,83798
10970,74511,83807
10971,74520,83818
10972,74512,83831
10973,74523,83841
10974,74529,83851
10975,74540,83863
10976,74542,83878
10977,74536,83883
10978,74545,83892
10979,74553,83903
10980,74563,83909
10981,74565,83928
10982,74580,83945
10983,74592,83966
10984,74590,83986
10985,74612,83992
10986,74620,84008
10987,74630,84031
10988,74648,84059
10989,74654,84076
10990,74672,84094
10991,74674,84114
10992,74689,84121
10993,74679,84130
10994,74664,84105
10995,74611,84061
10996,74531,83944
10997,74417,83796
10998,74313,83641
10999,74234,83502
11000,74165,83386
11001,74114,83275
11002,74105,83196
11003,74086,83150
11004,74089,83127
11005,74104,83123
11006,74133,83139
11007,74153,83162
11008,74172,83197
11009,74194,83234
11010,74226,83270
11011,74247,83300
11012,74255,83322
11013,74260,83336
11014,74268,83353
11015,74268,83360
11016,74270,83362
11017,74286,83380
11018,74296,83400
11019,74314,83430
11020,74336,83458
11021,74345,83472
11022,74353,83481
11023,74356,83498
11024,74359,83502
11025,74355,83503
11026,74351,83499
11027,74352,83506
11028,74348,83494
11029,74354,83490
11030,74348,83496
11031,74359,83502
11032,74361,83508
11033,74363,83509
11034,74381,83526
11035,74394,83556
11036,74409,83575
11037,74430,83591
11038,74440,83625
11039,74456,83651
11040,74475,83674
11041,74497,83705
11042,74505,83732
11043,74523,83761
11044,74533,83776
11045,74545,83799
11046,74560,83826
11047,74565,83836
11048,74571,83851
11049,74577,83870
11050,74583,83879
11051,74589,83903
11052,74605,83913
11053,74605,83922
11054,74612,83942
11055,74611,83957
11056,74620,83960
11057,74634,83981
11058,74639,84005
11059,74638,83993
11060,74643,84022
11061,74651,84032
11062,74649,84041
11063,74654,84049
11064,74659,84060
11065,74668,84067
11066,74681,84080
11067,74680,84089
11068,74699,84110
11069,74701,84122
11070,74718,84142
11071,74722,84164
11072,74740,84184
11073,74748,84204
11074,74768,84220
11075,74779,84251
11076,74795,84264
11077,74808,84287
11078,74813,84296
11079,74813,84300
11080,74792,84285
11081,74715,84213
11082,74617,84091
11083,74492,83936
11084,74373,83755
11085,74275,83591
11086,74214,83456
11087,74169,83338
11088,74124,83252
11089,74116,83184
11090,74113,83162
11091,74134,83159
11092,74147,83169
11093,74171,83190
11094,74188,83214
11095,74212,83236
11096,74228,83273
11097,74252,83296
11098,74257,83319
11099,74266,83320
11100,74265,83324
11101,74263,83323
11102,74261,83324
11103,74267,83330
11104,74271,83334
11105,74290,83352
11106,74311,83378
11107,74335,83407
11108,74350,83425
11109,74353,83460
11110,74378,83465
11111,74385,83503
11112,74395,83511
11113,74397,83514
11114,74400,83516
11115,74401,83519
11116,74390,83526
11117,74398,83526
11118,74404,83520
11119,74406,83515
11120,74413,83540
11121,74427,83549
11122,74431,83558
11123,74440,83586
11124,74465,83608
11125,74478,83620
11126,74494,83654
11127,74517,83682
11128,74534,83703
11129,74549,83729
11130,74560,83761
11131,74576,83786
11132,74583,83805
11133,74592,83839
11134,74601,83846
11135,74615,83869
11136,74619,83889
11137,74634,83916
11138,74632,83919
11139,74631,83936
11140,74651,83950
11141,74651,83969
11142,74652,83975
11143,74662,83986
11144,74671,84006
11145,74675,84024
11146,74680,84026
11147,74692,84049
11148,74694,84058
11149,74697,84069
11150,74718,84087
11151,74718,84099
11152,74722,84114
11153,74732,84121
11154,74739,84133
11155,74745,84151
11156,74756,84171
11157,74770,84180
11158,74783,84206
11159,74793,84229
11160,74803,84243
11161,74822,84261
11162,74821,84290
11163,74844,84309
11164,74860,84332
11165,74880,84351
11166,74894,84378
11167,74895,84397
11168,74901,84405
11169,74901,84407
11170,74854,84378
11171,74791,84304
11172,74681,84172
11173,74550,83991
11174,74436,83817
11175,74334,83670
11176,74271,83526
11177,74218,83413
11178,74179,83328
11179,74167,83284
11180,74178,83254
11181,74193,83249
11182,74209,83258
11183,74237,83283
11184,74258,83310
11185,74290,83344
11186,74308,83373
11187,74316,83403
11188,74339,83429
11189,74342,83431
11190,74346,83449
11191,74345,83448
11192,74340,83449
11193,74337,83441
11194,74346,83456
11195,74356,83470
11196,74386,83493
11197,74408,83518
11198,74420,83542
11199,74438,83562
11200,74442,83580
11201,74451,83597
11202,74452,83614
11203,74458,83622
11204,74455,83622
11205,74454,83622
11206,74453,83629
11207,74457,83624
11208,74464,83637
11209,74464,83636
11210,74474,83647
11211,74487,83657
11212,74495,83678
11213,74500,83698
11214,74525,83722
11215,74542,83744
11216,74553,83762
11217,74576,83793
11218,74594,83829
11219,74600,83857
11220,74621,83879
11221,74634,83903
11222,74657,83929
11223,74664,83944
11224,74682,83978
11225,74691,83999
11226,74697,84007
11227,74716,84032
11228,74711,84051
11229,74721,84070
11230,74717,84080
11231,74724,84087
11232,74737,84105
11233,74748,84121
11234,74758,84140
11235,74758,84146
11236,74760,84158
11237,74777,84173
11238,74777,84183
11239,74792,84196
11240,74792,84204
11241,74798,84218
11242,74804,84236
11243,74820,84244
11244,74825,84263
11245,74835,84273
11246,74832,84289
11247,74846,84297
11248,74852,84321
11249,74864,84339
11250,74878,84367
11251,74893,84377
11252,74899,84394
11253,74927,84416
11254,74933,84449
11255,74953,84463
11256,74959,84490
11257,74962,84497
11258,74975,84524
11259,74978,84518
11260,74963,84499
11261,74898,84444
11262,74799,84331
11263,74671,84171
11264,74539,84006
11265,74437,83844
11266,74366,83703
11267,74308,83593
11268,74264,83492
11269,74250,83438
11270,74253,83397
11271,74259,83392
11272,74286,83407
11273,74318,83413
11274,74349,83450
11275,74380,83484
11276,74424,83515
11277,74459,83552
11278,74483,83573
11279,74511,83586
11280,74522,83602
11281,74529,83598
11282,74527,83604
11283,74556,83607
11284,74571,83615
11285,74589,83621
11286,74621,83617
11287,74632,83633
11288,74646,83620
11289,74658,83613
11290,74666,83608
11291,74676,83588
11292,74681,83573
11293,74681,83563
11294,74673,83552
11295,74671,83532
11296,74676,83533
11297,74679,83533
11298,74692,83528
11299,74694,83534
11300,74714,83549
11301,74725,83560
11302,74750,83568
11303,74763,83593
11304,74778,83607
11305,74790,83617
11306,74805,83648
11307,74834,83670
11308,74834,83686
11309,74853,83710
11310,74865,83736
11311,74880,83760
11312,74901,83778
11313,74918,83791
11314,74926,83806
11315,74939,83814
11316,74944,83816
11317,74955,83825
11318,74967,83846
11319,74970,83844
11320,74978,83858
11321,74983,83868
11322,74977,83875
11323,74985,83894
11324,74982,83886
11325,74988,83897
11326,74993,83900
11327,74989,83907
11328,74993,83916
11329,75001,83920
11330,75023,83939
11331,75033,83935
11332,75035,83942
11333,75059,83954
11334,75081,83973
11335,75094,83981
11336,75116,83994
11337,75134,84011
11338,75156,84031
11339,75173,84041
11340,75190,84046
11341,75205,84062
11342,75213,84073
11343,75203,84067
11344,75192,84058
11345,75135,83996
11346,75061,83912
11347,74957,83785
11348,74854,83651
11349,74773,83529
11350,74721,83438
11351,74659,83336
11352,74609,83257
11353,74564,83204
11354,74577,83183
11355,74588,83179
11356,74600,83170
11357,74618,83179
11358,74635,83209
11359,74671,83248
11360,74678,83273
11361,74694,83306
11362,74716,83325
11363,74731,83334
11364,74758,83352
11365,74763,83349
11366,74757,83349
11367,74760,83346
11368,74768,83369
11369,74767,83372
11370,74751,83376
11371,74752,83385
11372,74752,83391
11373,74750,83399
11374,74754,83406
11375,74743,83408
11376,74738,83389
11377,74730,83383
11378,74730,83375
11379,74715,83366
11380,74716,83366
11381,74716,83366
11382,74706,83357
11383,74706,83360
11384,74709,83362
11385,74710,83385
11386,74731,83399
11387,74743,83416
11388,74755,83443
11389,74769,83463
11390,74781,83485
11391,74800,83507
11392,74822,83537
11393,74842,83566
11394,74855,83595
11395,74860,83619
11396,74868,83640
11397,74885,83665
11398,74888,83681
11399,74895,83695
11400,74901,83726
11401,74923,83733
11402,74921,83743
11403,74933,83766
11404,74942,83776
11405,74947,83795
11406,74946,83799
11407,74963,83811
11408,74961,83820
11409,74966,83831
11410,74973,83844
11411,74986,83854
11412,74987,83862
11413,74995,83867
11414,74999,83879
11415,75014,83895
11416,75017,83913
11417,75030,83916
11418,75041,83937
11419,75049,83956
11420,75065,83967
11421,75084,84000
11422,75095,84018
11423,75113,84032
11424,75115,84051
11425,75132,84079
11426,75136,84087
11427,75149,84107
11428,75144,84116
11429,75118,84084
11430,75062,84036
11431,74961,83935
11432,74859,83804
11433,74754,83649
11434,74678,83505
11435,74602,83378
11436,74553,83280
11437,74512,83186
11438,74489,83128
11439,74486,83086
11440,74480,83089
11441,74491,83082
11442,74509,83108
11443,74531,83135
11444,74551,83160
11445,74573,83193
11446,74593,83216
11447,74613,83237
11448,74624,83246
11449,74624,83254
11450,74619,83246
11451,74612,83252
11452,74622,83255
11453,74624,83267
11454,74627,83281
11455,74643,83291
11456,74649,83330
11457,74655,83341
11458,74657,83358
11459,74664,83375
11460,74673,83387
11461,74661,83393
11462,74659,83385
11463,74668,83389
11464,74654,83392
11465,74646,83386
11466,74651,83388
11467,74649,83394
11468,74654,83397
11469,74652,83413
11470,74660,83437
11471,74672,83441
11472,74680,83460
11473,74694,83467
11474,74706,83507
11475,74721,83526
11476,74733,83543
11477,74753,83574
11478,74768,83611
11479,74783,83638
11480,74806,83653
11481,74816,83674
11482,74830,83712
11483,74832,83717
11484,74848,83752
11485,74855,83767
11486,74865,83791
11487,74862,83806
11488,74877,83817
11489,74892,83839
11490,74895,83845
11491,74902,83863
11492,74908,83874
11493,74916,83892
11494,74915,83887
11495,74920,83911
11496,74922,83923
11497,74931,83939
11498,74924,83936
11499,74938,83952
11500,74943,83971
11501,74947,83991
11502,74962,84007
11503,74972,84024
11504,74983,84055
11505,75001,84073
11506,75014,84098
11507,75013,84115
11508,75043,84138
11509,75042,84150
11510,75052,84162
11511,75057,84174
11512,75041,84178
11513,75000,84132
11514,74928,84052
11515,74828,83923
11516,74716,83772
11517,74620,83619
11518,74538,83483
11519,74474,83362
11520,74425,83274
11521,74391,83194
11522,74375,83150
11523,74377,83135
11524,74395,83137
11525,74418,83148
11526,74438,83176
11527,74460,83214
11528,74491,83249
11529,74511,83289
11530,74530,83316
11531,74550,83347
11532,74562,83362
11533,74571,83364
11534,74565,83370
11535,74562,83378
11536,74573,83384
11537,74582,83402
11538,74596,83432
11539,74607,83453
11540,74622,83471
11541,74626,83481
11542,74618,83494
11543,74618,83483
11544,74614,83490
11545,74613,83487
11546,74607,83481
11547,74603,83477
11548,74603,83478
11549,74613,83478
11550,74613,83473
11551,74616,83475
11552,74620,83487
11553,74624,83503
11554,74641,83523
11555,74650,83540
11556,74666,83569
11557,74685,83590
11558,74712,83617
11559,74726,83634
11560,74750,83665
11561,74758,83684
11562,74772,83708
11563,74781,83726
11564,74793,83755
11565,74797,83767
11566,74808,83801
11567,74801,83810
11568,74809,83824
11569,74809,83837
11570,74822,83849
11571,74812,83855
11572,74821,83859
11573,74817,83873
11574,74816,83879
11575,74824,83896
11576,74821,83901
11577,74821,83916
11578,74831,83928
11579,74827,83934
11580,74835,83957
11581,74849,83975
11582,74861,83981
11583,74866,83997
11584,74866,84010
11585,74874,84019
11586,74891,84043
11587,74887,84054
11588,74891,84054
11589,74886,84055
11590,74842,84021
11591,74779,83946
11592,74690,83838
11593,74595,83688
11594,74502,83552
11595,74431,83435
11596,74385,83331
11597,74336,83233
11598,74309,83182
11599,74294,83145
11600,74294,83129
11601,74307,83141
11602,74332,83162
11603,74350,83195
11604,74389,83236
11605,74416,83273
11606,74440,83302
11607,74452,83337
11608,74473,83366
11609,74489,83390
11610,74497,83402
11611,74503,83428
11612,74510,83434
11613,74529,83453
11614,74546,83477
11615,74552,83503
11616,74551,83502
11617,74538,83503
11618,74533,83508
11619,74517,83493
11620,74501,83467
11621,74490,83468
11622,74482,83454
11623,74463,83437
11624,74452,83438
11625,74450,83417
11626,74454,83427
11627,74463,83432
11628,74466,83437
11629,74478,83459
11630,74491,83471
11631,74508,83502
11632,74529,83526
11633,74545,83552
11634,74558,83578
11635,74579,83602
11636,74599,83620
11637,74613,83649
11638,74616,83676
11639,74629,83686
11640,74642,83709
11641,74648,83720
11642,74656,83732
11643,74663,83755
11644,74666,83764
11645,74670,83778
11646,74669,83784
11647,74671,83789
11648,74678,83804
11649,74683,83821
11650,74685,83830
11651,74690,83839
11652,74702,83860
11653,74716,83870
11654,74721,83890
11655,74727,83909
11656,74745,83930
11657,74743,83942
11658,74759,83956
11659,74768,83965
11660,74769,83975
11661,74753,83968
11662,74726,83936
11663,74662,83862
11664,74572,83756
11665,74475,83600
11666,74383,83463
11667,74305,83333
11668,74239,83207
11669,74196,83101
11670,74169,83039
11671,74156,82986
11672,74151,82967
11673,74166,82967
11674,74191,82977
11675,74199,83005
11676,74229,83037
11677,74260,83071
11678,74270,83100
11679,74292,83137
11680,74304,83150
11681,74310,83164
11682,74318,83168
11683,74310,83167
11684,74317,83168
11685,74325,83183
11686,74340,83198
11687,74348,83217
11688,74372,83259
11689,74377,83271
11690,74391,83279
11691,74382,83290
11692,74377,83298
11693,74388,83300
11694,74373,83294
11695,74368,83300
11696,74365,83288
11697,74366,83288
11698,74365,83294
11699,74368,83294
11700,74376,83309
11701,74381,83314
11702,74383,83323
11703,74399,83343
11704,74420,83368
11705,74441,83392
11706,74456,83423
11707,74479,83448
11708,74491,83466
11709,74502,83484
11710,74524,83518
11711,74534,83535
11712,74542,83556
11713,74546,83580
11714,74551,83595
11715,74557,83606
11716,74568,83617
11717,74563,83622
11718,74581,83630
11719,74574,83647
11720,74582,83646
11721,74584,83666
11722,74588,83677
11723,74600,83681
11724,74611,83693
11725,74616,83718
11726,74631,83725
11727,74645,83748
11728,74651,83763
11729,74657,83779
11730,74666,83794
11731,74675,83805
11732,74672,83827
11733,74690,83831
11734,74686,83834
11735,74674,83826
11736,74640,83782
11737,74558,83694
11738,74459,83553
11739,74358,83407
11740,74271,83247
11741,74195,83112
11742,74143,82993
11743,74103,82897
11744,74070,82843
11745,74070,82820
11746,74085,82814
11747,74090,82811
11748,74111,82828
11749,74121,82855
11750,74157,82874
11751,74168,82902
11752,74174,82928
11753,74191,82939
11754,74197,82945
11755,74199,82945
11756,74190,82938
11757,74188,82933
11758,74196,82948
11759,74204,82956
11760,74222,82982
11761,74245,83009
11762,74270,83037
11763,74286,83073
11764,74304,83099
11765,74310,83117
11766,74328,83137
11767,74336,83148
11768,74325,83155
11769,74321,83146
11770,74336,83151
11771,74327,83155
11772,74333,83154
11773,74327,83155
11774,74331,83164
11775,74342,83173
11776,74351,83182
11777,74357,83208
11778,74376,83223
11779,74382,83241
11780,74406,83267
11781,74429,83307
11782,74438,83322
11783,74452,83349
11784,74474,83380
11785,74483,83406
11786,74505,83419
11787,74494,83452
11788,74520,83459
11789,74519,83482
11790,74532,83497
11791,74543,83520
11792,74551,83532
11793,74560,83542
11794,74566,83545
11795,74571,83568
11796,74581,83577
11797,74587,83587
11798,74595,83595
11799,74586,83616
11800,74589,83617
11801,74587,83614
11802,74597,83635
11803,74607,83639
11804,74607,83653
11805,74613,83665
11806,74625,83679
11807,74631,83694
11808,74646,83721
11809,74664,83739
11810,74668,83756
11811,74676,83766
11812,74694,83797
11813,74708,83825
11814,74721,83836
11815,74732,83848
11816,74745,83867
11817,74743,83883
11818,74743,83881
11819,74716,83859
11820,74644,83789
11821,74550,83656
11822,74427,83495
11823,74321,83323
11824,74241,83164
11825,74165,83017
11826,74101,82909
11827,74076,82844
11828,74076,82796
11829,74068,82771
11830,74082,82769
11831,74112,82785
11832,74131,82819
11833,74158,82847
11834,74171,82875
11835,74198,82893
11836,74207,82911
11837,74209,82931
11838,74214,82924
11839,74213,82917
11840,74212,82912
11841,74201,82914
11842,74211,82915
11843,74236,82936
11844,74238,82960
11845,74271,82984
11846,74295,83016
11847,74311,83045
11848,74311,83067
11849,74321,83090
11850,74339,83118
11851,74334,83112
11852,74341,83127
11853,74334,83123
11854,74331,83121
11855,74329,83125
11856,74330,83126
11857,74326,83129
11858,74337,83134
11859,74338,83144
11860,74339,83162
11861,74353,83175
11862,74369,83198
11863,74386,83228
11864,74402,83245
11865,74419,83273
11866,74439,83315
11867,74460,83330
11868,74467,83365
11869,74493,83383
11870,74500,83411
11871,74518,83432
11872,74521,83450
11873,74530,83458
11874,74533,83486
11875,74543,83497
11876,74534,83507
11877,74546,83516
11878,74553,83528
11879,74547,83550
11880,74549,83558
11881,74567,83566
11882,74563,83576
11883,74575,83590
11884,74583,83607
11885,74593,83616
11886,74597,83627
11887,74592,83634
11888,74610,83646
11889,74608,83657
11890,74616,83663
11891,74616,83683
11892,74623,83678
11893,74635,83697
11894,74646,83720
11895,74653,83739
11896,74668,83747
11897,74677,83772
11898,74689,83797
11899,74706,83816
11900,74723,83841
11901,74732,83860
11902,74749,83873
11903,74754,83900
11904,74756,83917
11905,74766,83931
11906,74774,83937
11907,74769,83932
11908,74743,83911
11909,74671,83846
11910,74561,83718
11911,74450,83556
11912,74340,83395
11913,74268,83241
11914,74204,83119
11915,74151,83012
11916,74122,82941
11917,74116,82897
11918,74122,82896
11919,74136,82909
11920,74164,82935
11921,74194,82974
11922,74228,83004
11923,74252,83053
11924,74279,83077
11925,74287,83100
11926,74304,83120
11927,74307,83126
11928,74309,83121
11929,74303,83109
11930,74310,83115
11931,74307,83122
11932,74325,83143
11933,74343,83157
11934,74362,83188
11935,74369,83208
11936,74371,83229
11937,74385,83239
11938,74398,83250
11939,74390,83247
11940,74390,83241
11941,74393,83242
11942,74376,83226
11943,74380,83228
11944,74381,83234
11945,74374,83232
11946,74382,83239
11947,74396,83241
11948,74403,83259
11949,74415,83275
11950,74437,83306
11951,74457,83328
11952,74471,83356
11953,74491,83381
11954,74514,83415
11955,74528,83440
11956,74539,83460
11957,74549,83484
11958,74573,83508
11959,74585,83529
11960,74584,83543
11961,74588,83555
11962,74605,83563
11963,74603,83579
11964,74608,83592
11965,74610,83604
11966,74625,83614
11967,74627,83628
11968,74633,83637
11969,74644,83642
11970,74641,83633
11971,74646,83659
11972,74640,83666
11973,74643,83672
11974,74653,83679
11975,74659,83691
11976,74666,83709
11977,74678,83719
11978,74686,83727
11979,74693,83743
11980,74707,83771
11981,74714,83784
11982,74727,83804
11983,74742,83822
11984,74757,83842
11985,74763,83862
11986,74777,83871
11987,74790,83892
11988,74797,83911
11989,74790,83919
11990,74767,83881
11991,74705,83827
11992,74614,83709
11993,74505,83578
11994,74410,83429
11995,74321,83279
11996,74264,83156
11997,74203,83058
11998,74173,82962
11999,74155,82930
12000,74173,82918
12001,74179,82923
12002,74215,82958
12003,74245,82983
12004,74277,83029
12005,74305,83065
12006,74334,83111
12007,74353,83138
12008,74366,83168
12009,74374,83182
12010,74391,83204
12011,74389,83205
12012,74405,83227
12013,74411,83244
12014,74434,83267
12015,74452,83286
12016,74469,83312
12017,74479,83342
12018,74479,83340
12019,74472,83345
12020,74465,83357
12021,74459,83343
12022,74441,83330
12023,74450,83332
12024,74437,83335
12025,74440,83318
12026,74448,83323
12027,74452,83335
12028,74457,83339
12029,74472,83356
12030,74482,83377
12031,74507,83405
12032,74516,83428
12033,74533,83457
12034,74561,83477
12035,74578,83518
12036,74604,83547
12037,74618,83569
12038,74634,83599
12039,74647,83622
12040,74657,83644
12041,74667,83667
12042,74678,83682
12043,74680,83706
12044,74700,83724
12045,74708,83727
12046,74704,83750
12047,74716,83754
12048,74721,83766
12049,74734,83777
12050,74736,83785
12051,74746,83794
12052,74744,83812
12053,74757,83820
12054,74757,83826
12055,74757,83838
12056,74765,83846
12057,74770,83862
12058,74777,83873
12059,74788,83881
12060,74791,83895
12061,74798,83907
12062,74802,83926
12063,74819,83942
12064,74827,83962
12065,74850,83981
12066,74859,83999
12067,74870,84024
12068,74888,84047
12069,74900,84068
12070,74915,84095
12071,74929,84109
12072,74928,84126
12073,74919,84126
12074,74879,84074
12075,74794,83980
12076,74669,83838
12077,74549,83659
12078,74435,83490
12079,74357,83330
12080,74274,83187
12081,74225,83074
12082,74196,82999
12083,74180,82957
12084,74194,82944
12085,74216,82957
12086,74238,82988
12087,74267,83019
12088,74287,83049
12089,74320,83081
12090,74338,83128
12091,74365,83155
12092,74382,83167
12093,74376,83176
12094,74370,83179
12095,74375,83179
12096,74369,83170
12097,74374,83176
12098,74391,83190
12099,74406,83206
12100,74426,83238
12101,74445,83264
12102,74455,83293
12103,74466,83310
12104,74479,83328
12105,74485,83337
12106,74477,83346
12107,74482,83355
12108,74479,83353
12109,74482,83352
12110,74473,83349
12111,74478,83358
12112,74477,83361
12113,74481,83368
12114,74489,83379
12115,74505,83401
12116,74510,83423
12117,74529,83446
12118,74542,83470
12119,74564,83494
12120,74580,83527
12121,74602,83558
12122,74626,83584
12123,74647,83609
12124,74652,83650
12125,74674,83669
12126,74690,83695
12127,74699,83706
12128,74713,83731
12129,74711,83747
12130,74720,83769
12131,74740,83780
12132,74744,83785
12133,74752,83807
12134,74750,83814
12135,74767,83828
12136,74775,83847
12137,74786,83868
12138,74789,83871
12139,74795,83878
12140,74805,83903
12141,74809,83916
12142,74819,83920
12143,74824,83934
12144,74833,83948
12145,74846,83962
12146,74845,83985
12147,74850,83986
12148,74860,83998
12149,74874,84018
12150,74878,84035
12151,74895,84053
12152,74904,84071
12153,74920,84098
12154,74930,84125
12155,74955,84136
12156,74964,84175
12157,74978,84198
12158,74997,84210
12159,75012,84231
12160,75017,84246
12161,75014,84251
12162,74984,84233
12163,74922,84159
12164,74803,84039
12165,74672,83859
12166,74536,83677
12167,74432,83502
12168,74350,83347
12169,74299,83230
12170,74240,83119
12171,74231,83054
12172,74225,83022
12173,74238,83032
12174,74264,83046
12175,74297,83077
12176,74316,83109
12177,74350,83150
12178,74378,83187
12179,74402,83224
12180,74418,83250
12181,74431,83270
12182,74445,83282
12183,74438,83282
12184,74446,83283
12185,74447,83282
12186,74930,84125
12187,74461,83306
12188,74464,83339
12189,74489,83365
12190,74503,83375
12191,74519,83412
12192,74529,83427
12193,74530,83441
12194,74542,83454
12195,74542,83457
12196,74535,83462
12197,74533,83461
12198,74537,83457
12199,74531,83452
12200,74531,83465
12201,74531,83465
12202,74541,83477
12203,74546,83495
12204,74568,83515
12205,74586,83527
12206,74590,83553
12207,74607,83573
12208,74622,83604
12209,74646,83635
12210,74673,83664
12211,74686,83699
12212,74701,83731
12213,74720,83751
12214,74734,83770
12215,74753,83796
12216,74758,83820
12217,74767,83850
12218,74779,83861
12219,74786,83885
12220,74794,83896
12221,74798,83892
12222,74808,83921
12223,74820,83934
12224,74840,83948
12225,74827,83969
12226,74833,83977
12227,74841,83983
12228,74838,84004
12229,74851,84011
12230,74858,84018
12231,74868,84039
12232,74876,84042
12233,74886,84053
12234,74891,84069
12235,74889,84080
12236,74900,84088
12237,74906,84102
12238,74914,84120
12239,74924,84140
12240,74940,84164
12241,74946,84183
12242,74958,84196
12243,74971,84220
12244,74989,84252
12245,75007,84264
12246,75025,84291
12247,75037,84312
12248,75046,84335
12249,75054,84350
12250,75062,84362
12251,75029,84339
12252,74971,84278
12253,74856,84152
12254,74726,83998
12255,74593,83816
12256,74485,83642
12257,74397,83473
12258,74333,83354
12259,74294,83250
12260,74260,83191
12261,74260,83153
12262,74275,83159
12263,74298,83177
12264,74328,83209
12265,74366,83249
12266,74389,83302
12267,74431,83341
12268,74464,83390
12269,74489,83437
12270,74516,83468
12271,74515,83484
12272,74527,83500
12273,74527,83507
12274,74531,83522
12275,74545,83530
12276,74552,83546
12277,74570,83568
12278,74582,83587
12279,74588,83586
12280,74592,83600
12281,74589,83594
12282,74576,83601
12283,74575,83602
12284,74571,83586
12285,74564,83580
12286,74552,83575
12287,74554,83566
12288,74554,83567
12289,74562,83571
12290,74562,83574
12291,74575,83583
12292,74592,83597
12293,74591,83618
12294,74622,83634
12295,74635,83651
12296,74656,83698
12297,74668,83722
12298,74689,83740
12299,74709,83768
12300,74724,83799
12301,74737,83820
12302,74748,83838
12303,74761,83871
12304,74781,83888
12305,74779,83901
12306,74781,83912
12307,74792,83932
12308,74802,83951
12309,74803,83958
12310,74801,83961
12311,74796,83978
12312,74810,83992
12313,74807,84001
12314,74809,83998
12315,74808,84013
12316,74816,84016
12317,74811,84026
12318,74818,84040
12319,74827,84051
12320,74833,84061
12321,74843,84075
12322,74843,84092
12323,74860,84104
12324,74875,84115
12325,74886,84136
12326,74907,84160
12327,74923,84188
12328,74933,84207
12329,74947,84223
12330,74953,84241
12331,74953,84249
12332,74943,84240
12333,74892,84198
12334,74808,84106
12335,74690,83960
12336,74565,83797
12337,74462,83627
12338,74386,83488
12339,74322,83365
12340,74272,83262
12341,74245,83188
12342,74237,83153
12343,74256,83153
12344,74276,83166
12345,74295,83186
12346,74335,83238
12347,74373,83283
12348,74394,83320
12349,74434,83375
12350,74465,83415
12351,74480,83451
12352,74509,83479
12353,74514,83494
12354,74527,83518
12355,74532,83531
12356,74541,83549
12357,74551,83573
12358,74565,83591
12359,74576,83605
12360,74573,83611
12361,74565,83612
12362,74564,83610
12363,74544,83593
12364,74529,83582
12365,74520,83573
12366,74515,83564
12367,74510,83557
12368,74502,83557
12369,74508,83545
12370,74511,83558
12371,74514,83573
12372,74528,83587
12373,74547,83601
12374,74567,83636
12375,74596,83659
12376,74612,83676
12377,74633,83705
12378,74651,83744
12379,74673,83780
12380,74689,83800
12381,74713,83825
12382,74722,83857
12383,74739,83882
12384,74752,83896
12385,74761,83911
12386,74779,83932
12387,74779,83950
12388,74782,83960
12389,74793,83972
12390,74795,83974
12391,74792,84004
12392,74803,84017
12393,74796,84010
12394,74798,84020
12395,74795,84028
12396,74803,84037
12397,74812,84052
12398,74811,84060
12399,74810,84059
12400,74832,84076
12401,74832,84093
12402,74845,84111
12403,74858,84128
12404,74860,84145
12405,74873,84174
12406,74892,84182
12407,74904,84196
12408,74917,84202
12409,74925,84225
12410,74926,84229
12411,74905,84208
12412,74823,84144
12413,74735,84021
12414,74602,83865
12415,74471,83677
12416,74371,83503
12417,74286,83346
12418,74230,83224
12419,74173,83132
12420,74153,83057
12421,74157,83029
12422,74171,83032
12423,74205,83044
12424,74218,83080
12425,74251,84010
12426,74798,84020
12427,74315,83191
12428,74341,83226
12429,74363,83250
12430,74361,83274
12431,74371,83271
12432,74369,83278
12433,74359,83272
12434,74363,83279
12435,74370,83285
12436,74384,83307
12437,74401,83322
12438,74420,83336
12439,74427,83368
12440,74436,83380
12441,74442,83395
12442,74449,83409
12443,74454,83403
12444,74443,83404
12445,74444,83404
12446,74438,83405
12447,74446,83408
12448,74442,83411
12449,74444,83407
12450,74442,83419
12451,74456,83423
12452,74464,83437
12453,74474,83453
12454,74485,83473
12455,74503,83494
12456,74526,83520
12457,74540,83558
12458,74552,83579
12459,74586,83611
12460,74600,83629
12461,74619,83659
12462,74629,83680
12463,74640,83706
12464,74657,83727
12465,74659,83744
12466,74664,83755
12467,74672,83768
12468,74672,83784
12469,74676,83791
12470,74685,83798
12471,74680,83800
12472,74693,83808
12473,74697,83824
12474,74696,83842
12475,74701,83839
12476,74704,83850
12477,74712,83865
12478,74721,83876
12479,74723,83895
12480,74739,83913
12481,74744,83931
12482,74756,83948
12483,74764,83973
12484,74780,83989
12485,74783,84002
12486,74791,84010
12487,74804,84025
12488,74807,84035
12489,74786,84025
12490,74754,83990
12491,74656,83888
12492,74551,83745
12493,74426,83566
12494,74333,83408
12495,74238,83249
12496,74173,83118
12497,74130,83016
12498,74098,82947
12499,74095,82908
12500,74105,82896
12501,74123,82903
12502,74138,82931
12503,74183,82953
12504,74199,82998
12505,74229,83036
12506,74251,83062
12507,74265,83082
12508,74277,83097
12509,74286,83103
12510,74279,83096
12511,74276,83105
12512,74274,83100
12513,74290,83107
12514,74307,83128
12515,74316,83149
12516,74340,83170
12517,74357,83200
12518,74365,83229
12519,74372,83231
12520,74383,83242
12521,74378,83262
12522,74380,83258
12523,74387,83261
12524,74382,83257
12525,74378,83251
12526,74380,83246
12527,74377,83254
12528,74374,83251
12529,74389,83278
12530,74395,83275
12531,74405,83294
12532,74428,83319
12533,74439,83338
12534,74454,83367
12535,74470,83389
12536,74492,83409
12537,74506,83445
12538,74522,83475
12539,74535,83489
12540,74558,83512
12541,74563,83536
12542,74576,83550
12543,74581,83563
12544,74587,83583
12545,74596,83594
12546,74605,83600
12547,74602,83614
12548,74609,83615
12549,74617,83633
12550,74602,83644
12551,74623,83658
12552,74629,83665
12553,74621,83666
12554,74633,83683
12555,74641,83694
12556,74639,83697
12557,74636,83722
12558,74656,83736
12559,74659,83756
12560,74671,83767
12561,74681,83794
12562,74699,83808
12563,74704,83828
12564,74724,83851
12565,74739,83861
12566,74735,83876
12567,74734,83886
12568,74742,83892
12569,74717,83864
12570,74672,83823
12571,74582,83710
12572,74461,83553
12573,74347,83391
12574,74252,83219
12575,74181,83069
12576,74122,82957
12577,74085,82871
12578,74067,82817
12579,74080,82788
12580,74086,82796
12581,74113,82814
12582,74149,82832
12583,74172,82872
12584,74194,82911
12585,74219,82936
12586,74237,82971
12587,74249,82988
12588,74254,83001
12589,74257,82985
12590,74254,82989
12591,74250,82975
12592,74259,83001
12593,74268,83002
12594,74281,83022
12595,74305,83052
12596,74326,83086
12597,74339,83109
12598,74355,83130
12599,74351,83133
12600,74361,83150
12601,74347,83154
12602,74360,83161
12603,74350,83156
12604,74352,83160
12605,74351,83154
12606,74348,83154
12607,74350,83164
12608,74351,83157
12609,74373,83180
12610,74367,83190
12611,74388,83205
12612,74407,83225
12613,74414,83253
12614,74443,83272
12615,74448,83304
12616,74473,83332
12617,74485,83356
12618,74503,83372
12619,74519,83409
12620,74530,83429
12621,74538,83446
12622,74550,83459
12623,74552,83472
12624,74562,83489
12625,74581,83505
12626,74579,83526
12627,74591,83530
12628,74588,83543
12629,74588,83552
12630,74596,83556
12631,74597,83562
12632,74597,83578
12633,74602,83576
12634,74609,83590
12635,74615,83601
12636,74620,83618
12637,74627,83624
12638,74632,83636
12639,74645,83655
12640,74657,83672
12641,74667,83698
12642,74676,83712
12643,74692,83727
12644,74700,83751
12645,74710,83765
12646,74712,83779
12647,74728,83795
12648,74733,83807
12649,74727,83810
12650,74700,83788
12651,74644,83717
12652,74554,83608
12653,74440,83452
12654,74330,83265
12655,74244,83118
12656,74173,82997
12657,74125,82886
12658,74094,82811
12659,74089,82780
12660,74093,82762
12661,74109,82774
12662,74136,82800
12663,74168,82847
12664,74199,82891
12665,74235,82920
12666,74275,82958
12667,74290,82983
12668,74298,83012
12669,74306,83032
12670,74632,83636
12671,74645,83655
12672,74323,83061
12673,74336,83074
12674,74354,83101
12675,74366,83116
12676,74378,83147
12677,74400,83166
12678,74401,83168
12679,74400,83184
12680,74396,83180
12681,74384,83179
12682,74388,83174
12683,74380,83176
12684,74370,83155
12685,74382,83164
12686,74378,83160
12687,74383,83164
12688,74389,83176
12689,74402,83190
12690,74411,83217
12691,74429,83240
12692,74451,83262
12693,74473,83301
12694,74490,83322
12695,74501,83349
12696,74523,83381
12697,74539,83406
12698,74560,83425
12699,74561,83456
12700,74578,83474
12701,74590,83496
12702,74599,83508
12703,74605,83517
12704,74610,83531
12705,74614,83548
12706,74621,83558
12707,74625,83567
12708,74631,83585
12709,74638,83593
12710,74646,83610
12711,74651,83623
12712,74660,83637
12713,74660,83644
12714,74664,83653
12715,74664,83664
12716,74673,83664
12717,74684,83681
12718,74686,83701
12719,74690,83697
12720,74695,83709
12721,74697,83725
12722,74706,83739
12723,74719,83762
12724,74731,83785
12725,74738,83798
12726,74756,83816
12727,74767,83837
12728,74779,83865
12729,74794,83884
12730,74811,83905
12731,74809,83914
12732,74829,83938
12733,74820,83944
12734,74795,83909
12735,74731,83846
12736,74614,83706
12737,74479,83526
12738,74358,83337
12739,74264,83172
12740,74180,83019
12741,74126,82888
12742,74093,82813
12743,74084,82764
12744,74086,82733
12745,74101,82738
12746,74130,82766
12747,74145,82798
12748,74185,82826
12749,74211,82863
12750,74234,82906
12751,74253,82921
12752,74268,82952
12753,74275,82962
12754,74272,82958
12755,74275,82951
12756,74271,82941
12757,74276,82944
12758,74286,82959
12759,74296,82979
12760,74323,83006
12761,74340,83042
12762,74358,83062
12763,74371,83096
12764,74389,83103
12765,74393,83119
12766,74397,83129
12767,74396,83129
12768,74399,83131
12769,74392,83137
12770,74392,83139
12771,74390,83132
12772,74398,83137
12773,74391,83140
12774,74403,83145
12775,74415,83156
12776,74425,83176
12777,74445,83199
12778,74455,83232
12779,74475,83249
12780,74493,83285
12781,74514,83304
12782,74529,83338
12783,74541,83367
12784,74558,83388
12785,74568,83407
12786,74584,83429
12787,74595,83441
12788,74600,83463
12789,74605,83480
12790,74617,83489
12791,74617,83501
12792,74631,83521
12793,74636,83533
12794,74644,83538
12795,74642,83566
12796,74654,83570
12797,74663,83589
12798,74669,83594
12799,74678,83613
12800,74686,83636
12801,74691,83635
12802,74698,83654
12803,74704,83663
12804,74708,83678
12805,74726,83689
12806,74724,83693
12807,74734,83714
12808,74732,83722
12809,74745,83741
12810,74750,83749
12811,74761,83772
12812,74772,83787
12813,74775,83809
12814,74798,83826
12815,74811,83842
12816,74829,83864
12817,74843,83881
12818,74859,83919
12819,74873,83929
12820,74876,83957
12821,74898,83965
12822,74902,83985
12823,74900,84001
12824,74892,83992
12825,74841,83935
12826,74744,83836
12827,74622,83675
12828,74492,83480
12829,74369,83287
12830,74286,83116
12831,74204,82969
12832,74151,82875
12833,74128,82790
12834,74125,82761
12835,74136,82762
12836,74157,82771
12837,74181,82798
12838,74214,82831
12839,74245,82867
12840,74284,82906
12841,74302,82945
12842,74311,82969
12843,74324,82989
12844,74317,82991
12845,74325,82988
12846,74317,82979
12847,74321,82974
12848,74331,82976
12849,74339,82997
12850,74356,83018
12851,74382,83046
12852,74395,83066
12853,74424,83094
12854,74427,83120
12855,74435,83136
12856,74439,83151
12857,74434,83171
12858,74439,83166
12859,74447,83166
12860,74445,83164
12861,74441,83168
12862,74447,83172
12863,74440,83177
12864,74439,83182
12865,74461,83196
12866,74464,83212
12867,74478,83224
12868,74498,83255
12869,74511,83278
12870,74524,83309
12871,74550,83322
12872,74566,83367
12873,74589,83394
12874,74605,83417
12875,74609,83446
12876,74624,83459
12877,74639,83490
12878,74648,83506
12879,74655,83520
12880,74661,83540
12881,74667,83551
12882,74676,83566
12883,74678,83584
12884,74681,83589
12885,74697,83614
12886,74696,83623
12887,74704,83630
12888,74720,83650
12889,74723,83660
12890,74727,83673
12891,74737,83685
12892,74742,83702
12893,74750,83713
12894,74751,83722
12895,74768,83739
12896,74778,83751
12897,74791,83767
12898,74801,83782
12899,74813,83799
12900,74810,83810
12901,74822,83818
12902,74827,83829
12903,74830,83858
12904,74845,83856
12905,74856,83877
12906,74864,83892
12907,74882,83918
12908,74889,83934
12909,74899,83955
12910,74911,83963
12911,74922,83989
12912,74942,84012
12913,74947,84035
12914,74676,83566
12915,74979,84077
12916,74991,84090
12917,74999,84106
12918,75001,84136
12919,75001,84116
12920,74963,84092
12921,74886,84004
12922,74756,83861
12923,74625,83672
12924,74489,83476
12925,74381,83303
12926,74305,83149
12927,74243,83024
12928,74197,82938
12929,74190,82886
12930,74203,82875
12931,74223,82886
12932,74245,82909
12933,74283,82946
12934,74317,82999
12935,74345,83036
12936,74376,83078
12937,74403,83124
12938,74422,83166
12939,74427,83165
12940,74438,83177
12941,74434,83179
12942,74436,83170
12943,74440,83183
12944,74443,83186
12945,74451,83199
12946,74471,83235
12947,74486,83251
12948,74493,83264
12949,74499,83273
12950,74506,83293
12951,74507,83293
12952,74507,83297
12953,74510,83311
12954,74506,83303
12955,74502,83292
12956,74503,83301
12957,74502,83295
12958,74510,83294
12959,74497,83299
12960,74515,83317
12961,74531,83332
12962,74545,83341
12963,74553,83366
12964,74580,83391
12965,74586,83419
12966,74599,83457
12967,74627,83481
12968,74637,83504
12969,74655,83533
12970,74667,83550
12971,74679,83574
12972,74686,83585
12973,74697,83609
12974,74709,83630
12975,74712,83634
12976,74719,83657
12977,74723,83665
12978,74723,83683
12979,74726,83687
12980,74734,83702
12981,74739,83707
12982,74742,83725
12983,74744,83735
12984,74756,83746
12985,74757,83758
12986,74772,83774
12987,74772,83770
12988,74774,83788
12989,74790,83790
12990,74791,83812
12991,74797,83822
12992,74815,83826
12993,74807,83848
12994,74827,83856
12995,74826,83868
12996,74841,83881
12997,74853,83907
12998,74866,83924
12999,74877,83951
13000,74889,83965
13001,74907,83980
13002,74925,84002
13003,74939,84032
13004,74947,84050
13005,74964,84073
13006,74972,84090
13007,74984,84103
13008,74985,84122
13009,74969,84109
13010,74911,84061
13011,74833,83953
13012,74703,83807
13013,74572,83615
13014,74443,83430
13015,74360,83266
13016,74284,83133
13017,74234,83018
13018,74214,82951
13019,74209,82910
13020,74218,82916
13021,74239,82926
13022,74276,82966
13023,74313,83006
13024,74352,83053
13025,74385,83103
13026,74421,83150
13027,74437,83187
13028,74452,83217
13029,74471,83240
13030,74479,83248
13031,74474,83268
13032,74487,83271
13033,74491,83288
13034,74515,83311
13035,74526,83335
13036,74538,83344
13037,74547,83357
13038,74550,83379
13039,74552,83367
13040,74535,83383
13041,74544,83373
13042,74531,83371
13043,74532,83365
13044,74529,83354
13045,74520,83361
13046,74516,83353
13047,74527,83374
13048,74540,83381
13049,74543,83392
13050,74559,83408
13051,74576,83429
13052,74582,83465
13053,74606,83477
13054,74626,83506
13055,74645,83535
13056,74663,83567
13057,74680,83597
13058,74709,83623
13059,74714,83660
13060,74738,83684
13061,74738,83700
13062,74751,83730
13063,74760,83731
13064,74761,83747
13065,74779,83760
13066,74783,83781
13067,74785,83795
13068,74791,83808
13069,74801,83819
13070,74809,83831
13071,74810,83846
13072,74816,83845
13073,74812,83859
13074,74830,83868
13075,74833,83890
13076,74830,83896
13077,74841,83924
13078,74845,83927
13079,74857,83937
13080,74870,83959
13081,74878,83969
13082,74886,83987
13083,74893,83997
13084,74894,84003
13085,74897,84018
13086,74906,84031
13087,74915,84046
13088,74929,84065
13089,74928,84084
13090,74942,84103
13091,74953,84111
13092,74977,84132
13093,74984,84152
13094,74992,84177
13095,75010,84198
13096,75034,84211
13097,75043,84251
13098,75047,84262
13099,75064,84278
13100,75061,84295
13101,75063,84287
13102,75032,84270
13103,74956,84174
13104,74820,84042
13105,74673,83852
13106,74550,83650
13107,74424,83452
13108,74339,83286
13109,74274,83155
13110,74218,83045
13111,74209,82987
13112,74212,82968
13113,74234,82961
13114,74250,82983
13115,74281,83023
13116,74304,83060
13117,74347,83097
13118,74382,83142
13119,74404,83167
13120,74421,83206
13121,74439,83237
13122,74431,83237
13123,74431,83237
13124,74429,83242
13125,74431,83233
13126,74421,83231
13127,74431,83233
13128,74455,83259
13129,74478,83276
13130,74489,83309
13131,74496,83321
13132,74505,83350
13133,74520,83353
13134,74523,83366
13135,74526,83372
13136,74527,83374
13137,74530,83370
13138,74518,83366
13139,74529,83374
13140,74522,83370
13141,74526,83362
13142,74528,83371
13143,74538,83387
13144,74547,83400
13145,74553,83423
13146,74578,83443
13147,74600,83469
13148,74612,83498
13149,74627,83528
13150,74644,83552
13151,74666,83588
13152,74691,83608
13153,74696,83639
13154,74717,83661
13155,74431,83237
13156,74737,83709
13157,74750,83729
13158,74750,83748
13159,74753,83760
13160,74761,83766
13161,74766,83786
13162,74779,83804
13163,74779,83816
13164,74780,83824
13165,74780,83832
13166,74789,83845
13167,74802,83868
13168,74804,83866
13169,74811,83887
13170,74822,83892
13171,74826,83912
13172,74831,83916
13173,74829,83936
13174,74841,83941
13175,74852,83953
13176,74862,83978
13177,74867,83980
13178,74874,83997
13179,74880,84002
13180,74891,84021
13181,74899,84031
13182,74915,84048
13183,74921,84062
13184,74928,84086
13185,74942,84106
13186,74957,84124
13187,74983,84159
13188,74995,84169
13189,75010,84202
13190,75015,84214
13191,75034,84227
13192,75042,84249
13193,75043,84253
13194,75013,84239
13195,74947,84168
13196,74839,84041
13197,74683,83858
13198,74549,83666
13199,74436,83472
13200,74348,83304
13201,74279,83163
13202,74232,83053
13203,74199,82995
13204,74206,82964
13205,74209,82956
13206,74234,82975
13207,74266,83003
13208,74297,83040
13209,74337,83081
13210,74364,83125
13211,74400,83169
13212,74415,83208
13213,74420,83228
13214,74423,83231
13215,74431,83233
13216,74437,83231
13217,74425,83231
13218,74429,83224
13219,74438,83244
13220,74459,83263
13221,74468,83281
13222,74483,83307
13223,74494,83327
13224,74505,83333
13225,74505,83336
13226,74513,83353
13227,74511,83356
13228,74511,83361
13229,74511,83354
13230,74508,83353
13231,74504,83353
13232,74498,83352
13233,74502,83359
13234,74515,83365
13235,74527,83383
13236,74536,83393
13237,74549,83413
13238,74570,83431
13239,74581,83460
13240,74601,83489
13241,74609,83518
13242,74642,83552
13243,74658,83574
13244,74657,83608
13245,74686,83638
13246,74702,83643
13247,74714,83672
13248,74720,83694
13249,74734,83696
13250,74740,83731
13251,74742,83735
13252,74741,83756
13253,74756,83764
13254,74761,83769
13255,74765,83786
13256,74774,83799
13257,74772,83809
13258,74782,83815
13259,74785,83824
13260,74792,83843
13261,74806,83855
13262,74798,83851
13263,74810,83869
13264,74808,83884
13265,74816,83892
13266,74826,83899
13267,74831,83914
13268,74835,83920
13269,74836,83930
13270,74848,83938
13271,74852,83958
13272,74869,83974
13273,74870,83983
13274,74880,83998
13275,74894,84024
13276,74902,84040
13277,74927,84064
13278,74939,84093
13279,74957,84111
13280,74975,84127
13281,74979,84151
13282,74985,84168
13283,74989,84180
13284,74986,84185
13285,74954,84145
13286,74871,84065
13287,74753,83922
13288,74620,83741
13289,74486,83556
13290,74379,83371
13291,74305,83217
13292,74238,83104
13293,74209,83022
13294,74200,82978
13295,74210,82965
13296,74230,82969
13297,74252,82994
13298,74292,83044
13299,74322,83079
13300,74361,83127
13301,74398,83178
13302,74419,83208
13303,74442,83244
13304,74455,83270
13305,74455,83285
13306,74467,83289
13307,74464,83299
13308,74469,83295
13309,74491,83315
13310,74501,83336
13311,74507,83342
13312,74527,83358
13313,74531,83376
13314,74528,83375
13315,74529,83371
13316,74519,83365
13317,74514,83364
13318,74508,83356
13319,74503,83358
13320,74513,83346
13321,74502,83337
13322,74507,83336
13323,74504,83354
13324,74512,83347
13325,74525,83383
13326,74542,83393
13327,74553,83408
13328,74550,83427
13329,74589,83468
13330,74607,83498
13331,74620,83515
13332,74642,83535
13333,74660,83563
13334,74657,83583
13335,74680,83599
13336,74686,83625
13337,74691,83638
13338,74699,83662
13339,74704,83675
13340,74720,83688
13341,74720,83699
13342,74719,83705
13343,74734,83723
13344,74735,83736
13345,74734,83738
13346,74740,83751
13347,74741,83763
13348,74748,83762
13349,74763,83779
13350,74762,83785
13351,74760,83791
13352,74764,83817
13353,74771,83818
13354,74777,83822
13355,74789,83833
13356,74789,83849
13357,74789,83864
13358,74800,83875
13359,74820,83885
13360,74828,83915
13361,74838,83933
13362,74838,83958
13363,74861,83976
13364,74877,83990
13365,74895,84011
13366,74902,84031
13367,74910,84052
13368,74915,84062
13369,74913,84056
13370,74875,84032
13371,74801,83930
13372,74680,83803
13373,74552,83622
13374,74421,83446
13375,74336,83273
13376,74259,83142
13377,74208,83025
13378,74173,82936
13379,74165,82889
13380,74171,82882
13381,74191,82886
13382,74219,82914
13383,74257,82952
13384,74286,82994
13385,74323,83038
13386,74355,83081
13387,74385,83112
13388,74401,83146
13389,74398,83160
13390,74417,83175
13391,74416,83176
13392,74413,83177
13393,74419,83188
13394,74441,83200
13395,74448,83221
13396,74468,83248
13397,74472,83266
13398,74491,83276
13399,74485,83293
13400,74482,83296
13401,74487,83299
13402,74483,83287
13403,74470,83281
13404,74473,83280
13405,74468,83280
13406,74467,83280
13407,74468,83285
13408,74477,83294
13409,74477,83304
13410,74496,83312
13411,74508,83338
13412,74517,83350
13413,74535,83382
13414,74554,83411
13415,74582,83433
13416,74603,83466
13417,74610,83501
13418,74639,83523
13419,74652,83549
13420,74663,83565
13421,74680,83589
13422,74684,83612
13423,74692,83620
13424,74697,83641
13425,74705,83661
13426,74707,83662
13427,74717,83677
13428,74722,83695
13429,74727,83703
13430,74736,83706
13431,74736,83716
13432,74736,83726
13433,74749,83741
13434,74751,83755
13435,74753,83764
13436,74762,83772
13437,74770,83788
13438,74771,83791
13439,74779,83812
13440,74778,83807
13441,74793,83823
13442,74793,83843
13443,74796,83857
13444,74800,83864
13445,74820,83877
13446,74823,83900
13447,74824,83924
13448,74847,83941
13449,74867,83965
13450,74878,83980
13451,74894,84005
13452,74900,84019
13453,74910,84046
13454,74920,84050
13455,74914,84066
13456,74892,84044
13457,74834,83985
13458,74719,83846
13459,74579,83669
13460,74446,83482
13461,74328,83282
13462,74244,83118
13463,74184,82980
13464,74143,82885
13465,74125,82819
13466,74119,82792
13467,74137,82794
13468,74148,82800
13469,74184,82824
13470,74227,82864
13471,74253,82901
13472,74270,82931
13473,74294,82972
13474,74314,82994
13475,74311,83007
13476,74325,83013
13477,74319,83001
13478,74314,82981
13479,74314,82972
13480,74327,82983
13481,74335,82990
13482,74360,83013
13483,74372,83044
13484,74398,83071
13485,74410,83092
13486,74425,83112
13487,74434,83132
13488,74447,83148
13489,74446,83155
13490,74452,83147
13491,74447,83150
13492,74441,83150
13493,74438,83150
13494,74442,83153
13495,74442,83151
13496,74450,83153
13497,74460,83161
13498,74473,83176
13499,74479,83201
13500,74494,83221
13501,74503,83241
13502,74519,83269
13503,74544,83305
13504,74565,83319
13505,74580,83362
13506,74597,83391
13507,74602,83407
13508,74617,83423
13509,74622,83439
13510,74633,83457
13511,74646,83468
13512,74646,83488
13513,74652,83502
13514,74662,83521
13515,74671,83539
13516,74677,83541
13517,74679,83553
13518,74688,83569
13519,74695,83582
13520,74692,83585
13521,74692,83600
13522,74698,83610
13523,74706,83624
13524,74713,83639
13525,74710,83641
13526,74726,83655
13527,74728,83669
13528,74739,83679
13529,74742,83689
13530,74759,83698
13531,74758,83721
13532,74767,83734
13533,74789,83758
13534,74802,83771
13535,74816,83797
13536,74827,83818
13537,74841,83840
13538,74853,83863
13539,74874,83880
13540,74883,83891
13541,74883,83917
13542,74889,83916
13543,74876,83915
13544,74850,83879
13545,74768,83784
13546,74645,83636
13547,74511,83454
13548,74387,83256
13549,74284,83095
13550,74215,82937
13551,74170,82835
13552,74138,82755
13553,74136,82719
13554,74145,82694
13555,74154,82712
13556,74190,82719
13557,74209,82759
13558,74242,82797
13559,74265,82833
13560,74289,82862
13561,74308,82887
13562,74317,82900
13563,74307,82897
13564,74305,82889
13565,74301,82890
13566,74291,82889
13567,74304,82876
13568,74313,82895
13569,74329,82910
13570,74348,82942
13571,74367,82979
13572,74392,83007
13573,74407,83035
13574,74429,83051
13575,74432,83075
13576,74440,83073
13577,74449,83075
13578,74436,83084
13579,74437,83075
13580,74444,83072
13581,74436,83079
13582,74437,83084
13583,74448,83086
13584,74457,83089
13585,74461,83111
13586,74472,83120
13587,74498,83150
13588,74507,83173
13589,74524,83201
13590,74543,83223
13591,74558,83261
13592,74583,83282
13593,74584,83309
13594,74599,83342
13595,74618,83365
13596,74625,83376
13597,74642,83400
13598,74646,83413
13599,74648,83428
13600,74658,83446
13601,74663,83450
13602,74665,83467
13603,74669,83482
13604,74678,83497
13605,74692,83509
13606,74695,83528
13607,74701,83539
13608,74702,83543
13609,74706,83552
13610,74717,83558
13611,74722,83566
13612,74729,83585
13613,74730,83585
13614,74735,83598
13615,74750,83610
13616,74753,83621
13617,74752,83629
13618,74763,83646
13619,74780,83653
13620,74786,83675
13621,74793,83699
13622,74801,83712
13623,74817,83732
13624,74831,83756
13625,74851,83781
13626,74866,83807
13627,74889,83829
13628,74886,83843
13629,74909,83868
13630,74916,83870
13631,74913,83880
13632,74897,83880
13633,74859,83836
13634,74780,83738
13635,74654,83600
13636,74526,83402
13637,74407,83224
13638,74315,83060
13639,74255,82921
13640,74203,82821
13641,74173,82752
13642,74175,82725
13643,74183,82712
13644,74211,82725
13645,74233,82758
13646,74263,82796
13647,74302,82835
13648,74328,82894
13649,74360,82932
13650,74379,82967
13651,74389,82989
13652,74388,82991
13653,74391,82991
13654,74398,82979
13655,74396,82982
13656,74402,82999
13657,74421,83013
13658,74430,83039
13659,74454,83054
13660,74474,83085
13661,74478,83099
13662,74482,83112
13663,74487,83113
13664,74481,83112
13665,74476,83112
13666,74468,83107
13667,74459,83103
13668,74456,83103
13669,74470,83112
13670,74475,83105
13671,74472,83114
13672,74479,83120
13673,74493,83146
13674,74502,83163
13675,74521,83185
13676,74531,83219
13677,74553,83237
13678,74568,83267
13679,74576,83292
13680,74598,83319
13681,74613,83353
13682,74624,83375
13683,74641,83388
13684,74647,83421
13685,74656,83430
13686,74665,83447
13687,74666,83462
13688,74684,83475
13689,74678,83481
13690,74687,83498
13691,74690,83502
13692,74697,83516
13693,74702,83530
13694,74706,83540
13695,74712,83546
13696,74716,83558
13697,74722,83572
13698,74726,83576
13699,74732,83585
13700,74729,83602
13701,74743,83607
13702,74736,83621
13703,74757,83629
13704,74753,83644
13705,74766,83660
13706,74778,83679
13707,74788,83692
13708,74803,83727
13709,74817,83736
13710,74822,83770
13711,74851,83786
13712,74869,83811
13713,74867,83820
13714,74892,83843
13715,74891,83858
13716,74891,83863
13717,74893,83873
13718,74860,83832
13719,74782,83749
13720,74663,83617
13721,74542,83432
13722,74416,83246
13723,74320,83073
13724,74259,82932
13725,74199,82812
13726,74158,82738
13727,74151,82692
13728,74165,82686
13729,74174,82696
13730,74200,82705
13731,74234,82749
13732,74262,82787
13733,74297,82831
13734,74325,82870
13735,74337,82900
13736,74361,82926
13737,74366,82920
13738,74357,82922
13739,74362,82925
13740,74359,82919
13741,74366,82924
13742,74377,82942
13743,74401,82969
13744,74420,82989
13745,74437,83010
13746,74450,83048
13747,74465,83064
13748,74469,83080
13749,74475,83083
13750,74477,83102
13751,74483,83090
13752,74474,83103
13753,74470,83094
13754,74471,83099
13755,74470,83091
13756,74478,83101
13757,74470,83105
13758,74490,83125
13759,74498,83137
13760,74506,83154
13761,74526,83186
13762,74549,83216
13763,74559,83240
13764,74578,83275
13765,74604,83309
13766,74616,83329
13767,74633,83365
13768,74645,83383
13769,74663,83393
13770,74672,83420
13771,74677,83445
13772,74685,83450
13773,74692,83462
13774,74696,83488
13775,74704,83495
13776,74702,83507
13777,74716,83518
13778,74714,83533
13779,74730,83548
13780,74735,83559
13781,74727,83575
13782,74751,83585
13783,74750,83599
13784,74754,83607
13785,74761,83622
13786,74771,83631
13787,74779,83658
13788,74783,83659
13789,74791,83678
13790,74797,83689
13791,74794,83692
13792,74808,83717
13793,74812,83722
13794,74816,83741
13795,74830,83758
13796,74841,83761
13797,74849,83785
13798,74863,83807
13799,74874,83821
13800,74890,83852
13801,74905,83867
13802,74918,83889
13803,74933,83904
13804,74936,83930
13805,74951,83961
13806,74964,83970
13807,74966,83979
13808,74956,83980
13809,74914,83940
13810,74826,83835
13811,74696,83685
13812,74556,83477
13813,74430,83273
13814,74330,83104
13815,74247,82940
13816,74190,82829
13817,74159,82748
13818,74163,82715
13819,74163,82694
13820,74177,82705
13821,74203,82732
13822,74237,82763
13823,74274,82800
13824,74300,82843
13825,74320,82879
13826,74337,82909
13827,74353,82926
13828,74349,82933
13829,74355,82925
13830,74344,82911
13831,74343,82911
13832,74345,82898
13833,74349,82908
13834,74370,82930
13835,74392,82954
13836,74411,82986
13837,74437,83019
13838,74444,83056
13839,74470,83072
13840,74483,83097
13841,74473,83107
13842,74483,83113
13843,74483,83116
13844,74482,83122
13845,74486,83113
13846,74490,83109
13847,74484,83105
13848,74484,83111
13849,74489,83117
13850,74495,83132
13851,74506,83148
13852,74514,83166
13853,74538,83198
13854,74550,83224
13855,74570,83253
13856,74584,83271
13857,74600,83317
13858,74615,83334
13859,74633,83352
13860,74642,83387
13861,74650,83413
13862,74675,83426
13863,74692,83447
13864,74688,83468
13865,74703,83475
13866,74710,83498
13867,74715,83516
13868,74722,83527
13869,74729,83542
13870,74737,83550
13871,74739,83565
13872,74741,83581
13873,74750,83595
13874,74757,83606
13875,74758,83611
13876,74768,83636
13877,74783,83648
13878,74796,83655
13879,74786,83667
13880,74808,83687
13881,74810,83700
13882,74814,83713
13883,74829,83733
13884,74834,83743
13885,74846,83748
13886,74849,83768
13887,74862,83783
13888,74873,83797
13889,74873,83815
13890,74887,83831
13891,74894,83850
13892,74911,83871
13893,74921,83886
13894,74933,83905
13895,74950,83927
13896,74966,83954
13897,74984,83974
13898,74994,83999
13899,75006,84011
13900,75020,84032
13901,75019,84046
13902,75029,84063
13903,75010,84049
13904,74971,84003
13905,74887,83901
13906,74750,83741
13907,74601,83545
13908,74471,83352
13909,74371,83165
13910,74286,83015
13911,74233,82899
13912,74205,82830
13913,74199,82783
13914,74212,82777
13915,74226,82784
13916,74253,82810
13917,74291,82852
13918,74317,82891
13919,74343,82938
13920,74369,82972
13921,74395,83014
13922,74401,83040
13923,74417,83052
13924,74413,83053
13925,74409,83055
13926,74407,83045
13927,74398,83056
13928,74410,83045
13929,74425,83065
13930,74443,83084
13931,74459,83122
13932,74470,83147
13933,74489,83164
13934,74498,83169
13935,74498,83185
13936,74502,83194
13937,74505,83200
13938,74504,83199
13939,74500,83206
13940,74503,83191
13941,74494,83202
13942,74503,83202
13943,74500,83212
13944,74509,83217
13945,74521,83232
13946,74537,83251
13947,74549,83281
13948,74573,83308
13949,74591,83331
13950,74603,83364
13951,74623,83390
13952,74645,83426
13953,74653,83448
13954,74677,83476
13955,74689,83500
13956,74696,83526
13957,74717,83544
13958,74709,83558
13959,74727,83570
13960,74736,83590
13961,74746,83613
13962,74752,83626
13963,74756,83632
13964,74755,83642
13965,74767,83651
13966,74770,83666
13967,74777,83676
13968,74785,83688
13969,74788,83695
13970,74800,83707
13971,74794,83710
13972,74795,83717
13973,74797,83728
13974,74812,83745
13975,74813,83758
13976,74821,83759
13977,74828,83779
13978,74835,83787
13979,74837,83797
13980,74851,83816
13981,74860,83821
13982,74875,83858
13983,74882,83866
13984,74893,83880
13985,74909,83908
13986,74931,83936
13987,74945,83965
13988,74964,83978
13989,74976,84000
13990,74983,84022
13991,74998,84043
13992,75001,84049
13993,74990,84054
13994,74959,84009
13995,74862,83932
13996,74745,83777
13997,74603,83585
13998,74480,83386
13999,74382,83227
14000,74300,83091
14001,74248,82969
14002,74222,82901
14003,74213,82852
14004,74221,82847
14005,74242,82870
14006,74280,82906
14007,74307,82940
14008,74352,82981
14009,74386,83037
14010,74416,83100
14011,74447,83141
14012,74467,83169
14013,74486,83187
14014,74491,83212
14015,74487,83207
14016,74492,83217
14017,74503,83232
14018,74508,83255
14019,74530,83271
14020,74544,83290
14021,74548,83307
14022,74555,83311
14023,74553,83315
14024,74550,83318
14025,74543,83313
14026,74533,83310
14027,74531,83309
14028,74535,83301
14029,74527,83298
14030,74527,83286
14031,74523,83300
14032,74534,83312
14033,74534,83320
14034,74549,83333
14035,74565,83361
14036,74584,83384
14037,74592,83415
14038,74613,83440
14039,74634,83475
14040,74648,83510
14041,74670,83531
14042,74690,83565
14043,74705,83593
14044,74714,83607
14045,74733,83633
14046,74747,83666
14047,74750,83675
14048,74749,83685
14049,74761,83694
14050,74766,83708
14051,74774,83729
14052,74762,83736
14053,74771,83751
14054,74777,83762
14055,74786,83763
14056,74793,83790
14057,74809,83797
14058,74801,83799
14059,74812,83819
14060,74821,83835
14061,74829,83846
14062,74831,83851
14063,74835,83854
14064,74843,83876
14065,74848,83892
14066,74852,83901
14067,74861,83916
14068,74874,83931
14069,74874,83945
14070,74890,83967
14071,74905,83983
14072,74913,83997
14073,74929,84025
14074,74942,84041
14075,74959,84067
14076,74974,84089
14077,74984,84111
14078,74994,84130
14079,75012,84140
14080,75008,84156
14081,75007,84156
14082,74961,84123
14083,74886,84026
14084,74757,83880
14085,74602,83680
14086,74477,83472
14087,74351,83272
14088,74267,83115
14089,74200,82991
14090,74168,82896
14091,74158,82850
14092,74156,82835
14093,74176,82843
14094,74211,82865
14095,74231,82896
14096,74264,82940
14097,74302,82987
14098,74330,83021
14099,74361,83056
14100,74363,83081
14101,74381,83093
14102,74364,83093
14103,74361,83079
14104,74361,83087
14105,74355,83069
14106,74371,83088
14107,74385,83098
14108,74398,83121
14109,74419,83144
14110,74439,83161
14111,74445,83190
14112,74456,83202
14113,74467,83218
14114,74475,83233
14115,74470,83235
14116,74482,83239
14117,74474,83245
14118,74465,83242
14119,74467,83243
14120,74468,83239
14121,74470,83241
14122,74474,83251
14123,74496,83271
14124,74496,83281
14125,74517,83298
14126,74532,83319
14127,74545,83348
14128,74564,83376
14129,74588,83413
14130,74602,83435
14131,74616,83467
14132,74630,83496
14133,74651,83511
14134,74665,83548
14135,74681,83556
14136,74681,83583
14137,74691,83592
14138,74692,83599
14139,74702,83621
14140,74704,83636
14141,74719,83644
14142,74711,83648
14143,74711,83672
14144,74731,83682
14145,74734,83691
14146,74747,83705
14147,74743,83716
14148,74749,83718
14149,74756,83729
14150,74743,83747
14151,74756,83746
14152,74764,83757
14153,74770,83763
14154,74780,83779
14155,74779,83795
14156,74791,83814
14157,74801,83825
14158,74816,83847
14159,74827,83867
14160,74836,83889
14161,74857,83910
14162,74869,83936
14163,74883,83949
14164,74883,83971
14165,74904,83991
14166,74912,84010
14167,74924,84016
14168,74913,84017
14169,74883,83994
14170,74812,83906
14171,74698,83768
14172,74540,83571
14173,74415,83372
14174,74297,83189
14175,74228,83029
14176,74154,82908
14177,74128,82821
14178,74117,82771
14179,74121,82760
14180,74140,82758
14181,74159,82780
14182,74190,82811
14183,74228,82842
14184,74245,82890
14185,74278,82923
14186,74298,82967
14187,74321,82985
14188,74321,82994
14189,74319,82994
14190,74315,82990
14191,74310,82978
14192,74303,82981
14193,74319,82986
14194,74331,83001
14195,74349,83033
14196,74375,83056
14197,74397,83090
14198,74405,83109
14199,74412,83132
14200,74418,83140
14201,74427,83152
14202,74435,83163
14203,74441,83163
14204,74426,83172
14205,74431,83160
14206,74430,83162
14207,74431,83165
14208,74433,83165
14209,74431,83176
14210,74451,83181
14211,74462,83199
14212,74480,83213
14213,74490,83240
14214,74503,83269
14215,74519,83285
14216,74531,83319
14217,74561,83357
14218,74570,83379
14219,74584,83398
14220,74596,83420
14221,74617,83444
14222,74625,83460
14223,74631,83480
14224,74635,83499
14225,74646,83513
14226,74644,83529
14227,74653,83541
14228,74660,83551
14229,74669,83568
14230,74668,83577
14231,74682,83589
14232,74685,83604
14233,74682,83602
14234,74688,83616
14235,74696,83623
14236,74695,83625
14237,74696,83645
14238,74701,83655
14239,74719,83665
14240,74726,83674
14241,74733,83689
14242,74748,83719
14243,74758,83736
14244,74767,83749
14245,74778,83768
14246,74796,83792
14247,74810,83809
14248,74817,83836
14249,74831,83850
14250,74838,83866
14251,74853,83870
14252,74853,83890
14253,74846,83878
14254,74796,83833
14255,74709,83724
14256,74585,83572
14257,74464,83386
14258,74345,83206
14259,74258,83051
14260,74197,82926
14261,74139,82819
14262,74114,82746
14263,74115,82725
14264,74132,82717
14265,74151,82742
14266,74187,82762
14267,74204,82798
14268,74236,82849
14269,74274,82897
14270,74295,82926
14271,74314,82960
14272,74316,82979
14273,74322,82989
14274,74320,82987
14275,74311,82982
14276,74320,82983
14277,74328,82989
14278,74339,83012
14279,74360,83038
14280,74383,83059
14281,74391,83076
14282,74406,83101
14283,74401,83112
14284,74404,83111
14285,74413,83110
14286,74406,83115
14287,74398,83104
14288,74389,83102
14289,74387,83097
14290,74397,83095
14291,74399,83105
14292,74402,83112
14293,74404,83124
14294,74417,83133
14295,74427,83151
14296,74450,83170
14297,74460,83199
14298,74476,83219
14299,74492,83250
14300,74522,83281
14301,74528,83297
14302,74543,83317
14303,74552,83348
14304,74559,83355
14305,74571,83380
14306,74587,83394
14307,74592,83411
14308,74596,83424
14309,74600,83431
14310,74598,83450
14311,74608,83458
14312,74611,83472
14313,74604,83472
14314,74611,83485
14315,74618,83489
14316,74616,83496
14317,74621,83506
14318,74632,83512
14319,74637,83530
14320,74638,83541
14321,74651,83556
14322,74657,83563
14323,74665,83579
14324,74673,83598
14325,74683,83618
14326,74696,83637
14327,74717,83657
14328,74737,83677
14329,74739,83695
14330,74756,83705
14331,74749,83707
14332,74765,83731
14333,74752,83715
14334,74713,83676
14335,74620,83579
14336,74517,83432
14337,74400,83257
14338,74291,83101
14339,74207,82941
14340,74146,82818
14341,74102,82729
14342,74076,82665
14343,74074,82632
14344,74072,82613
14345,74095,82641
14346,74126,82673
14347,74162,82707
14348,74192,82746
14349,74232,82790
14350,74235,82823
14351,74263,82862
14352,74273,82874
14353,74272,82880
14354,74281,82889
14355,74276,82889
14356,74285,82900
14357,74299,82904
14358,74312,82933
14359,74329,82960
14360,74350,82975
14361,74352,83012
14362,74374,83020
14363,74366,83035
14364,74371,83037
14365,74365,83031
14366,74371,83030
14367,74363,83040
14368,74362,83033
14369,74360,83035
14370,74357,83030
14371,74363,83034
14372,74368,83038
14373,74382,83055
14374,74398,83067
14375,74401,83088
14376,74422,83123
14377,74447,83146
14378,74464,83171
14379,74476,83203
14380,74493,83236
14381,74516,83257
14382,74529,83283
14383,74543,83298
14384,74549,83323
14385,74546,83340
14386,74560,83363
14387,74577,83369
14388,74578,83379
14389,74576,83390
14390,74586,83403
14391,74589,83422
14392,74584,83421
14393,74598,83450
14394,74600,83452
14395,74600,83460
14396,74596,83465
14397,74616,83492
14398,74620,83498
14399,74613,83507
14400,74619,83506
14401,74631,83516
14402,74631,83534
14403,74645,83548
14404,74650,83562
14405,74667,83588
14406,74674,83616
14407,74696,83630
14408,74709,83643
14409,74720,83674
14410,74736,83696
14411,74749,83703
14412,74754,83725
14413,74750,83735
14414,74746,83724
14415,74720,83694
14416,74639,83610
14417,74536,83460
14418,74393,83271
14419,74269,83079
14420,74177,82912
14421,74094,82769
14422,74052,82654
14423,74020,82590
14424,74014,82542
14425,74007,82525
14426,74031,82532
14427,74056,82560
14428,74087,82595
14429,74108,82624
14430,74138,82666
14431,74149,82695
14432,74165,82714
14433,74175,82727
14434,74184,82726
14435,74168,82720
14436,74170,82711
14437,74162,82694
14438,74173,82702
14439,74185,82715
14440,74209,82745
14441,74229,82774
14442,74254,82816
14443,74277,82837
14444,74292,82875
14445,74312,82887
14446,74314,82916
14447,74323,82922
14448,74326,82930
14449,74318,82925
14450,74327,82933
14451,74319,82930
14452,74313,82925
14453,74318,82936
14454,74319,82934
14455,74330,82944
14456,74341,82962
14457,74352,82980
14458,74362,83005
14459,74383,83019
14460,74405,83048
14461,74418,83077
14462,74435,83107
14463,74452,83135
14464,74459,83163
14465,74483,83177
14466,74487,83202
14467,74499,83218
14468,74511,83244
14469,74518,83254
14470,74518,83275
14471,74523,83291
14472,74542,83297
14473,74540,83317
14474,74545,83344
14475,74552,83346
14476,74556,83363
14477,74566,83376
14478,74576,83394
14479,74576,83399
14480,74591,83401
14481,74583,83422
14482,74587,83434
14483,74598,83435
14484,74612,83464
14485,74612,83480
14486,74633,83499
14487,74640,83509
14488,74656,83522
14489,74670,83551
14490,74683,83573
14491,74698,83595
14492,74709,83623
14493,74728,83642
14494,74735,83658
14495,74746,83680
14496,74746,83691
14497,74756,83708
14498,74770,83711
14499,74732,83673
14500,74656,83594
14501,74542,83449
14502,74401,83270
14503,74287,83075
14504,74186,82901
14505,74101,82753
14506,74056,82634
14507,74023,82562
14508,74016,82514
14509,74022,82493
14510,74036,82496
14511,74058,82532
14512,74082,82557
14513,74109,82593
14514,74128,82629
14515,74144,82651
14516,74147,82676
14517,74157,82683
14518,74162,82686
14519,74160,82682
14520,74147,82665
14521,74146,82669
14522,74158,82677
14523,74171,82684
14524,74187,82714
14525,74220,82743
14526,74236,82775
14527,74268,82821
14528,74269,82850
14529,74279,82877
14530,74306,82894
14531,74310,82908
14532,74314,82904
14533,74311,82911
14534,74308,82909
14535,74303,82908
14536,74301,82901
14537,74305,82908
14538,74313,82917
14539,74317,82934
14540,74324,82942
14541,74345,82964
14542,74352,82983
14543,74373,83005
14544,74394,83040
14545,74411,83064
14546,74420,83099
14547,74437,83124
14548,74458,83151
14549,74470,83167
14550,74467,83189
14551,74490,83219
14552,74495,83221
14553,74510,83247
14554,74520,83263
14555,74527,83284
14556,74533,83291
14557,74536,83306
14558,74546,83325
14559,74545,83324
14560,74549,83352
14561,74559,83362
14562,74558,83370
14563,74571,83376
14564,74579,83379
14565,74582,83402
14566,74584,83413
14567,74592,83424
14568,74594,83437
14569,74617,83461
14570,74620,83468
14571,74629,83493
14572,74645,83497
14573,74663,83536
14574,74679,83555
14575,74691,83571
14576,74715,83602
14577,74714,83621
14578,74729,83640
14579,74742,83650
14580,74747,83668
14581,74470,83167
14582,74467,83189
14583,74733,83663
14584,74657,83593
14585,74551,83453
14586,74431,83286
14587,74311,83112
14588,74229,82938
14589,74142,82798
14590,74090,82699
14591,74058,82617
14592,74055,82581
14593,74056,82561
14594,74070,82577
14595,74096,82601
14596,74134,82639
14597,74157,82684
14598,74198,82729
14599,74222,82770
14600,74235,82797
14601,74253,82827
14602,74265,82823
14603,74265,82829
14604,74254,82832
14605,74248,82824
14606,74264,82840
14607,74293,82862
14608,74312,82889
14609,74326,82933
14610,74350,82954
14611,74369,82969
14612,74365,82998
14613,74379,83001
14614,74373,82996
14615,74371,83002
14616,74370,82998
14617,74367,82996
14618,74363,82990
14619,74359,82981
14620,74359,82991
14621,74360,82987
14622,74367,82997
14623,74377,83014
14624,74390,83037
14625,74406,83057
14626,74421,83086
14627,74437,83110
14628,74441,83131
14629,74464,83157
14630,74482,83174
14631,74483,83212
14632,74503,83242
14633,74500,83262
14634,74515,83279
14635,74523,83297
14636,74533,83308
14637,74534,83313
14638,74539,83332
14639,74547,83337
14640,74539,83352
14641,74548,83359
14642,74547,83368
14643,74546,83387
14644,74561,83389
14645,74563,83404
14646,74571,83416
14647,74576,83427
14648,74597,83451
14649,74594,83472
14650,74619,83483
14651,74626,83509
14652,74638,83534
14653,74659,83557
14654,74676,83574
14655,74688,83589
14656,74695,83614
14657,74700,83624
14658,74716,83635
14659,74709,83647
14660,74709,83650
14661,74692,83622
14662,74618,83547
14663,74521,83423
14664,74410,83257
14665,74304,83104
14666,74210,82958
14667,74153,82822
14668,74107,82730
14669,74086,82661
14670,74080,82620
14671,74095,82621
14672,74112,82634
14673,74143,82668
14674,74171,82708
14675,74209,82747
14676,74238,82787
14677,74263,82824
14678,74294,82854
14679,74299,82880
14680,74302,82892
14681,74305,82892
14682,74309,82894
14683,74320,82903
14684,74338,82932
14685,74351,82943
14686,74366,82975
14687,74382,82985
14688,74387,83014
14689,74388,83018
14690,74391,83021
14691,74382,83020
14692,74372,83017
14693,74372,83008
14694,74356,82999
14695,74354,82986
14696,74354,82996
14697,74350,82992
14698,74353,82994
14699,74352,83006
14700,74374,83014
14701,74384,83041
14702,74399,83060
14703,74423,83082
14704,74439,83109
14705,74456,83128
14706,74464,83156
14707,74482,83181
14708,74492,83204
14709,74506,83227
14710,74520,83245
14711,74532,83256
14712,74550,83277
14713,74547,83291
14714,74551,83299
14715,74562,83304
14716,74551,83314
14717,74572,83336
14718,74566,83343
14719,74575,83345
14720,74577,83346
14721,74584,83371
14722,74587,83379
14723,74591,83390
14724,74602,83392
14725,74620,83422
14726,74617,83436
14727,74624,83459
14728,74647,83472
14729,74665,83494
14730,74668,83518
14731,74682,83531
14732,74684,83545
14733,74698,83555
14734,74700,83567
14735,74669,83521
14736,74606,83461
14737,74516,83334
14738,74399,83171
14739,74287,83007
14740,74205,82857
14741,74138,82737
14742,74082,82645
14743,74063,82582
14744,74054,82543
14745,74057,82534
14746,74079,82548
14747,74107,82569
14748,74130,82609
14749,74152,82639
14750,74184,82676
14751,74200,82709
14752,74217,82736
14753,74215,82742
14754,74211,82752
14755,74207,82743
14756,74199,82744
14757,74182,82741
14758,74200,82753
14759,74222,82763
14760,74233,82796
14761,74261,82828
14762,74285,82869
14763,74311,82897
14764,74325,82928
14765,74325,82940
14766,74321,82951
14767,74324,82950
14768,74321,82962
14769,74318,82963
14770,74309,82949
14771,74310,82951
14772,74304,82954
14773,74304,82960
14774,74314,82967
14775,74323,82979
14776,74343,83008
14777,74350,83030
14778,74367,83049
14779,74388,83081
14780,74411,83106
14781,74432,83139
14782,74454,83181
14783,74469,83210
14784,74497,83244
14785,74511,83268
14786,74517,83297
14787,74534,83313
14788,74549,83331
14789,74554,83345
14790,74564,83369
14791,74573,83376
14792,74571,83393
14793,74584,83403
14794,74583,83408
14795,74591,83431
14796,74601,83439
14797,74610,83451
14798,74622,83470
14799,74623,83484
14800,74644,83504
14801,74645,83522
14802,74653,83544
14803,74672,83561
14804,74681,83589
14805,74695,83609
14806,74704,83627
14807,74713,83645
14808,74715,83662
14809,74707,83663
14810,74717,83671
14811,74673,83629
14812,74592,83536
14813,74487,83400
14814,74362,83218
14815,74252,83054
14816,74161,82889
14817,74099,82771
14818,74050,82688
14819,74534,83313
14820,74018,82589
14821,74021,82576
14822,74038,82600
14823,74053,82619
14824,74075,82646
14825,74102,82678
14826,74103,82699
14827,74114,82721
14828,74121,82726
14829,74116,82724
14830,74116,82731
14831,74109,82718
14832,74116,82722
14833,74102,82714
14834,74110,82724
14835,74120,82742
14836,74150,82773
14837,74178,82804
14838,74196,82846
14839,74223,82891
14840,74251,82922
14841,74275,82961
14842,74280,82982
14843,74292,82986
14844,74298,83002
14845,74290,83003
14846,74289,83017
14847,74290,83005
14848,74293,83009
14849,74295,83021
14850,74306,83024
14851,74319,83042
14852,74336,83059
14853,74342,83075
14854,74359,83107
14855,74385,83134
14856,74400,83165
14857,74420,83190
14858,74442,83234
14859,74452,83251
14860,74473,83285
14861,74487,83309
14862,74496,83338
14863,74507,83348
14864,74517,83376
14865,74532,83396
14866,74536,83414
14867,74542,83431
14868,74542,83446
14869,74557,83467
14870,74555,83483
14871,74560,83487
14872,74554,83505
14873,74558,83521
14874,74552,83522
14875,74564,83539
14876,74563,83554
14877,74576,83559
14878,74585,83575
14879,74595,83585
14880,74597,83612
14881,74606,83631
14882,74628,83654
14883,74630,83672
14884,74649,83697
14885,74666,83729
14886,74683,83738
14887,74695,83766
14888,74698,83792
14889,74710,83798
14890,74709,83816
14891,74707,83810
14892,74679,83780
14893,74584,83686
14894,74461,83536
14895,74336,83374
14896,74238,83211
14897,74160,83078
14898,74097,82961
14899,74051,82860
14900,74031,82797
14901,74023,82759
14902,74029,82753
14903,74040,82777
14904,74073,82797
14905,74099,82836
14906,74121,82868
14907,74147,82900
14908,74169,82936
14909,74174,82949
14910,74180,82954
14911,74175,82967
14912,74172,82954
14913,74159,82951
14914,74168,82945
14915,74178,82963
14916,74199,82984
14917,74210,83010
14918,74238,83051
14919,74257,83081
14920,74274,83109
14921,74292,83143
14922,74308,83163
14923,74317,83184
14924,74328,83194
14925,74325,83197
14926,74322,83211
14927,74316,83213
14928,74320,83209
14929,74307,83216
14930,74319,83216
14931,74321,83223
14932,74325,83238
14933,74337,83243
14934,74352,83266
14935,74359,83288
14936,74380,83304
14937,74396,83327
14938,74405,83367
14939,74429,83395
14940,74452,83423
14941,74465,83456
14942,74473,83474
14943,74493,83496
14944,74503,83526
14945,74516,83551
14946,74529,83572
14947,74527,83588
14948,74545,83601
14949,74552,83622
14950,74559,83644
14951,74565,83658
14952,74573,83677
14953,74579,83684
14954,74585,83706
14955,74594,83715
14956,74605,83729
14957,74604,83741
14958,74600,83757
14959,74618,83750
14960,74621,83780
14961,74626,83793
14962,74641,83812
14963,74650,83822
14964,74672,83843
14965,74674,83868
14966,74682,83891
14967,74697,83904
14968,74712,83931
14969,74732,83944
14970,74739,83978
14971,74749,83991
14972,74760,84012
14973,74774,84023
14974,74762,84024
14975,74726,83998
14976,74644,83909
14977,74523,83767
14978,74401,83614
14979,74305,83468
14980,74225,83352
14981,74178,83240
14982,74141,83152
14983,74114,83086
14984,74107,83058
14985,74120,83049
14986,74135,83053
14987,74155,83086
14988,74181,83118
14989,74217,83159
14990,74225,83200
14991,74253,83231
14992,74267,83267
14993,74287,83279
14994,74290,83294
14995,74291,83298
14996,74287,83291
14997,74293,83308
14998,74294,83314
14999,74310,83335
15000,74325,83363
15001,74341,83386
15002,74355,83410
15003,74370,83434
15004,74370,83442
15005,74375,83442
15006,74364,83458
15007,74366,83457
15008,74362,83459
15009,74355,83462
15010,74344,83443
15011,74344,83454
15012,74350,83458
15013,74349,83471
15014,74357,83476
15015,74370,83493
15016,74381,83503
15017,74398,83528
15018,74412,83545
15019,74429,83572
15020,74454,83601
15021,74473,83633
15022,74496,83653
15023,74503,83687
15024,74531,83707
15025,74537,83736
15026,74551,83758
15027,74560,83779
15028,74566,83801
15029,74589,83810
15030,74594,83824
15031,74593,83840
15032,74604,83853
15033,74615,83875
15034,74609,83881
15035,74617,83888
15036,74619,83912
15037,74620,83908
15038,74626,83929
15039,74626,83936
15040,74641,83940
15041,74649,83957
15042,74654,83966
15043,74665,83975
15044,74673,83997
15045,74691,84023
15046,74699,84041
15047,74711,84057
15048,74717,84074
15049,74738,84098
15050,74748,84098
15051,74750,84123
15052,74746,84127
15053,74729,84108
15054,74666,84052
15055,74576,83948
15056,74531,83707
15057,74354,83672
15058,74268,83541
15059,74210,83436
15060,74161,83343
15061,74132,83272
15062,74122,83229
15063,74124,83207
15064,74131,83204
15065,74161,83218
15066,74194,83255
15067,74224,83299
15068,74249,83344
15069,74286,83383
15070,74307,83420
15071,74322,83462
15072,74334,83476
15073,74351,83496
15074,74351,83512
15075,74358,83523
15076,74371,83532
15077,74388,83565
15078,74395,83589
15079,74415,83608
15080,74421,83607
15081,74413,83625
15082,74411,83624
15083,74398,83625
15084,74397,83620
15085,74386,83617
15086,74378,83601
15087,74375,83607
15088,74376,83606
15089,74379,83601
15090,74375,83606
15091,74385,83611
15092,74387,83630
15093,74408,83641
15094,74412,83659
15095,74437,83680
15096,74444,83709
15097,74468,83729
15098,74488,83759
15099,74509,83789
15100,74528,83817
15101,74540,83846
15102,74556,83865
15103,74569,83893
15104,74587,83919
15105,74599,83936
15106,74603,83949
15107,74610,83960
15108,74622,83982
15109,74615,84000
15110,74628,84009
15111,74638,84022
15112,74643,84044
15113,74644,84049
15114,74649,84065
15115,74650,84070
15116,74661,84081
15117,74656,84095
15118,74666,84119
15119,74677,84121
15120,74681,84143
15121,74693,84151
15122,74714,84177
15123,74718,84194
15124,74736,84218
15125,74748,84224
15126,74749,84248
15127,74763,84252
15128,74751,84242
15129,74685,84198
15130,74597,84110
15131,74488,83979
15132,74373,83832
15133,74275,83685
15134,74195,83552
15135,74139,83438
15136,74098,83345
15137,74077,83290
15138,74061,83233
15139,74063,83217
15140,74080,83226
15141,74098,83235
15142,74133,83271
15143,74167,83310
15144,74184,83337
15145,74208,83373
15146,74230,83409
15147,74245,83432
15148,74247,83440
15149,74256,83443
15150,74254,83457
15151,74255,83455
15152,74268,83466
15153,74267,83482
15154,74290,83507
15155,74299,83530
15156,74307,83547
15157,74315,83563
15158,74321,83574
15159,74322,83586
15160,74333,83583
15161,74313,83588
15162,74304,83585
15163,74302,83580
15164,74298,83585
15165,74301,83572
15166,74292,83574
15167,74305,83581
15168,74299,83593
15169,74313,83604
15170,74322,83611
15171,74335,83632
15172,74360,83656
15173,74374,83667
15174,74387,83696
15175,74404,83734
15176,74433,83756
15177,74443,83789
15178,74471,83820
15179,74479,83837
15180,74491,83866
15181,74509,83871
15182,74534,83910
15183,74538,83923
15184,74548,83945
15185,74554,83961
15186,74559,83977
15187,74562,83992
15188,74569,83998
15189,74575,84013
15190,74579,84025
15191,74583,84037
15192,74596,84045
15193,74598,84065
15194,74608,84085
15195,74610,84090
15196,74627,84110
15197,74633,84126
15198,74642,84143
15199,74658,84168
15200,74666,84183
15201,74676,84195
15202,74688,84213
15203,74691,84227
15204,74688,84216
15205,74656,84197
15206,74579,84121
15207,74471,84001
15208,74342,83848
15209,74228,83690
15210,74142,83536
15211,74073,83411
15212,74028,83308
15213,73987,83218
15214,73974,83166
15215,73970,83136
15216,73973,83141
15217,74009,83140
15218,74026,83178
15219,74057,83200
15220,74083,83233
15221,74108,83269
15222,74132,83301
15223,74148,83325
15224,74158,83343
15225,74157,83353
15226,74158,83352
15227,74161,83360
15228,74158,83362
15229,74166,83377
15230,74176,83394
15231,74193,83418
15232,74193,83441
15233,74219,83467
15234,74225,83486
15235,74232,83490
15236,74231,83507
15237,74224,83508
15238,74224,83507
15239,74218,83503
15240,74225,83503
15241,74212,83495
15242,74215,83504
15243,74224,83508
15244,74216,83508
15245,74232,83526
15246,74242,83533
15247,74254,83553
15248,74272,83571
15249,74285,83594
15250,74304,83621
15251,74326,83644
15252,74346,83666
15253,74366,83701
15254,74390,83721
15255,74409,83752
15256,74422,83767
15257,74445,83796
15258,74458,83819
15259,74467,83851
15260,74478,83857
15261,74480,83871
15262,74491,83883
15263,74496,83904
15264,74504,83921
15265,74508,83933
15266,74515,83944
15267,74525,83954
15268,74531,83975
15269,74544,83984
15270,74549,83995
15271,74554,84009
15272,74567,84024
15273,74571,84051
15274,74581,84059
15275,74588,84069
15276,74605,84091
15277,74617,84104
15278,74627,84116
15279,74635,84132
15280,74635,84141
15281,74624,84132
15282,74584,84089
15283,74496,83995
15284,74369,83869
15285,74235,83701
15286,74130,83540
15287,74042,83388
15288,73987,83268
15289,73945,83160
15290,73907,83096
15291,73905,83057
15292,73903,83034
15293,74480,83871
15294,73939,83057
15295,73977,83082
15296,73998,83125
15297,74036,83164
15298,74061,83215
15299,74083,83247
15300,74101,83267
15301,74112,83290
15302,74126,83304
15303,74125,83303
15304,74123,83308
15305,74137,83326
15306,74144,83353
15307,74160,83370
15308,74170,83385
15309,74187,83406
15310,74188,83419
15311,74193,83425
15312,74185,83430
15313,74177,83431
15314,74177,83427
15315,74170,83426
15316,74167,83422
15317,74163,83405
15318,74159,83407
15319,74160,83398
15320,74168,83407
15321,74169,83419
15322,74180,83433
15323,74199,83452
15324,74213,83459
15325,74235,83487
15326,74255,83510
15327,74273,83544
15328,74290,83558
15329,74312,83589
15330,74334,83620
15331,74349,83646
15332,74347,83662
15333,74382,83689
15334,74383,83698
15335,74393,83719
15336,74404,83737
15337,74410,83758
15338,74424,83761
15339,74423,83783
15340,74438,83787
15341,74443,83807
15342,74444,83821
15343,74454,83830
15344,74460,83844
15345,74464,83855
15346,74475,83867
15347,74485,83891
15348,74497,83899
15349,74502,83909
15350,74516,83932
15351,74519,83931
15352,74521,83941
15353,74531,83958
15354,74527,83966
15355,74499,83941
15356,74424,83867
15357,74319,83746
15358,74201,83595
15359,74100,83443
15360,74018,83302
15361,73954,83173
15362,73907,83080
15363,73875,82989
15364,73860,82945
15365,73862,82926
15366,73873,82939
15367,73900,82946
15368,73930,82985
15369,73965,83027
15370,74005,83075
15371,74033,83124
15372,74060,83178
15373,74083,83212
15374,74101,83229
15375,74113,83260
15376,74140,83274
15377,74150,83296
15378,74156,83329
15379,74169,83349
15380,74180,83370
15381,74192,83379
15382,74200,83378
15383,74189,83378
15384,74173,83373
15385,74167,83365
15386,74150,83345
15387,74144,83340
15388,74130,83332
15389,74125,83319
15390,74118,83303
15391,74117,83302
15392,74118,83310
15393,74130,83320
15394,74142,83329
15395,74161,83348
15396,74186,83365
15397,74213,83394
15398,74227,83424
15399,74249,83449
15400,74270,83478
15401,74289,83505
15402,74309,83523
15403,74322,83548
15404,74335,83568
15405,74353,83595
15406,74365,83615
15407,74371,83629
15408,74386,83643
15409,74383,83650
15410,74398,83663
15411,74393,83671
15412,74402,83686
15413,74408,83699
15414,74421,83705
15415,74418,83719
15416,74426,83749
15417,74439,83759
15418,74443,83777
15419,74458,83797
15420,74475,83799
15421,74479,83820
15422,74488,83832
15423,74492,83851
15424,74492,83851
15425,74478,83838
15426,74439,83800
15427,74344,83701
15428,74224,83550
15429,74111,83383
15430,73993,83210
15431,73927,83071
15432,73859,82934
15433,73818,82846
15434,73772,82767
15435,73785,82739
15436,73778,82721
15437,73801,82740
15438,73837,82773
15439,73855,82813
15440,73890,82851
15441,73915,82886
15442,73950,82932
15443,73976,82977
15444,73996,82984
15445,74005,83005
15446,74004,83000
15447,74015,83026
15448,74028,83034
15449,74030,83044
15450,74045,83067
15451,74063,83094
15452,74079,83117
15453,74083,83129
15454,74096,83151
15455,74091,83148
15456,74090,83156
15457,74101,83157
15458,74084,83154
15459,74083,83151
15460,74081,83148
15461,74075,83145
15462,74072,83133
15463,74087,83147
15464,74086,83152
15465,74102,83169
15466,74111,83189
15467,74127,83203
15468,74145,83233
15469,74163,83259
15470,74189,83279
15471,74208,83320
15472,74223,83329
15473,74247,83364
15474,74256,83389
15475,74275,83417
15476,74289,83427
15477,74306,83465
15478,74317,83481
15479,74320,83495
15480,74328,83512
15481,74332,83511
15482,74341,83513
15483,74343,83533
15484,74350,83543
15485,74356,83553
15486,74360,83563
15487,74368,83579
15488,74382,83594
15489,74384,83613
15490,74395,83622
15491,74407,83637
15492,74423,83663
15493,74433,83678
15494,74437,83687
15495,74445,83708
15496,74448,83712
15497,74438,83713
15498,74410,83678
15499,74326,83590
15500,74218,83455
15501,74090,83276
15502,73971,83098
15503,73885,82935
15504,73803,82788
15505,73759,82683
15506,73735,82609
15507,73721,82580
15508,73724,82567
15509,73745,82575
15510,73768,82604
15511,73806,82642
15512,73838,82678
15513,73870,82722
15514,73897,82756
15515,73913,82790
15516,73919,82810
15517,73925,82811
15518,73932,82821
15519,73927,82815
15520,73934,82814
15521,73934,82832
15522,73962,82847
15523,73971,82879
15524,73997,82903
15525,74014,82932
15526,74029,82950
15527,74039,82972
15528,74448,83712
15529,74048,83007
15530,74052,83004
15531,74062,83005
15532,74053,83005
15533,74053,83013
15534,74051,83004
15535,74050,83010
15536,74052,83000
15537,74065,83019
15538,74071,83039
15539,74091,83046
15540,74101,83075
15541,74119,83087
15542,74139,83124
15543,74159,83150
15544,74188,83176
15545,74201,83211
15546,74223,83240
15547,74243,83269
15548,74250,83296
15549,74272,83313
15550,74274,83328
15551,74295,83355
15552,74302,83368
15553,74309,83392
15554,74323,83394
15555,74316,83405
15556,74323,83419
15557,74330,83427
15558,74338,83442
15559,74339,83443
15560,74338,83463
15561,74352,83473
15562,74363,83488
15563,74367,83511
15564,74385,83519
15565,74396,83542
15566,74403,83551
15567,74424,83583
15568,74425,83588
15569,74439,83612
15570,74448,83623
15571,74463,83653
15572,74465,83653
15573,74451,83651
15574,74429,83635
15575,74367,83558
15576,74258,83419
15577,74110,83240
15578,73986,83058
15579,73883,82871
15580,73814,82736
15581,73757,82621
15582,73729,82553
15583,73714,82498
15584,73723,82492
15585,73749,82505
15586,73760,82525
15587,73793,82565
15588,73826,82599
15589,73861,82643
15590,73887,82679
15591,73903,82703
15592,73918,82731
15593,73933,82745
15594,73930,82746
15595,73940,82735
15596,73934,82751
15597,73942,82763
15598,73964,82781
15599,73980,82811
15600,74000,82836
15601,74030,82871
15602,74048,82901
15603,74061,82921
15604,74072,82933
15605,74067,82943
15606,74074,82957
15607,74079,82958
15608,74075,82966
15609,74077,82946
15610,74064,82952
15611,74070,82962
15612,74074,82959
15613,74087,82966
15614,74093,82977
15615,74102,82995
15616,74113,83018
15617,74144,83050
15618,74161,83069
15619,74187,83089
15620,74196,83126
15621,74220,83153
15622,74236,83187
15623,74259,83209
15624,74275,83248
15625,74281,83267
15626,74293,83285
15627,74314,83299
15628,74317,83318
15629,74325,83324
15630,74331,83347
15631,74340,83365
15632,74332,83382
15633,74345,83385
15634,74348,83387
15635,74358,83400
15636,74367,83418
15637,74368,83431
15638,74378,83440
15639,74385,83454
15640,74390,83466
15641,74405,83489
15642,74408,83496
15643,74420,83517
15644,74437,83535
15645,74452,83550
15646,74457,83585
15647,74481,83612
15648,74483,83620
15649,74495,83634
15650,74506,83645
15651,74498,83652
15652,74492,83655
15653,74450,83607
15654,74361,83504
15655,74229,83338
15656,74092,83143
15657,73979,82960
15658,73898,82803
15659,73827,82680
15660,73788,82591
15661,73767,82539
15662,73770,82503
15663,73780,82517
15664,73810,82535
15665,73839,82566
15666,73870,82607
15667,73907,82650
15668,73941,82696
15669,73964,82743
15670,73988,82771
15671,73999,82790
15672,74004,82802
15673,74009,82816
15674,74017,82823
15675,74025,82839
15676,74041,82861
15677,74071,82884
15678,74085,82906
15679,74101,82937
15680,74112,82959
15681,74116,82978
15682,74117,82978
15683,74123,82991
15684,74125,82996
15685,74116,82989
15686,74114,82988
15687,74114,82983
15688,74110,82981
15689,74116,82985
15690,74122,82984
15691,74129,83000
15692,74129,83012
15693,74144,83034
15694,74155,83054
15695,74174,83072
15696,74196,83099
15697,74207,83131
15698,74233,83160
15699,74253,83188
15700,74266,83221
15701,74289,83247
15702,74302,83275
15703,74315,83297
15704,74339,83321
15705,74350,83334
15706,74350,83358
15707,74362,83366
15708,74363,83377
15709,74366,83397
15710,74379,83394
15711,74376,83413
15712,74383,83420
15713,74383,83429
15714,74395,83445
15715,74397,83445
15716,74397,83459
15717,74397,83474
15718,74409,83486
15719,74426,83498
15720,74428,83506
15721,74434,83531
15722,74445,83536
15723,74466,83563
15724,74478,83582
15725,74495,83607
15726,74498,83625
15727,74513,83642
15728,74518,83662
15729,74527,83672
15730,74522,83665
15731,74490,83637
15732,74404,83555
15733,74291,83413
15734,74153,83233
15735,74042,83046
15736,73950,82879
15737,73883,82757
15738,73838,82651
15739,73819,82589
15740,73804,82557
15741,73822,82551
15742,73839,82570
15743,73881,82610
15744,73908,82662
15745,73949,82709
15746,73985,82759
15747,74019,82800
15748,74052,82860
15749,74075,82888
15750,74084,82904
15751,74087,82927
15752,74101,82946
15753,74122,82960
15754,74126,82986
15755,74145,83005
15756,74161,83032
15757,74166,83046
15758,74173,83061
15759,74169,83064
15760,74161,83068
15761,74164,83051
15762,74522,83665
15763,74490,83637
15764,74133,83048
15765,74129,83033
15766,74132,83018
15767,74139,83043
15768,74146,83053
15769,74168,83068
15770,74169,83083
15771,74184,83116
15772,74209,83139
15773,74238,83170
15774,74258,83201
15775,74271,83227
15776,74288,83251
15777,74319,83281
15778,74328,83319
15779,74344,83343
15780,74368,83364
15781,74377,83389
15782,74389,83408
15783,74393,83434
15784,74408,83442
15785,74410,83449
15786,74415,83478
15787,74425,83487
15788,74436,83499
15789,74438,83514
15790,74437,83524
15791,74444,83539
15792,74455,83536
15793,74447,83556
15794,74457,83573
15795,74457,83577
15796,74465,83590
15797,74480,83601
15798,74486,83618
15799,74499,83619
15800,74507,83645
15801,74523,83660
15802,74533,83684
15803,74552,83709
15804,74554,83731
15805,74573,83745
15806,74580,83765
15807,74598,83774
15808,74603,83799
15809,74612,83792
15810,74581,83775
15811,74512,83706
15812,74395,83570
15813,74242,83389
15814,74107,83180
15815,73990,83002
15816,73921,82832
15817,73843,82712
15818,73794,82604
15819,73792,82556
15820,73798,82540
15821,73818,82557
15822,73843,82573
15823,73872,82618
15824,73899,82664
15825,73938,82703
15826,73967,82755
15827,73995,82797
15828,74013,82825
15829,74023,82853
15830,74032,82868
15831,74036,82857
15832,74039,82862
15833,74044,82876
15834,74060,82888
15835,74070,82915
15836,74095,82950
15837,74109,82969
15838,74119,82990
15839,74130,83016
15840,74137,83023
15841,74141,83037
15842,74150,83039
15843,74147,83043
15844,74145,83044
15845,74138,83046
15846,74140,83034
15847,74152,83040
15848,74148,83055
15849,74159,83060
15850,74168,83073
15851,74175,83089
15852,74183,83110
15853,74200,83138
15854,74230,83161
15855,74248,83193
15856,74265,83221
15857,74278,83262
15858,74309,83283
15859,74321,83318
15860,74336,83345
15861,74355,83361
15862,74371,83390
15863,74379,83414
15864,74385,83427
15865,74393,83446
15866,74415,83463
15867,74424,83479
15868,74432,83481
15869,74431,83497
15870,74446,83516
15871,74444,83522
15872,74451,83538
15873,74454,83557
15874,74469,83573
15875,74469,83575
15876,74471,83589
15877,74473,83603
15878,74482,83622
15879,74491,83621
15880,74500,83637
15881,74497,83648
15882,74519,83658
15883,74519,83679
15884,74535,83694
15885,74546,83720
15886,74560,83739
15887,74579,83756
15888,74588,83785
15889,74607,83806
15890,74628,83835
15891,74641,83845
15892,74648,83867
15893,74655,83875
15894,74659,83885
15895,74624,83853
15896,74554,83782
15897,74416,83631
15898,74264,83436
15899,74116,83212
15900,74001,83021
15901,73917,82867
15902,73849,82739
15903,73816,82626
15904,73809,82591
15905,73812,82574
15906,73831,82578
15907,73860,82604
15908,73899,82649
15909,73931,82691
15910,73960,82739
15911,73989,82780
15912,74023,82813
15913,74033,82848
15914,74048,82869
15915,74043,82868
15916,74040,82873
15917,74051,82873
15918,74053,82882
15919,74070,82902
15920,74091,82921
15921,74103,82948
15922,74120,82972
15923,74139,83006
15924,74157,83019
15925,74158,83043
15926,74162,83063
15927,74168,83068
15928,74181,83075
15929,74182,83072
15930,74176,83080
15931,74179,83075
15932,74175,83074
15933,74177,83080
15934,74176,83089
15935,74190,83105
15936,74196,83109
15937,74206,83128
15938,74228,83161
15939,74247,83181
15940,74272,83209
15941,74280,83240
15942,74308,83276
15943,74316,83308
15944,74338,83328
15945,74358,83367
15946,74388,83384
15947,74388,83414
15948,74393,83437
15949,74404,83466
15950,74421,83475
15951,74443,83499
15952,74440,83503
15953,74443,83525
15954,74461,83541
15955,74471,83551
15956,74473,83566
15957,74477,83582
15958,74495,83584
15959,74488,83597
15960,74498,83614
15961,74502,83624
15962,74517,83635
15963,74522,83661
15964,74528,83675
15965,74541,83686
15966,74551,83703
15967,74556,83703
15968,74563,83725
15969,74571,83735
15970,74585,83754
15971,74594,83766
15972,74597,83788
15973,74608,83807
15974,74620,83826
15975,74637,83845
15976,74654,83858
15977,74665,83883
15978,74680,83897
15979,74703,83923
15980,74717,83948
15981,74735,83973
15982,74753,83991
15983,74761,84009
15984,74772,84025
15985,74754,84015
15986,74710,83973
15987,74598,83862
15988,74451,83702
15989,74294,83490
15990,74154,83270
15991,74045,83088
15992,73967,82932
15993,73914,82816
15994,73888,82729
15995,73876,82688
15996,73894,82691
15997,73907,82698
15998,73945,82732
15999,73985,82778
16000,74025,82827
16001,74058,82882
16002,74087,82933
16003,74117,82974
16004,74146,83020
16005,74164,83035
16006,74168,83048
16007,74162,83059
16008,74171,83070
16009,74181,83084
16010,74194,83095
16011,74208,83129
16012,74230,83143
16013,74239,83165
16014,74243,83180
16015,74247,83193
16016,74260,83193
16017,74258,83202
16018,74259,83211
16019,74247,83208
16020,74242,83191
16021,74233,83191
16022,74248,83186
16023,74241,83190
16024,74248,83196
16025,74255,83207
16026,74271,83229
16027,74276,83235
16028,74298,83256
16029,74326,83295
16030,74346,83320
16031,74370,83341
16032,74373,83369
16033,74407,83405
16034,74429,83443
16035,74438,83465
16036,74460,83488
16037,74477,83529
16038,74487,83541
16039,74502,83573
16040,74519,83588
16041,74527,83609
16042,74535,83625
16043,74545,83634
16044,74541,83638
16045,74551,83657
16046,74556,83674
16047,74561,83687
16048,74569,83699
16049,74583,83709
16050,74584,83714
16051,74582,83729
16052,74592,83741
16053,74601,83756
16054,74611,83758
16055,74615,83770
16056,74613,83780
16057,74615,83788
16058,74618,83794
16059,74628,83808
16060,74628,83825
16061,74647,83835
16062,74654,83854
16063,74661,83876
16064,74664,83888
16065,74677,83905
16066,74692,83925
16067,74710,83945
16068,74725,83961
16069,74738,83998
16070,74753,84015
16071,74771,84032
16072,74785,84062
16073,74800,84079
16074,74813,84093
16075,74804,84094
16076,74764,84061
16077,74685,83969
16078,74532,83808
16079,74379,83601
16080,74222,83385
16081,74118,83203
16082,74037,83057
16083,73986,82937
16084,73948,82856
16085,73936,82806
16086,73959,82789
16087,73979,82816
16088,74010,82850
16089,74052,82894
16090,74100,82953
16091,74141,83011
16092,74178,83081
16093,74222,83140
16094,74251,83170
16095,74277,83212
16096,74290,83242
16097,74301,83255
16098,74310,83276
16099,74315,83304
16100,74336,83315
16101,74350,83329
16102,74356,83352
16103,74358,83362
16104,74358,83361
16105,74355,83358
16106,74342,83351
16107,74332,83339
16108,74323,83338
16109,74317,83324
16110,74310,83315
16111,74307,83313
16112,74304,83314
16113,74314,83315
16114,74321,83333
16115,74333,83335
16116,74346,83352
16117,74361,83370
16118,74393,83398
16119,74408,83425
16120,74431,83467
16121,74451,83495
16122,74479,83525
16123,74505,83565
16124,74519,83586
16125,74541,83604
16126,74557,83644
16127,74565,83665
16128,74585,83688
16129,74595,83706
16130,74609,83726
16131,74606,83741
16132,74619,83756
16133,74620,83772
16134,74632,83778
16135,74631,83803
16136,74646,83810
16137,74651,83822
16138,74656,83835
16139,74661,83844
16140,74663,83857
16141,74668,83869
16142,74678,83886
16143,74679,83889
16144,74692,83921
16145,74689,83917
16146,74699,83923
16147,74703,83938
16148,74715,83964
16149,74725,83974
16150,74728,83981
16151,74739,84004
16152,74751,84010
16153,74756,84032
16154,74768,84050
16155,74778,84063
16156,74787,84077
16157,74803,84103
16158,74821,84127
16159,74829,84153
16160,74856,84163
16161,74873,84193
16162,74884,84212
16163,74895,84238
16164,74904,84251
16165,74907,84247
16166,74881,84229
16167,74792,84136
16168,74650,83985
16169,74483,83780
16170,74314,83552
16171,74179,83341
16172,74092,83153
16173,74019,83012
16174,73979,82928
16175,73962,82846
16176,73954,82828
16177,73964,82823
16178,74006,82849
16179,74038,82891
16180,74075,82931
16181,74112,82979
16182,74153,83041
16183,74188,83086
16184,74204,83127
16185,74228,83168
16186,74236,83174
16187,74250,83191
16188,74234,83200
16189,74241,83197
16190,74247,83208
16191,74261,83218
16192,74283,83251
16193,74287,83270
16194,74295,83286
16195,74315,83304
16196,74319,83314
16197,74321,83318
16198,74323,83323
16199,74316,83321
16200,74324,83318
16201,74321,83317
16202,74310,83321
16203,74322,83320
16204,74316,83314
16205,74325,83324
16206,74331,83333
16207,74341,83344
16208,74364,83363
16209,74368,83380
16210,74392,83417
16211,74416,83442
16212,74448,83474
16213,74456,83506
16214,74480,83528
16215,74498,83567
16216,74517,83597
16217,74536,83621
16218,74554,83653
16219,74567,83675
16220,74584,83698
16221,74596,83714
16222,74603,83736
16223,74615,83759
16224,74628,83767
16225,74631,83787
16226,74629,83791
16227,74635,83812
16228,74642,83822
16229,74647,83829
16230,74647,83843
16231,74654,83855
16232,74669,83874
16233,74669,83881
16234,74667,83888
16235,74679,83907
16236,74690,83913
16237,74688,83923
16238,74703,83936
16239,74704,83942
16240,74708,83952
16241,74721,83974
16242,74734,83986
16243,74740,84000
16244,74738,84020
16245,74764,84030
16246,74775,84055
16247,74784,84067
16248,74811,84095
16249,74822,84105
16250,74840,84137
16251,74852,84155
16252,74871,84182
16253,74881,84196
16254,74889,84214
16255,74887,84216
16256,74842,84182
16257,74742,84075
16258,74606,83918
16259,74438,83711
16260,74278,83490
16261,74165,83287
16262,74074,83123
16263,74006,82994
16264,73965,82898
16265,73960,82850
16266,73965,82822
16267,73982,82828
16268,74005,82851
16269,74051,82897
16270,74088,82938
16271,74127,82990
16272,74157,83033
16273,74193,83076
16274,74223,83114
16275,74234,83145
16276,74246,83167
16277,74237,83172
16278,74237,83177
16279,74250,83176
16280,74250,83192
16281,74265,83204
16282,74285,83234
16283,74297,83248
16284,74302,83273
16285,74314,83286
16286,74329,83293
16287,74332,83302
16288,74327,83307
16289,74331,83299
16290,74326,83296
16291,74315,83288
16292,74323,83287
16293,74321,83289
16294,74326,83284
16295,74324,83293
16296,74337,83305
16297,74346,83323
16298,74364,83338
16299,74376,83362
16300,74403,83380
16301,74413,83410
16302,74437,83439
16303,74462,83471
16304,74488,83494
16305,74498,83534
16306,74517,83553
16307,74531,83581
16308,74555,83610
16309,74565,83640
16310,74572,83657
16311,74579,83676
16312,74592,83687
16313,74600,83700
16314,74603,83720
16315,74614,83728
16316,74610,83743
16317,74617,83761
16318,74623,83769
16319,74624,83765
16320,74635,83788
16321,74634,83801
16322,74634,83806
16323,74639,83805
16324,74640,83823
16325,74655,83831
16326,74659,83838
16327,74666,83845
16328,74666,83867
16329,74674,83879
16330,74689,83896
16331,74710,83915
16332,74717,83929
16333,74737,83957
16334,74744,83975
16335,74760,83991
16336,74774,84019
16337,74789,84034
16338,74793,84042
16339,74802,84049
16340,74775,84038
16341,74715,83972
16342,74601,83862
16343,74466,83675
16344,74318,83479
16345,74193,83279
16346,74107,83115
16347,74044,82990
16348,74005,82902
16349,73973,82840
16350,73979,82812
16351,73995,82811
16352,74030,82837
16353,74064,82878
16354,74097,82921
16355,74141,82977
16356,74174,83018
16357,74216,83080
