n,red,ir
29152,73481,81494
29153,73485,81502
29154,73469,81514
29155,73467,81500
29156,73451,81507
29157,73448,81515
29158,73443,81519
29159,73444,81518
29160,73453,81531
29161,73457,81554
29162,73451,81557
29163,73455,81556
29164,73467,81561
29165,73457,81569
29166,73445,81571
29167,73450,81573
29168,73445,81577
29169,73448,81589
29170,73449,81582
29171,73455,81586
29172,73453,81606
29173,73463,81597
29174,73463,81609
29175,73473,81632
29176,73471,81636
29177,73471,81639
29178,73479,81657
29179,73487,81666
29180,73498,81688
29181,73501,81692
29182,73516,81706
29183,73521,81716
29184,73511,81722
29185,73513,81724
29186,73517,81722
29187,73516,81711
29188,73512,81675
29189,73477,81611
29190,73451,81525
29191,73406,81452
29192,73390,81383
29193,73340,81311
29194,73302,81253
29195,73276,81212
29196,73253,81185
29197,73246,81176
29198,73246,81177
29199,73247,81184
29200,73263,81197
29201,73278,81201
29202,73275,81204
29203,73272,81216
29204,73287,81216
29205,73289,81221
29206,73272,81216
29207,73291,81214
29208,73284,81206
29209,73275,81202
29210,73277,81197
29211,73276,81202
29212,73279,81209
29213,73295,81224
29214,73302,81254
29215,73308,81267
29216,73312,81277
29217,73311,81291
29218,73328,81305
29219,73310,81312
29220,73322,81301
29221,73312,81311
29222,73296,81314
29223,73294,81309
29224,73285,81305
29225,73278,81304
29226,73255,81299
29227,73248,81302
29228,73243,81304
29229,73256,81309
29230,73257,81316
29231,73268,81335
29232,73270,81341
29233,73284,81357
29234,73286,81377
29235,73283,81376
29236,73282,81398
29237,73292,81406
29238,73286,81409
29239,73290,81414
29240,73296,81425
29241,73296,81429
29242,73291,81442
29243,73296,81458
29244,73295,81454
29245,73299,81456
29246,73304,81466
29247,73313,81475
29248,73314,81487
29249,73317,81500
29250,73324,81508
29251,73326,81519
29252,73326,81518
29253,73328,81521
29254,73338,81537
29255,73336,81538
29256,73330,81550
29257,73331,81549
29258,73330,81549
29259,73326,81561
29260,73325,81559
29261,73313,81565
29262,73314,81571
29263,73312,81580
29264,73325,81580
29265,73322,81599
29266,73319,81604
29267,73316,81608
29268,73328,81614
29269,73338,81627
29270,73330,81633
29271,73337,81639
29272,73339,81650
29273,73336,81656
29274,73339,81660
29275,73332,81679
29276,73336,81682
29277,73336,81694
29278,73345,81713
29279,73352,81723
29280,73340,81723
29281,73350,81725
29282,73349,81743
29283,73344,81743
29284,73345,81746
29285,73340,81744
29286,73330,81708
29287,73303,81639
29288,73254,81562
29289,73210,81484
29290,73156,81412
29291,73126,81347
29292,73071,81281
29293,73046,81246
29294,73034,81223
29295,73020,81217
29296,73004,81204
29297,72999,81212
29298,73005,81223
29299,73006,81244
29300,73016,81251
29301,73020,81265
29302,73029,81277
29303,73031,81281
29304,73019,81280
29305,73022,81282
29306,73004,81274
29307,73011,81285
29308,73010,81273
29309,73014,81283
29310,73023,81300
29311,73021,81306
29312,73041,81331
29313,73038,81345
29314,73055,81351
29315,73059,81356
29316,73051,81364
29317,73058,81365
29318,73046,81371
29319,73064,81362
29320,73063,81360
29321,73052,81357
29322,73063,81362
29323,73057,81359
29324,73059,81355
29325,73062,81361
29326,73068,81364
29327,73054,81371
29328,73062,81372
29329,73069,81391
29330,73076,81400
29331,73091,81427
29332,73095,81432
29333,73110,81445
29334,73120,81459
29335,73131,81466
29336,73128,81470
29337,73125,81481
29338,73120,81486
29339,73127,81494
29340,73127,81493
29341,73131,81516
29342,73138,81518
29343,73134,81522
29344,73146,81529
29345,73151,81544
29346,73163,81551
29347,73156,81557
29348,73167,81562
29349,73168,81575
29350,73164,81583
29351,73178,81589
29352,73174,81593
29353,73191,81605
29354,73193,81606
29355,73183,81617
29356,73194,81625
29357,73190,81634
29358,73190,81640
29359,73195,81640
29360,73191,81644
29361,73201,81653
29362,73198,81668
29363,73190,81664
29364,73191,81684
29365,73191,81685
29366,73189,81685
29367,73187,81703
29368,73192,81709
29369,73194,81719
29370,73193,81730
29371,73198,81744
29372,73204,81750
29373,73206,81769
29374,73209,81775
29375,73216,81789
29376,73221,81800
29377,73224,81816
29378,73228,81826
29379,73233,81836
29380,73238,81842
29381,73243,81846
29382,73234,81830
29383,73207,81786
29384,73174,81723
29385,73128,81648
29386,73091,81573
29387,73063,81503
29388,73029,81436
29389,72997,81375
29390,72979,81338
29391,72951,81312
29392,72937,81287
29393,72933,81279
29394,72928,81287
29395,72932,81285
29396,72933,81289
29397,72940,81309
29398,72942,81309
29399,72954,81322
29400,72955,81332
29401,72956,81333
29402,72950,81322
29403,72943,81324
29404,72943,81315
29405,72930,81316
29406,72943,81318
29407,72948,81323
29408,72961,81340
29409,72966,81355
29410,72989,81367
29411,72993,81376
29412,72992,81380
29413,72994,81384
29414,72995,81383
29415,72986,81386
29416,72971,81370
29417,72978,81372
29418,72979,81376
29419,72969,81372
29420,72974,81373
29421,72975,81381
29422,72969,81374
29423,72979,81376
29424,72987,81384
29425,72986,81399
29426,72992,81405
29427,72990,81412
29428,72990,81425
29429,72997,81440
29430,72994,81453
29431,72999,81453
29432,73015,81467
29433,73011,81478
29434,73010,81495
29435,73012,81506
29436,73025,81511
29437,73027,81517
29438,73023,81524
29439,73024,81534
29440,73015,81537
29441,73026,81541
29442,73020,81558
29443,73026,81557
29444,73023,81573
29445,73028,81575
29446,73040,81584
29447,73041,81587
29448,73022,81589
29449,73034,81598
29450,73033,81617
29451,73036,81609
29452,73045,81624
29453,73044,81627
29454,73048,81631
29455,73061,81635
29456,73053,81638
29457,73051,81648
29458,73046,81652
29459,73052,81661
29460,73052,81672
29461,73052,81678
29462,73054,81696
29463,73064,81708
29464,73062,81714
29465,73063,81726
29466,73066,81741
29467,73066,81754
29468,73069,81763
29469,73066,81772
29470,73059,81782
29471,73058,81793
29472,73052,81802
29473,73047,81796
29474,73039,81781
29475,73000,81723
29476,72950,81661
29477,72914,81584
29478,72872,81500
29479,72840,81422
29480,72802,81348
29481,72773,81294
29482,72747,81244
29483,72737,81213
29484,72733,81195
29485,72724,81190
29486,72730,81186
29487,72726,81188
29488,72731,81196
29489,72738,81209
29490,72749,81209
29491,72747,81216
29492,72761,81221
29493,72766,81216
29494,72763,81215
29495,72759,81212
29496,72759,81203
29497,72755,81209
29498,72754,81211
29499,72753,81218
29500,72765,81221
29501,72770,81239
29502,72774,81258
29503,72781,81274
29504,72794,81286
29505,72789,81295
29506,72800,81300
29507,72804,81307
29508,72797,81304
29509,72795,81310
29510,72793,81304
29511,72774,81302
29512,72779,81287
29513,72782,81297
29514,72781,81292
29515,72780,81303
29516,72790,81305
29517,72795,81325
29518,72803,81331
29519,72802,81348
29520,72816,81351
29521,72818,81360
29522,72821,81372
29523,72834,81388
29524,72842,81398
29525,72835,81414
29526,72847,81436
29527,72850,81438
29528,72856,81448
29529,72871,81463
29530,72873,81463
29531,72878,81482
29532,72888,81490
29533,72888,81494
29534,72902,81500
29535,72906,81514
29536,72898,81517
29537,72893,81529
29538,72897,81538
29539,72899,81547
29540,72894,81541
29541,72894,81564
29542,72900,81568
29543,72895,81580
29544,72890,81579
29545,72890,81591
29546,72901,81601
29547,72902,81619
29548,72898,81628
29549,72902,81628
29550,72895,81636
29551,72889,81646
29552,72884,81650
29553,72866,81658
29554,72865,81665
29555,72864,81684
29556,72872,81697
29557,72870,81705
29558,72870,81722
29559,72862,81721
29560,72856,81735
29561,72872,81745
29562,72873,81764
29563,72881,81775
29564,72891,81787
29565,72890,81809
29566,72894,81812
29567,72904,81835
29568,72903,81841
29569,72917,81857
29570,72903,81866
29571,72899,81870
29572,72889,81868
29573,72872,81846
29574,72846,81791
29575,72800,81710
29576,72756,81623
29577,72704,81526
29578,72665,81443
29579,72617,81362
29580,72598,81294
29581,72578,81251
29582,72559,81218
29583,72553,81198
29584,72543,81180
29585,72540,81178
29586,72544,81181
29587,72545,81185
29588,72556,81192
29589,72548,81203
29590,72549,81206
29591,72553,81215
29592,72554,81214
29593,72550,81213
29594,72543,81205
29595,72539,81196
29596,72536,81192
29597,72537,81189
29598,72538,81201
29599,72545,81200
29600,72547,81214
29601,72566,81238
29602,72570,81255
29603,72571,81262
29604,72571,81278
29605,72584,81293
29606,72591,81294
29607,72590,81303
29608,72598,81309
29609,72596,81307
29610,72593,81304
29611,72593,81304
29612,72584,81292
29613,72596,81288
29614,72604,81299
29615,72608,81303
29616,72603,81306
29617,72599,81316
29618,72614,81328
29619,72611,81337
29620,72623,81348
29621,72630,81360
29622,72639,81377
29623,72652,81390
29624,72669,81403
29625,72676,81419
29626,72687,81433
29627,72698,81441
29628,72715,81459
29629,72725,81458
29630,72740,81477
29631,72751,81474
29632,72768,81492
29633,72769,81499
29634,72796,81495
29635,72789,81501
29636,72811,81517
29637,72820,81528
29638,72833,81537
29639,72846,81542
29640,72853,81538
29641,72860,81561
29642,72861,81557
29643,72863,81566
29644,72867,81571
29645,72877,81582
29646,72878,81585
29647,72884,81596
29648,72890,81598
29649,72895,81605
29650,72896,81603
29651,72905,81608
29652,72917,81627
29653,72914,81634
29654,72918,81642
29655,72912,81640
29656,72917,81648
29657,72903,81649
29658,72912,81674
29659,72918,81673
29660,72904,81676
29661,72915,81686
29662,72906,81694
29663,72907,81702
29664,72906,81713
29665,72912,81723
29666,72914,81727
29667,72912,81733
29668,72912,81744
29669,72912,81750
29670,72918,81773
29671,72921,81764
29672,72916,81774
29673,72924,81770
29674,72902,81744
29675,72892,81697
29676,72843,81620
29677,72809,81529
29678,72771,81442
29679,72728,81357
29680,72691,81289
29681,72660,81244
29682,72648,81191
29683,72623,81174
29684,72633,81145
29685,72616,81143
29686,72621,81146
29687,72626,81147
29688,72621,81164
29689,72639,81177
29690,72642,81184
29691,72646,81196
29692,72652,81199
29693,72653,81208
29694,72667,81210
29695,72658,81204
29696,72669,81193
29697,72663,81196
29698,72681,81205
29699,72692,81208
29700,72706,81217
29701,72715,81236
29702,72742,81240
29703,72760,81253
29704,72785,81268
29705,72789,81267
29706,72801,81260
29707,72801,81266
29708,72798,81268
29709,72802,81253
29710,72797,81254
29711,72809,81251
29712,72807,81241
29713,72807,81247
29714,72803,81248
29715,72816,81254
29716,72813,81262
29717,72822,81273
29718,72819,81275
29719,72831,81285
29720,72843,81298
29721,72852,81303
29722,72864,81327
29723,72866,81339
29724,72883,81350
29725,72889,81355
29726,72897,81368
29727,72904,81381
29728,72923,81393
29729,72932,81408
29730,72940,81405
29731,72947,81417
29732,72948,81428
29733,72942,81435
29734,72949,81440
29735,72954,81447
29736,72960,81448
29737,72968,81461
29738,72969,81463
29739,72972,81475
29740,72981,81479
29741,72985,81481
29742,72991,81493
29743,72996,81504
29744,72998,81497
29745,72990,81516
29746,73001,81511
29747,72996,81528
29748,73002,81531
29749,73005,81539
29750,73019,81544
29751,73008,81553
29752,73013,81560
29753,73019,81554
29754,73017,81571
29755,73014,81564
29756,73021,81584
29757,73025,81594
29758,73035,81604
29759,73028,81617
29760,73038,81620
29761,73044,81641
29762,73050,81641
29763,73050,81658
29764,73052,81666
29765,73058,81687
29766,73070,81687
29767,73059,81695
29768,73070,81698
29769,73067,81688
29770,73048,81651
29771,73030,81586
29772,72987,81493
29773,72942,81403
29774,72894,81311
29775,72866,81236
29776,72839,81174
29777,72807,81131
29778,72792,81093
29779,72779,81077
29780,72779,81061
29781,72793,81071
29782,72798,81074
29783,72806,81079
29784,72817,81090
29785,72821,81103
29786,72832,81109
29787,72838,81120
29788,73021,81584
29789,72838,81125
29790,72832,81118
29791,72836,81127
29792,72831,81127
29793,72832,81127
29794,72827,81126
29795,72839,81136
29796,72840,81149
29797,72849,81159
29798,72859,81170
29799,72864,81184
29800,72864,81191
29801,72867,81197
29802,72873,81210
29803,72879,81210
29804,72882,81211
29805,72869,81213
29806,72863,81203
29807,72861,81194
29808,72854,81193
29809,72858,81199
29810,72858,81206
29811,72850,81204
29812,72854,81207
29813,72864,81214
29814,72873,81228
29815,72872,81232
29816,72883,81251
29817,72884,81250
29818,72894,81261
29819,72887,81283
29820,72892,81290
29821,72901,81300
29822,72899,81317
29823,72914,81323
29824,72912,81329
29825,72929,81344
29826,72940,81357
29827,72938,81373
29828,72943,81377
29829,72940,81375
29830,72947,81374
29831,72949,81378
29832,72947,81390
29833,72947,81404
29834,72953,81409
29835,72951,81411
29836,72950,81417
29837,72943,81423
29838,72953,81437
29839,72959,81444
29840,72949,81440
29841,72952,81451
29842,72953,81452
29843,72950,81457
29844,72950,81454
29845,72962,81467
29846,72954,81462
29847,72952,81467
29848,72958,81482
29849,72964,81493
29850,72970,81498
29851,72968,81504
29852,72968,81518
29853,72972,81528
29854,72982,81535
29855,72978,81543
29856,72992,81551
29857,72987,81557
29858,72992,81580
29859,72996,81577
29860,72997,81598
29861,73000,81596
29862,73010,81610
29863,73011,81610
29864,73004,81611
29865,72992,81597
29866,72975,81563
29867,72937,81478
29868,72888,81394
29869,72845,81304
29870,72803,81216
29871,72759,81143
29872,72735,81093
29873,72721,81053
29874,72705,81023
29875,72698,81005
29876,72697,80999
29877,72704,81007
29878,72709,81015
29879,72722,81026
29880,72713,81054
29881,72722,81070
29882,72735,81080
29883,72742,81095
29884,72737,81102
29885,72740,81102
29886,72742,81105
29887,72739,81107
29888,72739,81096
29889,72731,81108
29890,72741,81111
29891,72745,81117
29892,72743,81130
29893,72744,81142
29894,72754,81149
29895,72760,81160
29896,72764,81152
29897,72771,81171
29898,72775,81172
29899,72762,81175
29900,72767,81180
29901,72760,81169
29902,72753,81149
29903,72761,81153
29904,72755,81168
29905,72760,81161
29906,72764,81163
29907,72768,81175
29908,72779,81165
29909,72783,81172
29910,72786,81191
29911,72798,81209
29912,72795,81216
29913,72802,81230
29914,72808,81233
29915,72811,81250
29916,72817,81271
29917,72820,81273
29918,72834,81287
29919,72835,81305
29920,72830,81302
29921,72833,81305
29922,72850,81321
29923,72846,81332
29924,72845,81332
29925,72852,81338
29926,72848,81337
29927,72852,81351
29928,72859,81359
29929,72852,81360
29930,72855,81367
29931,72861,81379
29932,72864,81377
29933,72856,81382
29934,72859,81383
29935,72861,81393
29936,72857,81395
29937,72855,81400
29938,72859,81406
29939,72854,81408
29940,72866,81424
29941,72859,81427
29942,72866,81435
29943,72866,81435
29944,72872,81448
29945,72882,81456
29946,72891,81469
29947,72881,81483
29948,72903,81490
29949,72900,81491
29950,72916,81502
29951,72919,81511
29952,72933,81525
29953,72931,81522
29954,72937,81510
29955,72934,81480
29956,72919,81433
29957,72872,81344
29958,72839,81265
29959,72794,81182
29960,72755,81116
29961,72721,81043
29962,72702,81003
29963,72685,80981
29964,72686,80971
29965,72669,80963
29966,72679,80978
29967,72681,80981
29968,72688,81003
29969,72697,81034
29970,72701,81041
29971,72717,81062
29972,72722,81076
29973,72721,81085
29974,72732,81091
29975,72724,81091
29976,72718,81085
29977,72720,81080
29978,72711,81091
29979,72727,81102
29980,72731,81115
29981,72737,81130
29982,72745,81146
29983,72751,81142
29984,72755,81152
29985,72753,81144
29986,72738,81141
29987,72738,81145
29988,72735,81140
29989,72727,81127
29990,72730,81118
29991,72733,81109
29992,72738,81117
29993,72733,81114
29994,72740,81122
29995,72748,81124
29996,72753,81141
29997,72753,81148
29998,72753,81149
29999,72768,81163
30000,72784,81193
30001,72795,81195
30002,72797,81199
30003,72795,81212
30004,72799,81221
30005,72798,81227
30006,72800,81236
30007,72809,81250
30008,72808,81261
30009,72812,81266
30010,72819,81269
30011,72827,81279
30012,72827,81299
30013,72835,81295
30014,72838,81292
30015,72835,81299
30016,72835,81289
30017,72829,81304
30018,72822,81295
30019,72829,81310
30020,72825,81303
30021,72834,81320
30022,72833,81324
30023,72837,81320
30024,72852,81325
30025,72843,81337
30026,72842,81338
30027,72845,81366
30028,72838,81361
30029,72842,81360
30030,72843,81369
30031,72841,81373
30032,72849,81374
30033,72854,81391
30034,72864,81399
30035,72862,81397
30036,72799,81221
30037,72798,81227
30038,72820,81296
30039,72776,81214
30040,72734,81141
30041,72685,81061
30042,72652,81000
30043,72622,80955
30044,72615,80925
30045,72602,80897
30046,72600,80900
30047,72614,80890
30048,72603,80906
30049,72618,80922
30050,72622,80938
30051,72625,80960
30052,72632,80981
30053,72638,80989
30054,72654,81006
30055,72645,81013
30056,72643,81022
30057,72642,81014
30058,72645,81015
30059,72638,81027
30060,72642,81026
30061,72652,81039
30062,72656,81056
30063,72664,81072
30064,72663,81083
30065,72671,81081
30066,72682,81100
30067,72686,81097
30068,72680,81096
30069,72679,81094
30070,72675,81092
30071,72673,81084
30072,72674,81079
30073,72677,81075
30074,72680,81077
30075,72676,81072
30076,72679,81089
30077,72694,81089
30078,72707,81098
30079,72709,81118
30080,72715,81116
30081,72723,81133
30082,72725,81147
30083,72742,81157
30084,72737,81169
30085,72741,81186
30086,72742,81193
30087,72749,81205
30088,72746,81208
30089,72742,81216
30090,72744,81229
30091,72737,81231
30092,72734,81235
30093,72731,81240
30094,72743,81258
30095,72747,81261
30096,72749,81273
30097,72758,81278
30098,72746,81284
30099,72747,81281
30100,72743,81292
30101,72744,81293
30102,72741,81298
30103,72742,81292
30104,72743,81307
30105,72750,81309
30106,72744,81318
30107,72747,81327
30108,72751,81339
30109,72764,81347
30110,72768,81358
30111,72777,81361
30112,72780,81372
30113,72775,81372
30114,72779,81375
30115,72782,81384
30116,72782,81397
30117,72783,81393
30118,72783,81387
30119,72766,81355
30120,72739,81296
30121,72708,81218
30122,72667,81125
30123,72613,81046
30124,72582,80974
30125,72550,80922
30126,72530,80876
30127,72525,80852
30128,72518,80849
30129,72523,80835
30130,72526,80836
30131,72529,80855
30132,72536,80865
30133,72555,80878
30134,72558,80896
30135,72571,80912
30136,72569,80919
30137,72577,80924
30138,72580,80931
30139,72573,80929
30140,72577,80925
30141,72569,80919
30142,72570,80916
30143,72561,80928
30144,72581,80938
30145,72595,80961
30146,72594,80975
30147,72617,80996
30148,72618,81009
30149,72632,81019
30150,72635,81020
30151,72638,81024
30152,72631,81027
30153,72633,81034
30154,72631,81026
30155,72622,81019
30156,72627,81024
30157,72625,81022
30158,72624,81011
30159,72633,81017
30160,72641,81032
30161,72658,81038
30162,72657,81052
30163,72651,81060
30164,72661,81069
30165,72666,81089
30166,72665,81100
30167,72669,81106
30168,72681,81128
30169,72683,81141
30170,72686,81141
30171,72696,81157
30172,72693,81167
30173,72694,81166
30174,72691,81184
30175,72698,81198
30176,72709,81194
30177,72709,81202
30178,72703,81218
30179,72715,81218
30180,72723,81230
30181,72728,81229
30182,72719,81239
30183,72720,81232
30184,72717,81249
30185,72719,81256
30186,72732,81265
30187,72723,81274
30188,72722,81275
30189,72722,81271
30190,72716,81269
30191,72728,81293
30192,72727,81277
30193,72731,81297
30194,72731,81300
30195,72732,81297
30196,72727,81295
30197,72741,81316
30198,72748,81325
30199,72744,81324
30200,72751,81341
30201,72754,81347
30202,72761,81360
30203,72776,81374
30204,72777,81375
30205,72776,81393
30206,72788,81399
30207,72787,81397
30208,72790,81409
30209,72794,81404
30210,72789,81388
30211,72772,81356
30212,72735,81277
30213,72692,81198
30214,72648,81094
30215,72596,81013
30216,72570,80947
30217,72544,80886
30218,72531,80854
30219,72525,80820
30220,72531,80809
30221,72523,80816
30222,72533,80821
30223,72548,80835
30224,72551,80857
30225,72568,80866
30226,72587,80895
30227,72589,80899
30228,72588,80914
30229,72586,80906
30230,72587,80900
30231,72580,80896
30232,72589,80897
30233,72585,80897
30234,72592,80896
30235,72597,80909
30236,72605,80915
30237,72612,80943
30238,72624,80962
30239,72647,80977
30240,72654,80990
30241,72659,80998
30242,72655,81012
30243,72651,81017
30244,72662,81015
30245,72659,81017
30246,72665,81019
30247,72668,81022
30248,72662,81013
30249,72669,81011
30250,72663,81014
30251,72665,81030
30252,72672,81031
30253,72676,81043
30254,72681,81050
30255,72687,81063
30256,72690,81076
30257,72695,81086
30258,72707,81092
30259,72711,81109
30260,72723,81128
30261,72725,81138
30262,72741,81146
30263,72739,81161
30264,72740,81166
30265,72744,81181
30266,72742,81184
30267,72745,81194
30268,72744,81204
30269,72757,81209
30270,72762,81211
30271,72765,81213
30272,72776,81223
30273,72774,81223
30274,72786,81233
30275,72780,81241
30276,72776,81244
30277,72782,81243
30278,72778,81250
30279,72792,81262
30280,72787,81267
30281,72785,81267
30282,72784,81275
30283,72793,81288
30284,72787,81282
30285,72786,81291
30286,72783,81294
30287,72783,81307
30288,72797,81311
30289,72793,81319
30290,72707,81092
30291,72804,81344
30292,72806,81342
30293,72814,81356
30294,72807,81365
30295,72809,81363
30296,72814,81377
30297,72816,81379
30298,72799,81388
30299,72811,81387
30300,72813,81394
30301,72822,81405
30302,72829,81416
30303,72823,81430
30304,72824,81439
30305,72829,81452
30306,72831,81456
30307,72836,81466
30308,72841,81474
30309,72852,81482
30310,72842,81487
30311,72845,81497
30312,72847,81488
30313,72840,81468
30314,72815,81414
30315,72773,81332
30316,72733,81230
30317,72680,81129
30318,72633,81057
30319,72599,80985
30320,72591,80941
30321,72574,80893
30322,72568,80875
30323,72565,80870
30324,72571,80875
30325,72576,80879
30326,72589,80898
30327,72606,80912
30328,72605,80930
30329,72610,80943
30330,72613,80963
30331,72617,80964
30332,72616,80963
30333,72623,80967
30334,72621,80969
30335,72616,80965
30336,72631,80969
30337,72627,80962
30338,72629,80973
30339,72641,80987
30340,72653,81003
30341,72670,81023
30342,72672,81037
30343,72667,81054
30344,72685,81070
30345,72688,81064
30346,72683,81071
30347,72673,81074
30348,72672,81071
30349,72676,81063
30350,72676,81074
30351,72676,81068
30352,72676,81076
30353,72680,81074
30354,72683,81077
30355,72682,81089
30356,72690,81103
30357,72702,81102
30358,72702,81125
30359,72709,81133
30360,72712,81136
30361,72719,81164
30362,72726,81179
30363,72731,81180
30364,72729,81196
30365,72738,81202
30366,72753,81220
30367,72755,81234
30368,72756,81236
30369,72753,81250
30370,72749,81250
30371,72751,81258
30372,72762,81261
30373,72759,81275
30374,72772,81268
30375,72768,81276
30376,72768,81296
30377,72780,81298
30378,72776,81308
30379,72780,81306
30380,72782,81314
30381,72782,81321
30382,72781,81332
30383,72789,81334
30384,72788,81337
30385,72795,81356
30386,72801,81358
30387,72813,81362
30388,72813,81371
30389,72810,81372
30390,72817,81387
30391,72819,81393
30392,72820,81401
30393,72824,81401
30394,72826,81414
30395,72833,81423
30396,72835,81422
30397,72835,81438
30398,72839,81436
30399,72852,81456
30400,72844,81445
30401,72846,81453
30402,72843,81457
30403,72839,81469
30404,72840,81466
30405,72849,81470
30406,72861,81482
30407,72856,81488
30408,72863,81494
30409,72873,81499
30410,72866,81522
30411,72885,81528
30412,72885,81540
30413,72893,81549
30414,72893,81543
30415,72891,81557
30416,72895,81559
30417,72902,81565
30418,72897,81554
30419,72875,81527
30420,72842,81461
30421,72800,81371
30422,72745,81273
30423,72694,81177
30424,72644,81094
30425,72614,81030
30426,72594,80970
30427,72578,80949
30428,72568,80926
30429,72567,80921
30430,72572,80926
30431,72580,80942
30432,72599,80968
30433,72600,80990
30434,72620,80998
30435,72625,81019
30436,72625,81032
30437,72638,81044
30438,72634,81062
30439,72638,81052
30440,72636,81051
30441,72636,81055
30442,72630,81050
30443,72638,81049
30444,72646,81056
30445,72657,81063
30446,72669,81085
30447,72679,81109
30448,72677,81128
30449,72696,81132
30450,72695,81131
30451,72709,81137
30452,72705,81138
30453,72705,81140
30454,72698,81133
30455,72698,81132
30456,72696,81137
30457,72702,81132
30458,72688,81129
30459,72707,81125
30460,72703,81139
30461,72705,81153
30462,72709,81150
30463,72716,81170
30464,72723,81181
30465,72726,81198
30466,72747,81208
30467,72747,81225
30468,72760,81238
30469,72767,81253
30470,72761,81260
30471,72763,81270
30472,72765,81285
30473,72771,81296
30474,72768,81302
30475,72774,81299
30476,72779,81308
30477,72789,81319
30478,72781,81332
30479,72789,81328
30480,72780,81333
30481,72786,81347
30482,72794,81347
30483,72787,81361
30484,72800,81368
30485,72802,81376
30486,72810,81380
30487,72813,81382
30488,72819,81390
30489,72815,81393
30490,72821,81402
30491,72825,81411
30492,72833,81424
30493,72824,81418
30494,72834,81420
30495,72831,81432
30496,72840,81446
30497,72847,81451
30498,72851,81458
30499,72853,81466
30500,72856,81465
30501,72858,81475
30502,72856,81488
30503,72873,81492
30504,72864,81503
30505,72872,81498
30506,72886,81513
30507,72885,81516
30508,72888,81528
30509,72878,81526
30510,72880,81550
30511,72883,81550
30512,72889,81566
30513,72897,81566
30514,72892,81582
30515,72903,81590
30516,72913,81602
30517,72926,81605
30518,72923,81618
30519,72926,81631
30520,72932,81627
30521,72927,81627
30522,72932,81610
30523,72923,81570
30524,72888,81500
30525,72839,81393
30526,72793,81298
30527,72754,81205
30528,72706,81127
30529,72677,81070
30530,72651,81027
30531,72639,80987
30532,72635,80971
30533,72635,80969
30534,72635,80980
30535,72649,80993
30536,72653,81009
30537,72664,81036
30538,72683,81053
30539,72695,81063
30540,72700,81089
30541,72700,81101
30542,72696,81092
30543,72703,81101
30544,72693,81091
30545,72897,81566
30546,72698,81088
30547,72702,81098
30548,72717,81102
30549,72726,81127
30550,72726,81136
30551,72734,81154
30552,72747,81161
30553,72743,81175
30554,72744,81178
30555,72757,81186
30556,72741,81186
30557,72743,81185
30558,72739,81173
30559,72732,81172
30560,72741,81164
30561,72734,81174
30562,72737,81170
30563,72743,81189
30564,72741,81189
30565,72753,81195
30566,72749,81210
30567,72755,81216
30568,72764,81228
30569,72768,81248
30570,72781,81261
30571,72783,81268
30572,72804,81279
30573,72810,81289
30574,72810,81310
30575,72816,81318
30576,72820,81330
30577,72826,81342
30578,72832,81348
30579,72819,81354
30580,72834,81356
30581,72834,81356
30582,72834,81370
30583,72842,81376
30584,72848,81378
30585,72854,81377
30586,72851,81389
30587,72849,81396
30588,72855,81401
30589,72858,81401
30590,72853,81410
30591,72857,81411
30592,72863,81428
30593,72868,81430
30594,72873,81434
30595,72875,81439
30596,72876,81448
30597,72872,81450
30598,72875,81463
30599,72883,81473
30600,72883,81470
30601,72879,81483
30602,72877,81478
30603,72875,81488
30604,72877,81494
30605,72888,81495
30606,72889,81511
30607,72886,81509
30608,72897,81522
30609,72909,81527
30610,72918,81528
30611,72922,81554
30612,72914,81557
30613,72916,81571
30614,72919,81576
30615,72913,81582
30616,72923,81585
30617,72931,81594
30618,72928,81609
30619,72943,81620
30620,72942,81620
30621,72946,81622
30622,72944,81613
30623,72927,81586
30624,72899,81524
30625,72855,81429
30626,72806,81326
30627,72757,81236
30628,72715,81165
30629,72690,81099
30630,72667,81050
30631,72660,81024
30632,72649,80990
30633,72638,80986
30634,72649,80991
30635,72660,81014
30636,72664,81022
30637,72689,81044
30638,72699,81070
30639,72699,81096
30640,72717,81101
30641,72717,81111
30642,72718,81117
30643,72725,81116
30644,72721,81106
30645,72714,81108
30646,72720,81117
30647,72721,81118
30648,72730,81122
30649,72745,81146
30650,72742,81147
30651,72744,81155
30652,72745,81165
30653,72756,81176
30654,72754,81189
30655,72757,81183
30656,72755,81182
30657,72752,81173
30658,72745,81176
30659,72742,81168
30660,72738,81169
30661,72748,81167
30662,72751,81170
30663,72752,81171
30664,72758,81169
30665,72763,81186
30666,72770,81194
30667,72779,81198
30668,72777,81213
30669,72789,81229
30670,72792,81237
30671,72795,81246
30672,72802,81269
30673,72795,81266
30674,72797,81280
30675,72811,81290
30676,72812,81312
30677,72822,81318
30678,72834,81327
30679,72834,81327
30680,72823,81336
30681,72831,81349
30682,72833,81351
30683,72837,81348
30684,72836,81362
30685,72838,81375
30686,72853,81374
30687,72844,81381
30688,72853,81393
30689,72849,81393
30690,72851,81398
30691,72842,81395
30692,72844,81398
30693,72843,81405
30694,72847,81400
30695,72854,81407
30696,72849,81415
30697,72854,81429
30698,72851,81426
30699,72851,81435
30700,72853,81455
30701,72847,81454
30702,72867,81461
30703,72866,81472
30704,72873,81480
30705,72876,81492
30706,72876,81503
30707,72893,81511
30708,72886,81521
30709,72890,81534
30710,72887,81528
30711,72893,81538
30712,72903,81543
30713,72900,81548
30714,72887,81515
30715,72860,81465
30716,72827,81401
30717,72784,81319
30718,72737,81240
30719,72698,81157
30720,72672,81105
30721,72644,81048
30722,72633,81018
30723,72632,80994
30724,72621,80993
30725,72634,81000
30726,72633,81011
30727,72637,81026
30728,72660,81053
30729,72676,81078
30730,72679,81094
30731,72678,81112
30732,72693,81125
30733,72698,81139
30734,72699,81137
30735,72699,81143
30736,72703,81142
30737,72693,81139
30738,72705,81163
30739,72716,81177
30740,72727,81185
30741,72735,81200
30742,72738,81201
30743,72746,81217
30744,72740,81199
30745,72736,81211
30746,72738,81210
30747,72731,81192
30748,72723,81186
30749,72725,81185
30750,72715,81181
30751,72716,81178
30752,72721,81184
30753,72722,81176
30754,72721,81190
30755,72738,81200
30756,72744,81207
30757,72747,81226
30758,72762,81227
30759,72767,81244
30760,72772,81260
30761,72782,81281
30762,72788,81281
30763,72795,81298
30764,72796,81311
30765,72794,81324
30766,72797,81327
30767,72802,81333
30768,72810,81339
30769,72806,81338
30770,72811,81346
30771,72814,81351
30772,72827,81356
30773,72820,81365
30774,72827,81368
30775,72816,81373
30776,72823,81372
30777,72817,81374
30778,72822,81372
30779,72821,81387
30780,72822,81384
30781,72820,81386
30782,72821,81391
30783,72819,81397
30784,72812,81398
30785,72816,81402
30786,72821,81414
30787,72822,81420
30788,72825,81430
30789,72831,81439
30790,72834,81450
30791,72841,81456
30792,72841,81468
30793,72848,81472
30794,72845,81485
30795,72859,81496
30796,72855,81493
30797,72858,81506
30798,72862,81494
30799,72845,81472
30800,72818,81414
30801,72778,81354
30802,72736,81270
30803,72697,81181
30804,72664,81118
30805,72648,81072
30806,72613,81017
30807,72608,80984
30808,72603,80970
30809,72599,80964
30810,72606,80969
30811,72611,80980
30812,72618,80996
30813,72624,81016
30814,72636,81026
30815,72650,81052
30816,72658,81068
30817,72653,81078
30818,72658,81082
30819,72656,81087
30820,72658,81088
30821,72657,81090
30822,72671,81097
30823,72673,81111
30824,72688,81121
30825,72697,81143
30826,72708,81158
30827,72702,81167
30828,72710,81168
30829,72711,81173
30830,72697,81170
30831,72696,81165
30832,72699,81165
30833,72696,81154
30834,72691,81151
30835,72688,81149
30836,72677,81146
30837,72688,81142
30838,72690,81146
30839,72697,81144
30840,72698,81162
30841,72700,81165
30842,72706,81178
30843,72716,81193
30844,72722,81209
30845,72733,81216
30846,72734,81243
30847,72732,81250
30848,72751,81269
30849,72760,81271
30850,72748,81277
30851,72752,81288
30852,72760,81292
30853,72761,81304
30854,72751,81308
30855,72765,81311
30856,72754,81322
30857,72758,81310
30858,72756,81318
30859,72757,81333
30860,72764,81335
30861,72756,81330
30862,72758,81325
30863,72760,81340
30864,72762,81337
30865,72757,81344
30866,72774,81357
30867,72768,81357
30868,72783,81367
30869,72790,81379
30870,72785,81385
30871,72795,81388
30872,72798,81395
30873,72795,81403
30874,72803,81416
30875,72798,81414
30876,72809,81414
30877,72812,81414
30878,72804,81397
30879,72786,81364
30880,72752,81289
30881,72710,81209
30882,72677,81129
30883,72648,81065
30884,72617,80987
30885,72603,80949
30886,72589,80910
30887,72582,80895
30888,72573,80882
30889,72583,80872
30890,72588,80878
30891,72588,80904
30892,72596,80911
30893,72609,80940
30894,72622,80943
30895,72628,80961
30896,72631,80946
30897,72640,80967
30898,72626,80964
30899,72639,80965
30900,72632,80953
30901,72636,80954
30902,72642,80961
30903,72663,80968
30904,72677,80982
30905,72684,80997
30906,72694,81017
30907,72703,81030
30908,72710,81037
30909,72721,81054
30910,72726,81058
30911,72721,81055
30912,72712,81054
30913,72726,81064
30914,72723,81048
30915,72721,81045
30916,72721,81035
30917,72731,81035
30918,72737,81042
30919,72746,81039
30920,72752,81056
30921,72752,81058
30922,72767,81063
30923,72778,81079
30924,72776,81086
30925,72784,81103
30926,72796,81118
30927,72794,81126
30928,72802,81147
30929,72817,81155
30930,72814,81159
30931,72820,81166
30932,72829,81174
30933,72835,81178
30934,72836,81184
30935,72845,81193
30936,72849,81197
30937,72845,81207
30938,72840,81209
30939,72859,81211
30940,72858,81221
30941,72872,81229
30942,72863,81227
30943,72873,81228
30944,72870,81242
30945,72873,81235
30946,72881,81246
30947,72890,81260
30948,72897,81260
30949,72901,81275
30950,72898,81287
30951,72911,81294
30952,72908,81297
30953,72916,81306
30954,72909,81309
30955,72924,81318
30956,72920,81316
30957,72927,81332
30958,72938,81326
30959,72928,81315
30960,72911,81280
30961,72879,81225
30962,72845,81151
30963,72807,81074
30964,72767,80997
30965,72743,80936
30966,72727,80881
30967,72704,80856
30968,72697,80825
30969,72688,80814
30970,72686,80812
30971,72689,80823
30972,72690,80835
30973,72696,80848
30974,72708,80871
30975,72719,80876
30976,72723,80887
30977,72712,80885
30978,72723,80893
30979,72728,80888
30980,72716,80884
30981,72714,80872
30982,72703,80884
30983,72710,80882
30984,72716,80888
30985,72730,80913
30986,72735,80919
30987,72747,80945
30988,72763,80970
30989,72773,80981
30990,72788,80997
30991,72785,81008
30992,72785,81014
30993,72786,81021
30994,72792,81018
30995,72786,81010
30996,72786,81020
30997,72789,81017
30998,72793,81024
30999,72794,81023
31000,72804,81022
31001,72810,81038
31002,72820,81039
31003,72823,81049
31004,72833,81054
31005,72840,81072
31006,72843,81067
31007,72852,81093
31008,72858,81104
31009,72863,81119
31010,72860,81127
31011,72875,81140
31012,72868,81148
31013,72880,81153
31014,72893,81169
31015,72898,81176
31016,72911,81185
31017,72917,81191
31018,72914,81200
31019,72917,81197
31020,72922,81199
31021,72924,81209
31022,72917,81222
31023,72926,81232
31024,72933,81233
31025,72936,81244
31026,72933,81246
31027,72941,81258
31028,72941,81266
31029,72938,81262
31030,72948,81282
31031,72957,81278
31032,72955,81291
31033,72957,81291
31034,72953,81302
31035,72951,81307
31036,72969,81319
31037,72965,81329
31038,72978,81331
31039,72975,81336
31040,72983,81343
31041,72981,81360
31042,72984,81361
31043,73003,81368
31044,73003,81372
31045,73000,81378
31046,73005,81388
31047,73009,81395
31048,73012,81410
31049,73018,81413
31050,73026,81414
31051,73032,81427
31052,73034,81425
31053,73041,81438
31054,73034,81445
31055,73035,81454
31056,73041,81464
31057,73049,81479
31058,73069,81476
31059,73058,81485
31060,73056,81492
31061,73062,81497
31062,73066,81506
31063,73071,81503
31064,73069,81514
31065,73076,81520
31066,73072,81523
31067,73076,81527
31068,73085,81553
31069,73086,81545
31070,73088,81554
31071,73089,81565
31072,73081,81573
31073,73104,81580
31074,73106,81591
31075,73103,81596
31076,73113,81616
31077,73121,81621
31078,73120,81622
31079,73125,81637
31080,73131,81631
31081,73129,81624
31082,73109,81579
31083,73063,81505
31084,73011,81402
31085,72957,81298
31086,72904,81202
31087,72867,81121
31088,72832,81066
31089,72819,81022
31090,72803,80991
31091,72795,80970
31092,72792,80968
31093,72799,80959
31094,72808,80976
31095,72822,80985
31096,72834,81006
31097,72834,81016
31098,72841,81032
31099,72845,81033
31100,72847,81043
31101,72850,81034
31102,72846,81036
31103,72839,81023
31104,72836,81018
31105,72836,81014
31106,72836,81014
31107,72827,81025
31108,72839,81044
31109,72853,81051
31110,72858,81070
31111,72873,81093
31112,72885,81113
31113,72894,81125
31114,72902,81148
31115,72898,81149
31116,72897,81150
31117,72902,81157
31118,72901,81157
31119,72896,81150
31120,72889,81142
31121,72896,81145
31122,72894,81151
31123,72893,81154
31124,72902,81159
31125,72908,81168
31126,72910,81178
31127,72920,81190
31128,72924,81198
31129,72925,81209
31130,72937,81229
31131,72937,81245
31132,72939,81265
31133,72933,81279
31134,72935,81289
31135,72934,81290
31136,72926,81285
31137,72925,81304
31138,72929,81320
31139,72936,81307
31140,72937,81324
31141,72943,81342
31142,72952,81341
31143,72958,81348
31144,72956,81359
31145,72961,81365
31146,72960,81376
31147,72962,81376
31148,72965,81376
31149,72957,81389
31150,72966,81395
31151,72973,81405
31152,72975,81409
31153,72967,81413
31154,72976,81419
31155,72975,81426
31156,72979,81428
31157,72981,81442
31158,72978,81434
31159,72981,81446
31160,72991,81460
31161,72995,81462
31162,73007,81478
31163,72998,81489
31164,73002,81493
31165,73010,81499
31166,73016,81510
31167,73016,81513
31168,73015,81515
31169,73013,81532
31170,73016,81535
31171,73014,81543
31172,73023,81548
31173,73016,81556
31174,73022,81557
31175,73025,81571
31176,73025,81572
31177,73038,81576
31178,73040,81591
31179,73042,81598
31180,73048,81611
31181,73051,81621
31182,73063,81629
31183,73056,81643
31184,73063,81637
31185,73066,81645
31186,73065,81658
31187,73060,81660
31188,73064,81658
31189,73069,81642
31190,73038,81593
31191,73006,81525
31192,72956,81427
31193,72902,81332
31194,72857,81259
31195,72817,81185
31196,72801,81135
31197,72781,81096
31198,72771,81068
31199,72769,81057
31200,72776,81059
31201,72771,81063
31202,72779,81074
31203,72793,81073
31204,72795,81090
31205,72803,81120
31206,72804,81127
31207,72808,81137
31208,72814,81146
31209,72801,81142
31210,72799,81144
31211,72796,81139
31212,72796,81134
31213,72786,81135
31214,72793,81144
31215,72798,81148
31216,72800,81155
31217,72804,81184
31218,72806,81200
31219,72813,81215
31220,72823,81234
31221,72812,81243
31222,72823,81251
31223,72818,81262
31224,72808,81257
31225,72822,81266
31226,72820,81264
31227,72821,81266
31228,72811,81265
31229,72818,81249
31230,72815,81259
31231,72821,81272
31232,72820,81272
31233,72830,81287
31234,72844,81301
31235,72837,81308
31236,72839,81315
31237,72849,81329
31238,72850,81337
31239,72859,81357
31240,72864,81376
31241,72874,81383
31242,72871,81401
31243,72881,81406
31244,72882,81411
31245,72880,81423
31246,72881,81433
31247,72880,81442
31248,72881,81458
31249,72888,81459
31250,72891,81469
31251,72897,81472
31252,72891,81487
31253,72899,81496
31254,72895,81505
31255,72901,81500
31256,72896,81518
31257,72898,81527
31258,72899,81524
31259,72906,81532
31260,72904,81541
31261,72903,81550
31262,72901,81564
31263,72910,81562
31264,72913,81571
31265,72917,81578
31266,72928,81589
31267,72921,81601
31268,72922,81604
31269,72923,81607
31270,72933,81616
31271,72931,81624
31272,72943,81630
31273,72929,81637
31274,72936,81642
31275,72939,81656
31276,72942,81676
31277,72939,81673
31278,72943,81694
31279,72956,81705
31280,72965,81698
31281,72962,81712
31282,72971,81732
31283,72970,81728
31284,72974,81750
31285,72974,81753
31286,72977,81764
31287,72985,81773
31288,72986,81781
31289,72996,81788
31290,72999,81787
31291,72990,81776
31292,72978,81741
31293,72939,81674
31294,72883,81581
31295,72832,81484
31296,72786,81404
31297,72751,81322
31298,72712,81266
31299,72704,81220
31300,72685,81184
31301,72691,81167
31302,72693,81158
31303,72696,81149
31304,72709,81170
31305,72721,81182
31306,72723,81206
31307,72729,81213
31308,72736,81233
31309,72749,81255
31310,72756,81265
31311,72755,81268
31312,72762,81269
31313,72768,81273
31314,72769,81268
31315,72763,81260
31316,72767,81269
31317,72779,81280
31318,72774,81287
31319,72777,81299
31320,72787,81316
31321,72788,81338
31322,72793,81338
31323,72778,81347
31324,72786,81352
31325,72783,81349
31326,72777,81348
31327,72770,81348
31328,72761,81350
31329,72764,81346
31330,72754,81334
31331,72758,81339
31332,72762,81339
31333,72765,81362
31334,72769,81356
31335,72764,81364
31336,72771,81381
31337,72779,81398
31338,72783,81412
31339,72791,81429
31340,72786,81443
31341,72802,81450
31342,72806,81470
31343,72812,81470
31344,72815,81473
31345,72819,81487
31346,72823,81509
31347,72825,81521
31348,72832,81521
31349,72833,81534
31350,72841,81540
31351,72846,81545
31352,72845,81555
31353,72846,81549
31354,72851,81560
31355,72860,81574
31356,72855,81572
31357,72854,81582
31358,72850,81586
31359,72852,81587
31360,72854,81596
31361,72851,81607
31362,72853,81618
31363,72861,81618
31364,72863,81617
31365,72859,81620
31366,72864,81631
31367,72859,81624
31368,72863,81642
31369,72863,81642
31370,72867,81648
31371,72873,81657
31372,72868,81671
31373,72874,81682
31374,72873,81684
31375,72884,81696
31376,72879,81701
31377,72893,81715
31378,72890,81730
31379,72896,81735
31380,72895,81747
31381,72898,81764
31382,72902,81768
31383,72915,81781
31384,72915,81796
31385,72919,81799
31386,72917,81787
31387,72900,81760
31388,72869,81706
31389,72822,81615
31390,72777,81522
31391,72725,81431
31392,72685,81355
31393,72655,81296
31394,72644,81247
31395,72620,81221
31396,72619,81201
31397,72612,81194
31398,72623,81200
31399,72626,81199
31400,72633,81219
31401,72658,81239
31402,72656,81266
31403,72659,81280
31404,72666,81298
31405,72678,81312
31406,72688,81317
31407,72687,81326
31408,72686,81333
31409,72686,81332
31410,72697,81328
31411,72694,81343
31412,72697,81355
31413,72713,81378
31414,72709,81391
31415,72710,81393
31416,72716,81399
31417,72710,81403
31418,72707,81402
31419,72715,81386
31420,72708,81389
31421,72712,81394
31422,72701,81389
31423,72705,81390
31424,72687,81378
31425,72692,81382
31426,72698,81380
31427,72705,81390
31428,72704,81398
31429,72708,81399
31430,72712,81403
31431,72725,81428
31432,72714,81432
31433,72736,81437
31434,72726,81451
31435,72742,81463
31436,72750,81489
31437,72760,81502
31438,72757,81517
31439,72768,81523
31440,72766,81529
31441,72771,81530
31442,72785,81551
31443,72770,81558
31444,72770,81564
31445,72774,81565
31446,72781,81587
31447,72771,81594
31448,72788,81595
31449,72790,81598
31450,72785,81609
31451,72777,81606
31452,72797,81611
31453,72784,81623
31454,72784,81626
31455,72786,81630
31456,72783,81630
31457,72786,81635
31458,72792,81644
31459,72777,81648
31460,72801,81652
31461,72795,81659
31462,72805,81669
31463,72803,81683
31464,72809,81678
31465,72812,81705
31466,72820,81706
31467,72827,81720
31468,72831,81727
31469,72840,81733
31470,72846,81748
31471,72853,81749
31472,72853,81748
31473,72836,81734
31474,72820,81681
31475,72768,81595
31476,72724,81505
31477,72665,81413
31478,72619,81337
31479,72575,81254
31480,72556,81209
31481,72530,81177
31482,72523,81137
31483,72513,81127
31484,72502,81130
31485,72491,81137
31486,72493,81153
31487,72494,81159
31488,72509,81178
31489,72524,81206
31490,72533,81213
31491,72533,81232
31492,72551,81234
31493,72546,81240
31494,72547,81235
31495,72541,81233
31496,72543,81233
31497,72539,81232
31498,72539,81239
31499,72553,81247
31500,72555,81260
31501,72561,81277
31502,72569,81285
31503,72568,81297
31504,72570,81299
31505,72566,81300
31506,72563,81305
31507,72572,81300
31508,72571,81297
31509,72575,81304
31510,72572,81301
31511,72574,81296
31512,72584,81292
31513,72570,81300
31514,72578,81293
31515,72577,81299
31516,72585,81312
31517,72589,81316
31518,72595,81324
31519,72605,81350
31520,72618,81352
31521,72619,81371
31522,72630,81382
31523,72623,81395
31524,72644,81399
31525,72642,81412
31526,72653,81432
31527,72662,81427
31528,72661,81446
31529,72673,81446
31530,72677,81455
31531,72689,81464
31532,72684,81470
31533,72694,81480
31534,72691,81483
31535,72691,81481
31536,72685,81493
31537,72687,81494
31538,72695,81501
31539,72695,81502
31540,72691,81503
31541,72706,81514
31542,72707,81526
31543,72709,81520
31544,72715,81528
31545,72723,81533
31546,72716,81549
31547,72733,81558
31548,72728,81568
31549,72722,81564
31550,72738,81580
31551,72731,81586
31552,72745,81590
31553,72748,81600
31554,72759,81603
31555,72760,81597
31556,72760,81590
31557,72735,81574
31558,72708,81510
31559,72660,81419
31560,72619,81326
31561,72565,81243
31562,72532,81171
31563,72495,81103
31564,72480,81051
31565,72478,81013
31566,72456,80988
31567,72459,80974
31568,72467,80972
31569,72471,80976
31570,72695,81501
31571,72486,81001
31572,72498,81013
31573,72501,81031
31574,72509,81041
31575,72518,81050
31576,72524,81041
31577,72524,81044
31578,72517,81038
31579,72517,81029
31580,72526,81020
31581,72528,81034
31582,72541,81036
31583,72549,81053
31584,72561,81068
31585,72570,81094
31586,72588,81110
31587,72593,81115
31588,72602,81120
31589,72606,81136
31590,72601,81135
31591,72603,81127
31592,72593,81131
31593,72601,81128
31594,72602,81127
31595,72610,81129
31596,72615,81128
31597,72613,81122
31598,72620,81133
31599,72617,81124
31600,72624,81128
31601,72612,81143
31602,72627,81149
31603,72633,81164
31604,72638,81176
31605,72646,81197
31606,72651,81202
31607,72665,81214
31608,72662,81232
31609,72674,81243
31610,72675,81249
31611,72684,81261
31612,72678,81268
31613,72685,81282
31614,72685,81283
31615,72699,81284
31616,72700,81295
31617,72716,81305
31618,72707,81315
31619,72722,81311
31620,72720,81312
31621,72725,81319
31622,72736,81330
31623,72740,81332
31624,72740,81338
31625,72745,81348
31626,72753,81343
31627,72756,81348
31628,72748,81348
31629,72756,81358
31630,72748,81367
31631,72757,81367
31632,72756,81380
31633,72760,81386
31634,72775,81389
31635,72783,81418
31636,72787,81420
31637,72786,81422
31638,72789,81428
31639,72791,81439
31640,72795,81439
31641,72796,81440
31642,72791,81422
31643,72775,81403
31644,72745,81340
31645,72706,81253
31646,72650,81163
31647,72610,81076
31648,72566,81001
31649,72546,80950
31650,72524,80904
31651,72516,80884
31652,72511,80852
31653,72506,80847
31654,72502,80857
31655,72500,80855
31656,72526,80876
31657,72519,80883
31658,72541,80903
31659,72544,80921
31660,72545,80932
31661,72549,80941
31662,72545,80938
31663,72549,80928
31664,72551,80919
31665,72539,80915
31666,72543,80909
31667,72538,80912
31668,72543,80924
31669,72554,80948
31670,72570,80966
31671,72569,80985
31672,72587,80992
31673,72589,81010
31674,72586,81028
31675,72591,81025
31676,72596,81037
31677,72590,81038
31678,72595,81040
31679,72585,81029
31680,72593,81027
31681,72588,81015
31682,72594,81031
31683,72603,81023
31684,72604,81027
31685,72611,81033
31686,72622,81048
31687,72623,81053
31688,72636,81066
31689,72638,81075
31690,72646,81082
31691,72657,81100
31692,72658,81117
31693,72676,81118
31694,72676,81133
31695,72686,81147
31696,72688,81155
31697,72701,81170
31698,72706,81175
31699,72705,81168
31700,72712,81187
31701,72704,81192
31702,72716,81191
31703,72728,81206
31704,72719,81213
31705,72727,81218
31706,72727,81219
31707,72734,81225
31708,72734,81233
31709,72726,81240
31710,72727,81247
31711,72717,81241
31712,72727,81249
31713,72731,81257
31714,72723,81259
31715,72735,81264
31716,72732,81270
31717,72726,81269
31718,72736,81284
31719,72736,81290
31720,72736,81289
31721,72733,81299
31722,72736,81306
31723,72739,81320
31724,72751,81326
31725,72767,81330
31726,72770,81354
31727,72772,81354
31728,72777,81369
31729,72781,81379
31730,72780,81384
31731,72788,81385
31732,72776,81383
31733,72772,81370
31734,72755,81315
31735,72706,81239
31736,72655,81149
31737,72603,81052
31738,72571,80979
31739,72533,80921
31740,72510,80863
31741,72495,80819
31742,72491,80804
31743,72482,80790
31744,72494,80798
31745,72496,80804
31746,72505,80817
31747,72517,80827
31748,72523,80846
31749,72519,80858
31750,72519,80872
31751,72531,80890
31752,72535,80888
31753,72523,80887
31754,72528,80878
31755,72525,80876
31756,72522,80869
31757,72524,80875
31758,72526,80885
31759,72539,80901
31760,72550,80917
31761,72561,80933
31762,72563,80958
31763,72579,80969
31764,72574,80971
31765,72576,80976
31766,72577,80980
31767,72586,80983
31768,72579,80987
31769,72571,80972
31770,72571,80978
31771,72575,80975
31772,72570,80977
31773,72574,80980
31774,72584,80987
31775,72599,80996
31776,72598,81002
31777,72606,81017
31778,72610,81015
31779,72610,81039
31780,72618,81048
31781,72618,81065
31782,72630,81083
31783,72627,81093
31784,72640,81101
31785,72639,81108
31786,72645,81122
31787,72640,81128
31788,72651,81137
31789,72648,81145
31790,72646,81151
31791,72641,81159
31792,72634,81164
31793,72646,81162
31794,72634,81178
31795,72641,81184
31796,72644,81182
31797,72645,81189
31798,72650,81202
31799,72656,81203
31800,72651,81212
31801,72660,81222
31802,72652,81221
31803,72645,81221
31804,72655,81220
31805,72649,81224
31806,72648,81245
31807,72654,81246
31808,72645,81244
31809,72657,81248
31810,72661,81246
31811,72659,81258
31812,72663,81269
31813,72659,81270
31814,72662,81280
31815,72666,81288
31816,72676,81305
31817,72686,81309
31818,72686,81315
31819,72689,81322
31820,72691,81339
31821,72701,81346
31822,72646,81151
31823,72708,81361
31824,72711,81363
31825,72710,81375
31826,72711,81379
31827,72704,81355
31828,72684,81321
31829,72642,81251
31830,72595,81159
31831,72550,81065
31832,72497,80987
31833,72460,80914
31834,72442,80867
31835,72417,80821
31836,72411,80794
31837,72412,80783
31838,72417,80787
31839,72428,80797
31840,72433,80808
31841,72437,80833
31842,72456,80846
31843,72445,80870
31844,72458,80875
31845,72454,80889
31846,72458,80906
31847,72450,80894
31848,72458,80895
31849,72450,80891
31850,72451,80893
31851,72454,80893
31852,72455,80902
31853,72470,80912
31854,72475,80931
31855,72482,80951
31856,72491,80961
31857,72496,80980
31858,72499,80984
31859,72506,80997
31860,72505,80994
31861,72507,80995
31862,72498,80986
31863,72495,81003
31864,72503,80988
31865,72493,80989
31866,72491,80988
31867,72493,80989
31868,72501,81004
31869,72510,81010
31870,72509,81022
31871,72521,81035
31872,72540,81042
31873,72530,81049
31874,72536,81059
31875,72534,81076
31876,72533,81094
31877,72543,81108
31878,72544,81115
31879,72546,81122
31880,72550,81132
31881,72554,81140
31882,72549,81151
31883,72551,81158
31884,72560,81164
31885,72554,81162
31886,72557,81173
31887,72554,81186
31888,72562,81182
31889,72568,81190
31890,72573,81198
31891,72586,81211
31892,72568,81213
31893,72580,81217
31894,72575,81217
31895,72573,81228
31896,72578,81232
31897,72588,81239
31898,72590,81240
31899,72591,81246
31900,72592,81246
31901,72595,81250
31902,72589,81256
31903,72596,81274
31904,72612,81277
31905,72611,81289
31906,72617,81290
31907,72624,81301
31908,72625,81308
31909,72630,81321
31910,72632,81332
31911,72638,81348
31912,72642,81355
31913,72649,81366
31914,72643,81375
31915,72650,81385
31916,72657,81396
31917,72664,81395
31918,72644,81372
31919,72630,81333
31920,72591,81273
31921,72548,81179
31922,72506,81097
31923,72459,81012
31924,72438,80953
31925,72411,80920
31926,72403,80877
31927,72399,80853
31928,72387,80839
31929,72395,80842
31930,72396,80867
31931,72414,80875
31932,72420,80897
31933,72434,80924
31934,72450,80958
31935,72459,80975
31936,72466,80976
31937,72470,80995
31938,72466,80997
31939,72469,80994
31940,72467,81002
31941,72484,81007
31942,72491,81020
31943,72491,81033
31944,72511,81048
31945,72519,81066
31946,72523,81064
31947,72520,81066
31948,72533,81080
31949,72529,81074
31950,72524,81076
31951,72521,81075
31952,72526,81070
31953,72515,81068
31954,72505,81067
31955,72520,81061
31956,72518,81063
31957,72520,81065
31958,72533,81071
31959,72539,81082
31960,72545,81091
31961,72551,81108
31962,72561,81113
31963,72558,81135
31964,72571,81148
31965,72582,81159
31966,72592,81172
31967,72602,81188
31968,72600,81197
31969,72601,81207
31970,72605,81226
31971,72605,81228
31972,72612,81236
31973,72621,81242
31974,72616,81253
31975,72624,81254
31976,72629,81262
31977,72636,81271
31978,72635,81275
31979,72634,81283
31980,72638,81282
31981,72639,81283
31982,72646,81289
31983,72642,81295
31984,72644,81303
31985,72642,81310
31986,72659,81309
31987,72651,81316
31988,72662,81325
31989,72659,81330
31990,72672,81337
31991,72667,81341
31992,72671,81356
31993,72671,81359
31994,72671,81373
31995,72680,81380
31996,72685,81392
31997,72696,81400
31998,72697,81406
31999,72696,81414
32000,72705,81426
32001,72694,81419
32002,72697,81414
32003,72685,81377
32004,72653,81320
32005,72613,81232
32006,72566,81143
32007,72522,81065
32008,72481,80989
32009,72461,80935
32010,72439,80899
32011,72441,80870
32012,72439,80858
32013,72441,80865
32014,72444,80862
32015,72460,80879
32016,72467,80902
32017,72480,80927
32018,72482,80942
32019,72496,80961
32020,72512,80976
32021,72506,80975
32022,72510,80987
32023,72516,80988
32024,72513,80986
32025,72515,80984
32026,72517,80991
32027,72536,81000
32028,72541,81016
32029,72545,81014
32030,72566,81040
32031,72568,81052
32032,72571,81064
32033,72576,81068
32034,72568,81078
32035,72568,81074
32036,72577,81076
32037,72570,81084
32038,72579,81076
32039,72585,81068
32040,72586,81071
32041,72588,81069
32042,72594,81071
32043,72602,81078
32044,72603,81090
32045,72609,81109
32046,72616,81126
32047,72620,81129
32048,72635,81141
32049,72637,81166
32050,72641,81180
32051,72634,81203
32052,72637,81210
32053,72630,81210
32054,72631,81219
32055,72641,81238
32056,72648,81247
32057,72651,81253
32058,72657,81252
32059,72659,81258
32060,72659,81273
32061,72668,81271
32062,72672,81285
32063,72667,81295
32064,72671,81286
32065,72669,81297
32066,72678,81302
32067,72679,81307
32068,72686,81317
32069,72690,81320
32070,72696,81317
32071,72693,81320
32072,72690,81336
32073,72693,81341
32074,72689,81344
32075,72702,81337
32076,72700,81357
32077,72609,81109
32078,72616,81126
32079,72722,81372
32080,72718,81384
32081,72720,81389
32082,72727,81406
32083,72735,81416
32084,72737,81430
32085,72749,81428
32086,72757,81436
32087,72759,81443
32088,72758,81452
32089,72765,81448
32090,72756,81434
32091,72730,81390
32092,72685,81312
32093,72627,81216
32094,72593,81115
32095,72548,81039
32096,72524,80962
32097,72498,80913
32098,72488,80872
32099,72473,80855
32100,72475,80847
32101,72478,80838
32102,72495,80854
32103,72495,80866
32104,72510,80889
32105,72524,80897
32106,72528,80925
32107,72540,80937
32108,72545,80958
32109,72541,80955
32110,72544,80954
32111,72538,80942
32112,72543,80949
32113,72543,80942
32114,72554,80941
32115,72566,80946
32116,72577,80966
32117,72591,80986
32118,72609,80997
32119,72619,81012
32120,72628,81029
32121,72625,81047
32122,72628,81047
32123,72625,81051
32124,72626,81058
32125,72631,81064
32126,72633,81065
32127,72651,81060
32128,72655,81055
32129,72663,81060
32130,72657,81065
32131,72660,81069
32132,72660,81069
32133,72666,81076
32134,72670,81080
32135,72681,81095
32136,72679,81113
32137,72678,81122
32138,72686,81139
32139,72704,81143
32140,72692,81158
32141,72701,81168
32142,72692,81186
32143,72691,81201
32144,72705,81206
32145,72694,81222
32146,72693,81220
32147,72684,81241
32148,72688,81245
32149,72694,81245
32150,72690,81254
32151,72699,81267
32152,72702,81265
32153,72708,81267
32154,72705,81264
32155,72712,81282
32156,72703,81280
32157,72705,81286
32158,72711,81297
32159,72728,81310
32160,72718,81306
32161,72719,81321
32162,72723,81324
32163,72723,81334
32164,72722,81344
32165,72735,81351
32166,72739,81358
32167,72738,81363
32168,72743,81351
32169,72738,81360
32170,72739,81386
32171,72743,81400
32172,72731,81398
32173,72742,81413
32174,72742,81414
32175,72743,81422
32176,72743,81427
32177,72740,81432
32178,72742,81448
32179,72757,81463
32180,72754,81470
32181,72766,81485
32182,72764,81488
32183,72780,81495
32184,72784,81502
32185,72791,81516
32186,72796,81513
32187,72798,81522
32188,72797,81518
32189,72787,81489
32190,72759,81438
32191,72714,81348
32192,72662,81234
32193,72611,81146
32194,72560,81061
32195,72541,80994
32196,72511,80932
32197,72492,80895
32198,72494,80877
32199,72494,80859
32200,72486,80869
32201,72502,80871
32202,72500,80892
32203,72513,80918
32204,72529,80949
32205,72536,80959
32206,72545,80966
32207,72556,80983
32208,72546,80986
32209,72549,80979
32210,72546,80976
32211,72546,80974
32212,72546,80978
32213,72549,80975
32214,72541,80982
32215,72551,80992
32216,72564,81024
32217,72561,81045
32218,72567,81067
32219,72579,81080
32220,72581,81101
32221,72573,81118
32222,72564,81122
32223,72558,81123
32224,72559,81120
32225,72561,81127
32226,72545,81121
32227,72561,81123
32228,72558,81121
32229,72558,81122
32230,72560,81131
32231,72563,81136
32232,72560,81142
32233,72571,81149
32234,72573,81170
32235,72579,81180
32236,72590,81195
32237,72598,81205
32238,72611,81221
32239,72614,81230
32240,72622,81236
32241,72630,81259
32242,72633,81262
32243,72629,81270
32244,72633,81269
32245,72637,81287
32246,72637,81289
32247,72649,81297
32248,72658,81307
32249,72656,81308
32250,72661,81308
32251,72658,81322
32252,72662,81326
32253,72656,81335
32254,72666,81341
32255,72663,81339
32256,72669,81347
32257,72671,81347
32258,72669,81359
32259,72678,81374
32260,72673,81372
32261,72676,81383
32262,72676,81383
32263,72669,81389
32264,72665,81399
32265,72669,81395
32266,72662,81416
32267,72658,81420
32268,72657,81438
32269,72659,81443
32270,72662,81442
32271,72666,81456
32272,72669,81466
32273,72652,81456
32274,72661,81470
32275,72665,81477
32276,72665,81490
32277,72670,81492
32278,72670,81502
32279,72675,81511
32280,72679,81513
32281,72694,81525
32282,72703,81533
32283,72699,81549
32284,72703,81554
32285,72705,81568
32286,72716,81577
32287,72721,81588
32288,72720,81582
32289,72728,81588
32290,72738,81599
32291,72730,81589
32292,72719,81572
32293,72695,81515
32294,72643,81417
32295,72592,81313
32296,72519,81204
32297,72474,81122
32298,72451,81046
32299,72429,80984
32300,72406,80945
32301,72402,80919
32302,72397,80901
32303,72402,80902
32304,72412,80917
32305,72416,80944
32306,72437,80966
32307,72449,80987
32308,72457,81010
32309,72467,81034
32310,72479,81037
32311,72474,81055
32312,72481,81054
32313,72479,81051
32314,72466,81052
32315,72471,81042
32316,72470,81042
32317,72478,81056
32318,72480,81067
32319,72495,81080
32320,72499,81095
32321,72507,81105
32322,72521,81127
32323,72525,81117
32324,72522,81133
32325,72522,81129
32326,72518,81139
32327,72515,81135
32328,72529,81132
32329,72525,81127
32330,72529,81125
32331,72527,81124
32332,72517,81130
32333,72522,81128
32334,72530,81133
32335,72535,81141
32336,72527,81144
32337,72540,81157
32338,72545,81172
32339,72449,80987
32340,72457,81010
32341,72578,81213
32342,72578,81227
32343,72584,81238
32344,72594,81248
32345,72598,81257
32346,72598,81262
32347,72603,81267
32348,72619,81276
32349,72608,81277
32350,72610,81287
32351,72612,81282
32352,72614,81293
32353,72625,81302
32354,72625,81306
32355,72637,81314
32356,72630,81314
32357,72638,81322
32358,72636,81339
32359,72637,81339
32360,72642,81348
32361,72653,81350
32362,72649,81356
32363,72646,81361
32364,72648,81364
32365,72654,81373
32366,72656,81367
32367,72662,81385
32368,72664,81388
32369,72670,81399
32370,72678,81404
32371,72676,81402
32372,72678,81412
32373,72695,81421
32374,72689,81430
32375,72695,81434
32376,72691,81443
32377,72693,81446
32378,72704,81454
32379,72696,81456
32380,72707,81473
32381,72710,81466
32382,72720,81487
32383,72714,81492
32384,72728,81505
32385,72729,81513
32386,72743,81520
32387,72755,81527
32388,72754,81542
32389,72761,81553
32390,72765,81541
32391,72745,81533
32392,72735,81496
32393,72698,81424
32394,72636,81314
32395,72584,81221
32396,72533,81123
32397,72496,81048
32398,72476,80982
32399,72456,80941
32400,72442,80907
32401,72438,80893
32402,72437,80880
32403,72436,80882
32404,72446,80903
32405,72457,80921
32406,72463,80937
32407,72478,80951
32408,72482,80970
32409,72491,80989
32410,72500,80991
32411,72494,80991
32412,72500,80995
32413,72511,80986
32414,72504,80997
32415,72503,80981
32416,72510,80985
32417,72510,80999
32418,72531,81011
32419,72536,81036
32420,72548,81048
32421,72558,81065
32422,72565,81070
32423,72567,81082
32424,72567,81074
32425,72567,81082
32426,72556,81078
32427,72556,81078
32428,72559,81069
32429,72552,81073
32430,72558,81077
32431,72564,81073
32432,72558,81075
32433,72570,81080
32434,72574,81091
32435,72576,81100
32436,72584,81109
32437,72588,81122
32438,72600,81134
32439,72599,81151
32440,72611,81165
32441,72617,81176
32442,72623,81191
32443,72631,81191
32444,72631,81209
32445,72640,81218
32446,72640,81215
32447,72645,81227
32448,72641,81237
32449,72653,81235
32450,72649,81241
32451,72647,81241
32452,72653,81253
32453,72649,81260
32454,72663,81259
32455,72668,81265
32456,72660,81268
32457,72662,81272
32458,72671,81272
32459,72666,81280
32460,72672,81284
32461,72672,81286
32462,72681,81286
32463,72678,81299
32464,72675,81317
32465,72680,81302
32466,72673,81314
32467,72689,81315
32468,72682,81318
32469,72672,81329
32470,72691,81327
32471,72692,81340
32472,72683,81351
32473,72692,81352
32474,72697,81354
32475,72697,81361
32476,72707,81374
32477,72714,81388
32478,72720,81399
32479,72717,81408
32480,72726,81417
32481,72724,81428
32482,72725,81434
32483,72732,81443
32484,72739,81443
32485,72732,81451
32486,72730,81447
32487,72703,81417
32488,72697,81373
32489,72652,81283
32490,72603,81191
32491,72554,81105
32492,72516,81018
32493,72488,80957
32494,72458,80900
32495,72448,80861
32496,72445,80844
32497,72448,80837
32498,72446,80836
32499,72447,80855
32500,72460,80862
32501,72468,80873
32502,72472,80891
32503,72477,80913
32504,72496,80936
32505,72503,80951
32506,72497,80959
32507,72496,80956
32508,72515,80957
32509,72507,80949
32510,72505,80958
32511,72504,80955
32512,72507,80961
32513,72514,80973
32514,72524,80988
32515,72529,81005
32516,72548,81016
32517,72540,81020
32518,72542,81031
32519,72549,81024
32520,72552,81036
32521,72552,81035
32522,72546,81032
32523,72542,81030
32524,72542,81024
32525,72536,81027
32526,72542,81026
32527,72548,81034
32528,72536,81038
32529,72548,81045
32530,72551,81046
32531,72555,81061
32532,72557,81064
32533,72558,81081
32534,72565,81102
32535,72575,81108
32536,72574,81117
32537,72582,81130
32538,72582,81145
32539,72592,81157
32540,72593,81160
32541,72588,81168
32542,72586,81170
32543,72593,81190
32544,72599,81195
32545,72600,81203
32546,72604,81206
32547,72612,81211
32548,72617,81213
32549,72612,81228
32550,72616,81222
32551,72619,81229
32552,72615,81233
32553,72617,81230
32554,72610,81237
32555,72624,81231
32556,72612,81250
32557,72603,81249
32558,72617,81265
32559,72623,81271
32560,72632,81265
32561,72627,81280
32562,72638,81283
32563,72634,81296
32564,72647,81300
32565,72651,81315
32566,72652,81332
32567,72657,81335
32568,72670,81347
32569,72653,81347
32570,72669,81359
32571,72672,81358
32572,72675,81361
32573,72664,81349
32574,72659,81336
32575,72639,81300
32576,72597,81219
32577,72570,81147
32578,72524,81056
32579,72491,80977
32580,72462,80929
32581,72441,80881
32582,72420,80836
32583,72424,80831
32584,72410,80816
32585,72412,80826
32586,72424,80842
32587,72439,80859
32588,72453,80887
32589,72460,80906
32590,72472,80921
32591,72481,80946
32592,72484,80958
32593,72496,80955
32594,72494,80966
32595,72495,80971
32596,72493,80976
32597,72504,80980
32598,72513,80994
32599,72515,81010
32600,72531,81017
32601,72532,81024
32602,72534,81022
32603,72534,81021
32604,72539,81030
32605,72543,81030
32606,72535,81026
32607,72535,81015
32608,72532,81019
32609,72529,81012
32610,72532,81012
32611,72534,81016
32612,72538,81024
32613,72530,81015
32614,72544,81027
32615,72553,81027
32616,72555,81034
32617,72566,81053
32618,72581,81073
32619,72581,81083
32620,72587,81107
32621,72593,81108
32622,72597,81122
32623,72613,81137
32624,72606,81152
32625,72606,81155
32626,72609,81163
32627,72614,81163
32628,72605,81187
32629,72612,81178
32630,72615,81187
32631,72623,81196
32632,72619,81193
32633,72618,81200
32634,72617,81203
32635,72617,81210
32636,72626,81210
32637,72624,81226
32638,72634,81226
32639,72628,81237
32640,72639,81237
32641,72638,81236
32642,72643,81248
32643,72632,81249
32644,72643,81252
32645,72646,81255
32646,72652,81258
32647,72647,81271
32648,72661,81277
32649,72660,81284
32650,72666,81301
32651,72664,81299
32652,72679,81317
32653,72679,81326
32654,72679,81328
32655,72693,81328
32656,72683,81342
32657,72696,81342
32658,72692,81335
32659,72681,81317
32660,72665,81269
32661,72632,81188
32662,72584,81102
32663,72545,81006
32664,72513,80937
32665,72488,80871
32666,72469,80823
32667,72455,80773
32668,72453,80763
32669,72448,80758
32670,72451,80764
32671,72454,80786
32672,72473,80792
32673,72471,80808
32674,72487,80829
32675,72490,80844
32676,72496,80856
32677,72495,80864
32678,72493,80871
32679,72498,80869
32680,72498,80875
32681,72493,80865
32682,72496,80864
32683,72490,80874
32684,72499,80884
32685,72507,80890
32686,72517,80909
32687,72527,80919
32688,72533,80936
32689,72539,80948
32690,72546,80957
32691,72544,80960
32692,72543,80956
32693,72545,80959
32694,72551,80955
32695,72548,80951
32696,72549,80952
32697,72547,80938
32698,72547,80956
32699,72552,80950
32700,72559,80960
32701,72561,80969
32702,72562,80979
32703,72575,80992
32704,72582,81003
32705,72596,81019
32706,72602,81038
32707,72603,81039
32708,72611,81057
32709,72610,81065
32710,72626,81080
32711,72625,81084
32712,72623,81095
32713,72627,81093
32714,72634,81110
32715,72634,81109
32716,72634,81115
32717,72645,81124
32718,72632,81127
32719,72638,81133
32720,72650,81142
32721,72655,81145
32722,72658,81151
32723,72649,81157
32724,72650,81161
32725,72646,81162
32726,72651,81167
32727,72656,81174
32728,72654,81176
32729,72659,81182
32730,72649,81187
32731,72650,81188
32732,72656,81200
32733,72651,81205
32734,72656,81206
32735,72645,81216
32736,72656,81217
32737,72670,81229
32738,72668,81232
32739,72682,81248
32740,72683,81252
32741,72703,81267
32742,72699,81280
32743,72705,81287
32744,72710,81290
32745,72706,81295
32746,72707,81306
32747,72706,81321
32748,72717,81322
32749,72707,81316
32750,72698,81296
32751,72672,81252
32752,72630,81160
32753,72588,81070
32754,72535,80975
32755,72494,80891
32756,72468,80831
32757,72435,80781
32758,72414,80739
32759,72420,80727
32760,72415,80713
32761,72421,80719
32762,72422,80727
32763,72436,80736
32764,72447,80758
32765,72454,80773
32766,72459,80793
32767,72460,80798
32768,72462,80807
32769,72472,80812
32770,72469,80810
32771,72467,80799
32772,72460,80793
32773,72460,80792
32774,72471,80791
32775,72465,80806
32776,72484,80812
32777,72490,80829
32778,72493,80842
32779,72509,80876
32780,72509,80877
32781,72516,80903
32782,72520,80917
32783,72528,80921
32784,72518,80917
32785,72522,80924
32786,72534,80926
32787,72540,80924
32788,72528,80927
32789,72531,80926
32790,72528,80921
32791,72533,80922
32792,72539,80932
32793,72541,80940
32794,72547,80949
32795,72545,80964
32796,72551,80978
32797,72551,80993
32798,72557,80995
32799,72562,81005
32800,72566,81020
32801,72561,81032
32802,72569,81045
32803,72584,81064
32804,72575,81052
32805,72576,81073
32806,72581,81074
32807,72590,81085
32808,72585,81090
32809,72588,81095
32810,72598,81098
32811,72597,81105
32812,72596,81120
32813,72602,81129
32814,72601,81136
32815,72602,81139
32816,72601,81142
32817,72612,81155
32818,72607,81159
32819,72609,81163
32820,72623,81179
32821,72614,81182
32822,72620,81189
32823,72622,81196
32824,72624,81201
32825,72632,81196
32826,72636,81214
32827,72632,81216
32828,72641,81220
32829,72638,81229
32830,72642,81238
32831,72643,81242
32832,72638,81247
32833,72633,81251
32834,72640,81265
32835,72639,81272
32836,72660,81286
32837,72644,81302
32838,72652,81310
32839,72658,81320
32840,72655,81330
32841,72665,81339
32842,72673,81343
32843,72667,81350
32844,72682,81361
32845,72666,81368
32846,72678,81376
32847,72675,81375
32848,72660,81342
32849,72629,81288
32850,72586,81206
32851,72545,81101
32852,72488,81015
32853,72457,80921
32854,72426,80861
32855,72406,80820
32856,72385,80763
32857,72389,80760
32858,72379,80745
32859,72390,80746
32860,72387,80762
32861,72392,80770
32862,72397,80800
32863,72413,80815
32864,72414,80833
32865,72412,80841
32866,72417,80837
32867,72413,80847
32868,72413,80851
32869,72395,80838
32870,72387,80834
32871,72388,80836
32872,72377,80840
32873,72369,80851
32874,72375,80866
32875,72366,80891
32876,72368,80902
32877,72371,80940
32878,72364,80959
32879,72359,80972
32880,72355,80980
32881,72354,80997
32882,72339,81003
32883,72318,81004
32884,72292,81012
32885,72242,81045
32886,72219,81046
32887,72208,81053
32888,72199,81070
32889,72182,81087
32890,72177,81106
32891,72169,81132
32892,72166,81144
32893,72171,81171
32894,72171,81185
32895,72169,81213
32896,72176,81238
32897,72169,81266
32898,72175,81291
32899,72179,81317
32900,72174,81350
32901,72178,81378
32902,72172,81400
32903,72172,81423
32904,72180,81447
32905,72180,81468
32906,72180,81479
32907,72184,81492
32908,72191,81492
32909,72190,81511
32910,72189,81513
32911,72192,81528
32912,72192,81533
32913,72200,81546
32914,72206,81557
32915,72202,81566
32916,72208,81576
32917,72198,81588
32918,72206,81595
32919,72213,81615
32920,72215,81626
32921,72219,81632
32922,72223,81644
32923,72223,81644
32924,72227,81647
32925,72230,81656
32926,72235,81664
32927,72240,81660
32928,72239,81677
32929,72243,81684
32930,72251,81685
32931,72247,81696
32932,72247,81699
32933,72254,81707
32934,72255,81720
32935,72255,81721
32936,72263,81735
32937,72271,81749
32938,72271,81760
32939,72280,81781
32940,72287,81789
32941,72286,81790
32942,72299,81805
32943,72299,81818
32944,72307,81813
32945,72314,81819
32946,72306,81813
32947,72304,81800
32948,72276,81759
32949,72237,81678
32950,72170,81568
32951,72108,81438
32952,72044,81307
32953,71992,81197
32954,71959,81098
32955,71920,81013
32956,71906,80968
32957,71899,80931
32958,71899,80934
32959,71912,80947
32960,71923,80965
32961,71936,80980
32962,71951,81001
32963,71967,81033
32964,71966,81067
32965,71977,81077
32966,71990,81082
32967,71994,81082
32968,71992,81068
32969,71989,81049
32970,71989,81047
32971,71984,81044
32972,71989,81032
32973,72000,81045
32974,72010,81050
32975,72026,81073
32976,72034,81097
32977,72055,81109
32978,72064,81127
32979,72059,81133
32980,72066,81130
32981,72071,81134
32982,72075,81138
32983,72066,81130
32984,72074,81116
32985,72065,81113
32986,72069,81120
32987,72067,81114
32988,72073,81121
32989,72080,81114
32990,72075,81130
32991,72087,81127
32992,72090,81148
32993,72101,81166
32994,72114,81177
32995,72111,81192
32996,72124,81207
32997,72126,81216
32998,72134,81235
32999,72142,81250
33000,72133,81253
33001,72151,81267
33002,72157,81269
33003,72159,81287
33004,72158,81289
33005,72166,81290
33006,72165,81297
33007,72169,81309
33008,72171,81323
33009,72184,81325
33010,72174,81342
33011,72175,81346
33012,72180,81352
33013,72189,81354
33014,72187,81372
33015,72191,81380
33016,72188,81395
33017,72189,81393
33018,72197,81400
33019,72209,81410
33020,72215,81428
33021,72212,81441
33022,72215,81435
33023,72225,81463
33024,72225,81465
33025,72225,81472
33026,72225,81486
33027,72229,81498
33028,72230,81500
33029,72231,81514
33030,72235,81517
33031,72242,81527
33032,72240,81547
33033,72248,81549
33034,72247,81556
33035,72256,81579
33036,72263,81585
33037,72257,81582
33038,72263,81606
33039,72273,81618
33040,72279,81626
33041,72287,81645
33042,72284,81659
33043,72291,81669
33044,72296,81679
33045,72287,81687
33046,72302,81699
33047,72296,81699
33048,72304,81692
33049,72299,81692
33050,72264,81650
33051,72223,81574
33052,72160,81471
33053,72106,81341
33054,72050,81233
33055,72000,81128
33056,71967,81046
33057,71937,80978
33058,71917,80937
33059,71906,80914
33060,71910,80913
33061,71921,80912
33062,71922,80932
33063,71945,80963
33064,71959,80989
33065,71971,81004
33066,71982,81037
33067,71994,81053
33068,71989,81063
33069,71999,81072
33070,71995,81066
33071,71979,81062
33072,71983,81047
33073,71980,81048
33074,71976,81044
33075,71995,81055
33076,72003,81065
33077,72016,81096
33078,72026,81114
33079,72032,81136
33080,72047,81137
33081,72045,81159
33082,72044,81161
33083,72051,81165
33084,72045,81176
33085,72045,81162
33086,72048,81161
33087,72049,81159
33088,72043,81152
33089,72041,81152
33090,72041,81152
33091,72046,81163
33092,72050,81170
33093,72054,81189
33094,72064,81197
33095,72064,81207
33096,72077,81230
33097,72089,81249
33098,72092,81266
33099,72108,81283
33100,72103,81287
33101,72111,81295
33102,72118,81306
33103,72125,81321
33104,72116,81324
33105,72126,81339
33106,72128,81342
33107,72138,81354
33108,72139,81361
33109,72139,81368
33110,72135,81364
33111,72145,81384
33112,72147,81386
33113,72154,81400
33114,72151,81406
33115,72159,81407
33116,72162,81417
33117,72153,81430
33118,72162,81436
33119,72160,81436
33120,72160,81448
33121,72159,81461
33122,72178,81470
33123,72176,81487
33124,72183,81487
33125,72190,81488
33126,72184,81498
33127,72184,81505
33128,72186,81510
33129,72189,81520
33130,72195,81536
33131,72193,81545
33132,72192,81556
33133,72204,81555
33134,72211,81584
33135,72206,81591
33136,72212,81593
33137,72219,81605
33138,72227,81609
33139,72228,81622
33140,72232,81640
33141,72236,81656
33142,72250,81665
33143,72256,81681
33144,72246,81691
33145,72263,81702
33146,72264,81705
33147,72273,81710
33148,72265,81717
33149,72251,81699
33150,72228,81667
33151,72194,81591
33152,72135,81487
33153,72070,81371
33154,72013,81249
33155,71980,81161
33156,71925,81070
33157,71902,80997
33158,71884,80958
33159,71878,80933
33160,71878,80928
33161,71882,80935
33162,71895,80953
33163,71905,80984
33164,71916,80998
33165,71941,81036
33166,71954,81052
33167,71962,81077
33168,71969,81089
33169,71969,81086
33170,71962,81085
33171,71965,81087
33172,71963,81074
33173,71961,81063
33174,71961,81057
33175,71977,81073
33176,71979,81086
33177,71994,81108
33178,72003,81138
33179,72012,81142
33180,72012,81170
33181,72016,81186
33182,72024,81185
33183,72030,81196
33184,72025,81192
33185,72014,81185
33186,72009,81187
33187,72017,81187
33188,72014,81174
33189,72018,81185
33190,72018,81174
33191,72017,81197
33192,72016,81187
33193,72018,81198
33194,72024,81227
33195,72038,81227
33196,72041,81243
33197,72049,81258
33198,72055,81288
33199,72062,81301
33200,72076,81304
33201,72072,81314
33202,72080,81336
33203,72087,81345
33204,72089,81353
33205,72093,81365
33206,72095,81374
33207,72100,81371
33208,72098,81387
33209,72101,81395
33210,72098,81404
33211,72100,81415
33212,72117,81418
33213,72116,81420
33214,72117,81426
33215,72124,81438
33216,72122,81440
33217,72139,81451
33218,72136,81458
33219,72130,81464
33220,72138,81465
33221,72151,81484
33222,72147,81495
33223,72164,81498
33224,72161,81502
33225,72161,81509
33226,72178,81523
33227,72168,81522
33228,72172,81528
33229,72175,81542
33230,72178,81543
33231,72178,81553
33232,72182,81560
33233,72188,81578
33234,72202,81588
33235,72202,81602
33236,72210,81617
33237,72212,81630
33238,72215,81645
33239,72217,81652
33240,72231,81661
33241,72238,81675
33242,72238,81684
33243,72238,81678
33244,72238,81681
33245,72229,81671
33246,72200,81626
33247,72162,81551
33248,72109,81445
33249,72047,81320
33250,71991,81211
33251,71955,81117
33252,71919,81029
33253,71888,80970
33254,71884,80932
33255,71869,80907
33256,71876,80905
33257,71884,80912
33258,71901,80939
33259,71903,80956
33260,71927,80994
33261,71933,81019
33262,71958,81049
33263,71968,81063
33264,71972,81076
33265,71971,81077
33266,71964,81074
33267,71963,81064
33268,71969,81072
33269,71970,81064
33270,71977,81074
33271,71983,81086
33272,71992,81115
33273,71996,81132
33274,72000,81152
33275,72004,81161
33276,72007,81169
33277,72018,81174
33278,72013,81174
33279,72007,81170
33280,72007,81171
33281,71995,81160
33282,72005,81156
33283,71999,81152
33284,71994,81155
33285,72001,81151
33286,72004,81159
33287,71996,81180
33288,72009,81177
33289,72017,81183
33290,72010,81207
33291,72026,81218
33292,72047,81249
33293,72044,81254
33294,72050,81271
33295,72062,81279
33296,72062,81303
33297,72063,81308
33298,72070,81318
33299,72083,81325
33300,72079,81337
33301,72073,81347
33302,72085,81356
33303,72075,81356
33304,72090,81362
33305,72084,81376
33306,72091,81390
33307,72097,81392
33308,72110,81405
33309,72106,81410
33310,72114,81407
33311,72100,81409
33312,72111,81413
33313,72111,81428
33314,72113,81430
33315,72116,81438
33316,72123,81439
33317,72127,81458
33318,72132,81455
33319,72136,81470
33320,72134,81479
33321,72129,81479
33322,72135,81500
33323,72149,81514
33324,72147,81519
33325,72152,81532
33326,72161,81540
33327,72163,81547
33328,72161,81561
33329,72156,81575
33330,72175,81580
33331,72187,81590
33332,72171,81589
33333,72170,81573
33334,72148,81526
33335,72103,81452
33336,72045,81354
33337,71997,81242
33338,71946,81148
33339,71914,81057
33340,71870,80979
33341,71866,80932
33342,71854,80900
33343,71855,80875
33344,71865,80884
33345,71879,80903
33346,71898,80925
33347,71903,80951
33348,71913,80978
33349,71932,81004
33350,71944,81031
33351,71952,81050
33352,71964,81055
33353,71962,81068
33354,71964,81062
33355,71961,81057
33356,71963,81060
33357,71972,81070
33358,71984,81089
33359,71983,81108
33360,71992,81132
33361,71997,81148
33362,71999,81146
33363,72000,81149
33364,71996,81156
33365,71993,81147
33366,71992,81144
33367,71985,81145
33368,71986,81131
33369,71984,81129
33370,71976,81129
33371,71982,81122
33372,71978,81116
33373,71979,81124
33374,71988,81134
33375,71988,81154
33376,71996,81166
33377,72004,81181
33378,72025,81195
33379,72035,81210
33380,72038,81223
33381,72052,81241
33382,72056,81247
33383,72067,81260
33384,72078,81270
33385,72068,81273
33386,72082,81276
33387,72092,81279
33388,72083,81288
33389,72093,81290
33390,72088,81302
33391,72089,81307
33392,72091,81305
33393,72097,81328
33394,72102,81313
33395,72099,81318
33396,72111,81325
33397,72110,81326
33398,72112,81332
33399,72111,81331
33400,71986,81131
33401,71984,81129
33402,72121,81347
33403,72134,81370
33404,72128,81371
33405,72136,81377
33406,72142,81395
33407,72140,81410
33408,72146,81427
33409,72154,81431
33410,72159,81430
33411,72154,81442
33412,72152,81460
33413,72167,81459
33414,72163,81453
33415,72146,81438
33416,72114,81371
33417,72067,81281
33418,72007,81178
33419,71959,81070
33420,71920,80981
33421,71890,80907
33422,71866,80836
33423,71842,80796
33424,71835,80768
33425,71837,80766
33426,71854,80771
33427,71861,80790
33428,71870,80808
33429,71894,80844
33430,71901,80861
33431,71910,80878
33432,71907,80897
33433,71918,80908
33434,71920,80914
33435,71918,80912
33436,71912,80907
33437,71914,80903
33438,71904,80911
33439,71908,80908
33440,71912,80923
33441,71926,80947
33442,71950,80971
33443,71964,80987
33444,71962,81009
33445,71970,81030
33446,71969,81027
33447,71966,81042
33448,71967,81040
33449,71968,81044
33450,71958,81039
33451,71959,81028
33452,71952,81022
33453,71955,81020
33454,71957,81029
33455,71954,81033
33456,71950,81038
33457,71959,81043
33458,71965,81062
33459,71968,81075
33460,71971,81087
33461,71988,81099
33462,71985,81118
33463,72001,81137
33464,72001,81155
33465,72007,81169
33466,72008,81176
33467,72011,81186
33468,72019,81200
33469,72028,81206
33470,72032,81203
33471,72026,81221
33472,72027,81226
33473,72031,81229
33474,72029,81237
33475,72035,81242
33476,72027,81252
33477,72031,81265
33478,72038,81274
33479,72033,81274
33480,72041,81283
33481,72041,81281
33482,72042,81293
33483,72039,81296
33484,72045,81306
33485,72038,81308
33486,72046,81322
33487,72051,81323
33488,72056,81344
33489,72062,81354
33490,72072,81363
33491,72080,81378
33492,72078,81381
33493,72091,81408
33494,72091,81410
33495,72090,81418
33496,72098,81429
33497,72097,81426
33498,72091,81423
33499,72072,81371
33500,72035,81297
33501,71971,81188
33502,71918,81069
33503,71871,80962
33504,71827,80870
33505,71802,80796
33506,71782,80734
33507,71757,80698
33508,71758,80682
33509,71764,80684
33510,71772,80695
33511,71778,80713
33512,71794,80742
33513,71801,80757
33514,71809,80783
33515,71814,80790
33516,71815,80808
33517,71809,80802
33518,71814,80797
33519,71809,80791
33520,71805,80786
33521,71801,80773
33522,71798,80776
33523,71809,80787
33524,71809,80784
33525,71820,80814
33526,71831,80848
33527,71853,80875
33528,71863,80891
33529,71865,80922
33530,71863,80926
33531,71872,80942
33532,71866,80947
33533,71880,80942
33534,71872,80940
33535,71862,80936
33536,71866,80938
33537,71862,80931
33538,71854,80933
33539,71860,80937
33540,71871,80950
33541,71868,80964
33542,71877,80968
33543,71886,80977
33544,71890,80995
33545,71888,81011
33546,71892,81026
33547,71901,81045
33548,71907,81053
33549,71913,81072
33550,71916,81084
33551,71921,81099
33552,71922,81104
33553,71926,81118
33554,71931,81123
33555,71930,81137
33556,71939,81139
33557,71934,81144
33558,71939,81151
33559,71945,81167
33560,71948,81180
33561,71953,81174
33562,71964,81192
33563,71973,81194
33564,71970,81206
33565,71967,81218
33566,71973,81224
33567,71973,81231
33568,71975,81243
33569,71979,81247
33570,71975,81245
33571,71985,81253
33572,71987,81260
33573,71993,81262
33574,71992,81275
33575,71999,81282
33576,72008,81300
33577,72004,81310
33578,72010,81317
33579,72015,81327
33580,72016,81333
33581,72019,81351
33582,72031,81367
33583,72037,81371
33584,72039,81398
33585,72044,81407
33586,72047,81414
33587,72045,81426
33588,72055,81431
33589,72058,81426
33590,72057,81433
33591,72053,81436
33592,72029,81394
33593,72006,81342
33594,71941,81230
33595,71899,81115
33596,71843,81001
33597,71785,80893
33598,71760,80802
33599,71734,80736
33600,71726,80690
33601,71717,80663
33602,71706,80657
33603,71720,80669
33604,71728,80670
33605,71731,80697
33606,71744,80714
33607,71755,80721
33608,71752,80740
33609,71755,80750
33610,71768,80751
33611,71762,80746
33612,71752,80734
33613,71755,80726
33614,71751,80712
33615,71749,80712
33616,71753,80719
33617,71749,80728
33618,71758,80744
33619,71774,80770
33620,71785,80805
33621,71806,80828
33622,71810,80867
33623,71818,80887
33624,71823,80900
33625,71830,80913
33626,71836,80912
33627,71828,80912
33628,71812,80918
33629,71816,80916
33630,71824,80916
33631,71817,80902
33632,71816,80913
33633,71826,80902
33634,71823,80927
33635,71836,80926
33636,71830,80939
33637,71836,80948
33638,71842,80966
33639,71848,80986
33640,71860,81014
33641,71857,81018
33642,71872,81043
33643,71877,81054
33644,71876,81057
33645,71892,81067
33646,71883,81077
33647,71890,81086
33648,71899,81094
33649,71899,81092
33650,71907,81107
33651,71901,81107
33652,71906,81131
33653,71915,81127
33654,71918,81144
33655,71926,81153
33656,71923,81165
33657,71926,81171
33658,71921,81183
33659,71924,81185
33660,71928,81191
33661,71933,81203
33662,71941,81196
33663,71931,81217
33664,71946,81221
33665,71826,80902
33666,71951,81246
33667,71950,81260
33668,71963,81265
33669,71968,81264
33670,71972,81278
33671,71978,81291
33672,71981,81306
33673,71980,81312
33674,71984,81321
33675,71986,81323
33676,71996,81346
33677,71999,81353
33678,71995,81354
33679,72006,81366
33680,72009,81366
33681,72010,81379
33682,72010,81394
33683,72024,81416
33684,72023,81426
33685,72031,81444
33686,72037,81454
33687,72048,81465
33688,72049,81480
33689,72050,81483
33690,72047,81492
33691,72058,81492
33692,72053,81494
33693,72053,81481
33694,72040,81451
33695,71995,81380
33696,71944,81285
33697,71885,81161
33698,71828,81050
33699,71780,80950
33700,71756,80861
33701,71734,80794
33702,71716,80755
33703,71709,80736
33704,71719,80726
33705,71728,80739
33706,71725,80752
33707,71743,80774
33708,71759,80798
33709,71767,80814
33710,71781,80835
33711,71783,80850
33712,71786,80857
33713,71789,80852
33714,71784,80838
33715,71778,80833
33716,71779,80819
33717,71770,80814
33718,71771,80823
33719,71768,80818
33720,71778,80840
33721,71796,80870
33722,71810,80905
33723,71825,80928
33724,71832,80944
33725,71838,80975
33726,71836,80985
33727,71828,80987
33728,71836,80990
33729,71834,80998
33730,71833,80984
33731,71838,80982
33732,71825,80980
33733,71836,80983
33734,71831,80991
33735,71832,80993
33736,71827,80999
33737,71841,81005
33738,71844,81029
33739,71857,81050
33740,71857,81061
33741,71869,81071
33742,71870,81088
33743,71883,81105
33744,71881,81119
33745,71902,81123
33746,71893,81141
33747,71900,81156
33748,71908,81165
33749,71916,81178
33750,71912,81188
33751,71919,81183
33752,71922,81192
33753,71924,81204
33754,71924,81205
33755,71923,81223
33756,71937,81244
33757,71932,81234
33758,71939,81248
33759,71937,81260
33760,71947,81266
33761,71962,81275
33762,71961,81283
33763,71959,81295
33764,71956,81293
33765,71965,81314
33766,71964,81317
33767,71964,81326
33768,71976,81335
33769,71982,81345
33770,71975,81356
33771,71985,81357
33772,71984,81362
33773,72000,81371
33774,72001,81385
33775,72004,81393
33776,72005,81401
33777,72015,81401
33778,72017,81413
33779,72021,81421
33780,72019,81437
33781,72035,81435
33782,72040,81455
33783,72042,81462
33784,72052,81485
33785,72057,81490
33786,72046,81500
33787,72059,81521
33788,72068,81521
33789,72072,81541
33790,72074,81532
33791,72076,81539
33792,72067,81516
33793,72041,81472
33794,71993,81379
33795,71940,81275
33796,71883,81165
33797,71833,81061
33798,71801,80967
33799,71770,80901
33800,71745,80858
33801,71742,80831
33802,71737,80821
33803,71756,80835
33804,71761,80847
33805,71781,80864
33806,71799,80909
33807,71802,80938
33808,71822,80956
33809,71829,80992
33810,71839,81005
33811,71842,81016
33812,71834,81011
33813,71839,81011
33814,71842,81006
33815,71841,81007
33816,71841,81019
33817,71848,81035
33818,71864,81056
33819,71856,81068
33820,71875,81089
33821,71884,81102
33822,71869,81116
33823,71882,81114
33824,71883,81120
33825,71880,81118
33826,71879,81118
33827,71883,81116
33828,71868,81099
33829,71867,81101
33830,71866,81105
33831,71864,81105
33832,71876,81112
33833,71878,81124
33834,71884,81136
33835,71888,81132
33836,71884,81158
33837,71894,81175
33838,71903,81189
33839,71915,81214
33840,71924,81232
33841,71934,81250
33842,71941,81268
33843,71950,81269
33844,71948,81279
33845,71946,81290
33846,71957,81306
33847,71955,81309
33848,71962,81314
33849,71965,81316
33850,71968,81324
33851,71975,81332
33852,71977,81342
33853,71970,81346
33854,71977,81362
33855,71974,81365
33856,71986,81372
33857,71980,81374
33858,71984,81383
33859,71984,81396
33860,71979,81390
33861,71995,81400
33862,71987,81406
33863,71992,81414
33864,71993,81417
33865,72003,81431
33866,72009,81432
33867,72014,81433
33868,72017,81452
33869,72022,81460
33870,72028,81455
33871,72034,81471
33872,72044,81491
33873,72047,81501
33874,72051,81513
33875,72059,81530
33876,72066,81543
33877,72071,81549
33878,72069,81552
33879,72077,81557
33880,72081,81566
33881,72077,81557
33882,72061,81534
33883,72029,81465
33884,71971,81364
33885,71906,81265
33886,71858,81143
33887,71821,81041
33888,71785,80968
33889,71756,80897
33890,71747,80867
33891,71734,80831
33892,71735,80839
33893,71737,80849
33894,71747,80860
33895,71757,80886
33896,71765,80914
33897,71792,80943
33898,71804,80974
33899,71808,80980
33900,71816,80995
33901,71815,81000
33902,71821,81005
33903,71813,80997
33904,71808,80998
33905,71809,80995
33906,71809,80992
33907,71813,81013
33908,71830,81032
33909,71841,81065
33910,71849,81093
33911,71856,81106
33912,71860,81120
33913,71865,81134
33914,71868,81129
33915,71860,81140
33916,71873,81135
33917,71853,81130
33918,71859,81123
33919,71850,81126
33920,71848,81118
33921,71850,81116
33922,71851,81111
33923,71849,81123
33924,71856,81124
33925,71854,81140
33926,71869,81163
33927,71878,81176
33928,71882,81199
33929,71893,81214
33930,71893,81235
33931,71900,81252
33932,71912,81262
33933,71914,81272
33934,71913,81293
33935,71813,80997
33936,71922,81312
33937,71926,81319
33938,71932,81329
33939,71948,81349
33940,71938,81346
33941,71941,81363
33942,71958,81371
33943,71953,81372
33944,71954,81381
33945,71958,81402
33946,71955,81396
33947,71962,81407
33948,71963,81425
33949,71969,81423
33950,71969,81428
33951,71964,81437
33952,71980,81440
33953,71972,81451
33954,71972,81457
33955,71976,81463
33956,71984,81470
33957,71982,81477
33958,71986,81492
33959,71994,81496
33960,71998,81514
33961,72005,81522
33962,72013,81549
33963,72019,81560
33964,72028,81571
33965,72032,81581
33966,72036,81590
33967,72038,81605
33968,72046,81611
33969,72047,81627
33970,72053,81625
33971,72044,81615
33972,72028,81575
33973,71970,81492
33974,71913,81378
33975,71850,81249
33976,71808,81135
33977,71758,81042
33978,71719,80956
33979,71702,80891
33980,71682,80850
33981,71673,80836
33982,71678,80834
33983,71681,80840
33984,71699,80850
33985,71704,80871
33986,71719,80897
33987,71731,80924
33988,71732,80951
33989,71743,80965
33990,71752,80974
33991,71753,80966
33992,71744,80963
33993,71734,80956
33994,71731,80954
33995,71734,80957
33996,71730,80966
33997,71725,80967
33998,71746,80984
33999,71760,81014
34000,71775,81035
34001,71786,81058
34002,71792,81076
34003,71798,81094
34004,71806,81099
34005,71791,81123
34006,71794,81122
34007,71800,81130
34008,71805,81121
34009,71791,81124
34010,71796,81109
34011,71804,81114
34012,71803,81117
34013,71800,81121
34014,71801,81133
34015,71798,81145
34016,71807,81148
34017,71813,81164
34018,71816,81182
34019,71824,81193
34020,71831,81206
34021,71838,81230
34022,71843,81250
34023,71858,81251
34024,71858,81280
34025,71865,81286
34026,71873,81309
34027,71870,81318
34028,71876,81338
34029,71879,81339
34030,71887,81348
34031,71883,81366
34032,71878,81363
34033,71885,81381
34034,71893,81383
34035,71901,81400
34036,71898,81399
34037,71914,81406
34038,71901,81415
34039,71914,81424
34040,71912,81434
34041,71917,81453
34042,71919,81449
34043,71927,81462
34044,71916,81463
34045,71929,81466
34046,71935,81473
34047,71930,81490
34048,71942,81498
34049,71943,81499
34050,71942,81509
34051,71949,81524
34052,71954,81529
34053,71960,81546
34054,71959,81548
34055,71978,81565
34056,71979,81581
34057,71979,81585
34058,71989,81605
34059,71995,81619
34060,72001,81628
34061,72008,81649
34062,72005,81659
34063,72020,81659
34064,72014,81657
34065,72007,81640
34066,71974,81606
34067,71929,81515
34068,71867,81388
34069,71802,81268
34070,71743,81144
34071,71697,81048
34072,71652,80962
34073,71631,80903
34074,71611,80867
34075,71606,80838
34076,71609,80845
34077,71613,80848
34078,71624,80862
34079,71647,80895
34080,71655,80920
34081,71664,80946
34082,71679,80966
34083,71690,80981
34084,71693,80988
34085,71686,80978
34086,71690,80985
34087,71682,80973
34088,71671,80957
34089,71684,80966
34090,71682,80961
34091,71692,80978
34092,71691,80994
34093,71698,81018
34094,71710,81042
34095,71725,81071
34096,71730,81079
34097,71742,81106
34098,71746,81106
34099,71747,81125
34100,71754,81137
34101,71746,81133
34102,71753,81123
34103,71743,81117
34104,71742,81114
34105,71741,81120
34106,71732,81118
34107,71745,81123
34108,71741,81126
34109,71745,81138
34110,71743,81152
34111,71758,81158
34112,71759,81178
34113,71769,81193
34114,71777,81225
34115,71785,81229
34116,71786,81245
34117,71797,81263
34118,71797,81275
34119,71801,81282
34120,71803,81301
34121,71807,81312
34122,71813,81326
34123,71812,81342
34124,71815,81342
34125,71822,81353
34126,71829,81356
34127,71818,81368
34128,71830,81375
34129,71825,81385
34130,71838,81399
34131,71833,81405
34132,71837,81416
34133,71841,81428
34134,71849,81434
34135,71844,81447
34136,71853,81449
34137,71851,81454
34138,71851,81459
34139,71862,81467
34140,71861,81481
34141,71855,81487
34142,71866,81497
34143,71870,81506
34144,71871,81506
34145,71881,81520
34146,71894,81525
34147,71887,81542
34148,71889,81548
34149,71895,81554
34150,71909,81576
34151,71916,81584
34152,71912,81597
34153,71919,81613
34154,71927,81627
34155,71939,81634
34156,71943,81651
34157,71952,81661
34158,71947,81666
34159,71948,81657
34160,71940,81644
34161,71908,81588
34162,71852,81496
34163,71786,81373
34164,71734,81255
34165,71675,81138
34166,71629,81048
34167,71595,80975
34168,71575,80909
34169,71566,80888
34170,71562,80859
34171,71558,80865
34172,71569,80874
34173,71585,80898
34174,71591,80915
34175,71606,80946
34176,71617,80972
34177,71625,81000
34178,71634,81008
34179,71634,81006
34180,71635,81008
34181,71635,81003
34182,71627,80990
34183,71627,80993
34184,71631,80995
34185,71629,80997
34186,71630,81013
34187,71649,81036
34188,71655,81058
34189,71668,81075
34190,71670,81097
34191,71679,81123
34192,71673,81120
34193,71685,81129
34194,71682,81141
34195,71688,81137
34196,71688,81141
34197,71679,81136
34198,71683,81121
34199,71677,81119
34200,71674,81118
34201,71672,81127
34202,71674,81137
34203,71668,81132
34204,71680,81157
34205,71680,81159
34206,71690,81176
34207,71692,81193
34208,71712,81210
34209,71707,81230
34210,71714,81248
34211,71719,81253
34212,71722,81272
34213,71730,81279
34214,71733,81299
34215,71736,81302
34216,71748,81324
34217,71742,81328
34218,71745,81333
34219,71744,81335
34220,71750,81357
34221,71756,81361
34222,71762,81367
34223,71761,81384
34224,71763,81394
34225,71771,81396
34226,71766,81395
34227,71764,81404
34228,71777,81418
34229,71770,81417
34230,71775,81430
34231,71778,81442
34232,71782,81449
34233,71783,81451
34234,71785,81465
34235,71787,81472
34236,71793,81482
34237,71806,81495
34238,71805,81510
34239,71815,81530
34240,71820,81544
34241,71828,81548
34242,71831,81567
34243,71834,81566
34244,71835,81573
34245,71833,81575
34246,71828,81567
34247,71809,81530
34248,71772,81456
34249,71714,81353
34250,71663,81244
34251,71611,81151
34252,71569,81059
34253,71535,80983
34254,71515,80932
34255,71497,80896
34256,71499,80881
34257,71496,80874
34258,71507,80883
34259,71521,80909
34260,71524,80938
34261,71542,80961
34262,71561,80997
34263,71563,81014
34264,71576,81049
34265,71585,81053
34266,71587,81067
34267,71590,81062
34268,71578,81055
34269,71580,81053
34270,71592,81062
34271,71591,81082
34272,71604,81099
34273,71615,81111
34274,71612,81137
34275,71628,81136
34276,71625,81150
34277,71619,81161
34278,71630,81164
34279,71629,81158
34280,71617,81161
34281,71617,81154
34282,71625,81140
34283,71617,81143
34284,71614,81139
34285,71607,81129
34286,71610,81137
34287,71616,81150
34288,71621,81159
34289,71629,81161
34290,71629,81183
34291,71629,81201
34292,71635,81215
34293,71649,81219
34294,71658,81243
34295,71663,81259
34296,71676,81275
34297,71675,81284
34298,71679,81301
34299,71689,81304
34300,71687,81302
34301,71683,81321
34302,71680,81331
34303,71695,81344
34304,71696,81346
34305,71695,81353
34306,71693,81365
34307,71693,81373
34308,71700,81370
34309,71708,81379
34310,71702,81379
34311,71700,81392
34312,71706,81399
34313,71707,81396
34314,71718,81400
34315,71714,81419
34316,71719,81424
34317,71729,81445
34318,71726,81442
34319,71735,81454
34320,71735,81457
34321,71747,81468
34322,71747,81472
34323,71753,81483
34324,71749,81490
34325,71755,81489
34326,71755,81505
34327,71754,81494
34328,71741,81466
34329,71696,81397
34330,71651,81309
34331,71589,81205
34332,71541,81094
34333,71507,81001
34334,71468,80924
34335,71451,80869
34336,71432,80830
34337,71427,80807
34338,71424,80799
34339,71428,80806
34340,71443,80825
34341,71449,80851
34342,71470,80864
34343,71479,80888
34344,71489,80919
34345,71484,80932
34346,71495,80938
34347,71499,80939
34348,71492,80947
34349,71491,80935
34350,71494,80932
34351,71491,80930
34352,71497,80947
34353,71508,80958
34354,71517,80967
34355,71530,81004
34356,71532,81017
34357,71543,81041
34358,71546,81047
34359,71543,81059
34360,71544,81057
34361,71532,81057
34362,71537,81052
34363,71529,81045
34364,71533,81047
34365,71538,81040
34366,71531,81040
34367,71529,81036
34368,71529,81048
34369,71534,81043
34370,71544,81059
34371,71554,81073
34372,71553,81084
34373,71563,81102
34374,71565,81121
34375,71574,81139
34376,71582,81151
34377,71589,81172
34378,71593,81179
34379,71591,81185
34380,71598,81195
34381,71594,81204
34382,71606,81204
34383,71607,81209
34384,71607,81216
34385,71616,81213
34386,71607,81234
34387,71616,81234
34388,71613,81239
34389,71609,81241
34390,71616,81261
34391,71624,81261
34392,71619,81267
34393,71617,81265
34394,71616,81272
34395,71626,81285
34396,71635,81285
34397,71632,81296
34398,71633,81311
34399,71643,81322
34400,71644,81323
34401,71653,81332
34402,71648,81347
34403,71655,81354
34404,71658,81365
34405,71655,81371
34406,71659,81372
34407,71667,81375
34408,71665,81368
34409,71654,81350
34410,71630,81306
34411,71593,81225
34412,71535,81119
34413,71482,81021
34414,71439,80914
34415,71400,80838
34416,71380,80769
34417,71368,80720
34418,71367,80694
34419,71354,80692
34420,71358,80688
34421,71372,80699
34422,71378,80712
34423,71386,80730
34424,71388,80744
34425,71410,80757
34426,71411,80772
34427,71405,80766
34428,71406,80768
34429,71404,80751
34430,71403,80746
34431,71390,80735
34432,71394,80744
34433,71400,80753
34434,71409,80754
34435,71419,80785
34436,71433,80803
34437,71446,80843
34438,71459,80864
34439,71459,80889
34440,71474,80898
34441,71480,80907
34442,71481,80912
34443,71483,80911
34444,71478,80906
34445,71471,80908
34446,71470,80909
34447,71469,80907
34448,71476,80909
34449,71473,80911
34450,71478,80910
34451,71487,80920
34452,71482,80925
34453,71497,80930
34454,71489,80950
34455,71503,80957
34456,71499,80968
34457,71501,80974
34458,71517,81001
34459,71515,81013
34460,71521,81021
34461,71529,81026
34462,71543,81035
34463,71530,81044
34464,71534,81051
34465,71543,81060
34466,71548,81061
34467,71557,81075
34468,71559,81093
34469,71568,81102
34470,71560,81103
34471,71562,81104
34472,71566,81122
34473,71572,81118
34474,71566,81143
34475,71574,81137
34476,71574,81139
34477,71572,81144
34478,71582,81148
34479,71588,81157
34480,71589,81167
34481,71591,81172
34482,71591,81179
34483,71603,81195
34484,71604,81203
34485,71610,81221
34486,71620,81230
34487,71623,81258
34488,71624,81253
34489,71638,81272
34490,71638,81280
34491,71649,81286
34492,71643,81279
34493,71636,81280
34494,71641,81284
34495,71638,81267
34496,71619,81230
34497,71575,81170
34498,71529,81071
34499,71484,80963
34500,71450,80871
34501,71412,80769
34502,71388,80706
34503,71375,80661
34504,71365,80636
34505,71369,80616
34506,71378,80610
34507,71383,80637
34508,71388,80640
34509,71393,80655
34510,71412,80673
34511,71419,80685
34512,71421,80696
34513,71414,80690
34514,71422,80692
34515,71411,80691
34516,71410,80672
34517,71418,80676
34518,71419,80668
34519,71417,80666
34520,71426,80677
34521,71431,80706
34522,71446,80739
34523,71462,80759
34524,71473,80795
34525,71482,80798
34526,71493,80827
34527,71499,80837
34528,71504,80833
34529,71499,80843
34530,71494,80840
34531,71498,80838
34532,71493,80826
34533,71488,80835
34534,71489,80832
34535,71492,80836
34536,71494,80844
34537,71495,80850
34538,71506,80852
34539,71505,80869
34540,71518,80879
34541,71528,80898
34542,71522,80914
34543,71533,80924
34544,71542,80936
34545,71542,80950
34546,71545,80956
34547,71555,80967
34548,71564,80986
34549,71564,80989
34550,71574,81000
34551,71579,81006
34552,71576,81006
34553,71568,81023
34554,71578,81019
34555,71578,81034
34556,71579,81045
34557,71594,81050
34558,71588,81063
34559,71603,81076
34560,71607,81085
34561,71614,81099
34562,71619,81104
34563,71617,81113
34564,71614,81115
34565,71619,81122
34566,71621,81126
34567,71624,81129
34568,71624,81143
34569,71637,81152
34570,71637,81152
34571,71641,81162
34572,71640,81162
34573,71647,81182
34574,71649,81189
34575,71661,81191
34576,71655,81203
34577,71668,81213
34578,71668,81229
34579,71678,81244
34580,71671,81258
34581,71690,81265
34582,71696,81268
34583,71685,81286
34584,71700,81294
34585,71709,81304
34586,71706,81312
34587,71711,81313
34588,71716,81317
34589,71704,81323
34590,71707,81310
34591,71696,81294
34592,71676,81245
34593,71638,81171
34594,71577,81077
34595,71532,80970
34596,71488,80867
34597,71459,80794
34598,71439,80725
34599,71417,80683
34600,71409,80649
34601,71430,80642
34602,71433,80646
34603,71437,80659
34604,71448,80676
34605,71467,80702
34606,71463,80711
34607,71463,80730
34608,71475,80735
34609,71471,80740
34610,71472,80740
34611,71474,80733
34612,71471,80728
34613,71466,80704
34614,71472,80717
34615,71471,80721
34616,71474,80731
34617,71477,80756
34618,71500,80793
34619,71521,80818
34620,71529,80840
34621,71529,80872
34622,71534,80879
34623,71549,80888
34624,71548,80888
34625,71547,80889
34626,71535,80887
34627,71544,80879
34628,71530,80876
34629,71532,80883
34630,71529,80869
34631,71533,80878
34632,71539,80887
34633,71544,80898
34634,71555,80904
34635,71550,80915
34636,71545,80937
34637,71560,80950
34638,71571,80969
34639,71574,80978
34640,71582,80992
34641,71589,81000
34642,71590,81010
34643,71590,81030
34644,71601,81033
34645,71601,81045
34646,71607,81058
34647,71615,81059
34648,71609,81065
34649,71623,81077
34650,71620,81087
34651,71623,81085
34652,71624,81093
34653,71637,81112
34654,71633,81120
34655,71631,81123
34656,71642,81134
34657,71638,81131
34658,71640,81139
34659,71640,81151
34660,71651,81165
34661,71642,81168
34662,71643,81166
34663,71643,81170
34664,71654,81181
34665,71644,81193
34666,71649,81200
34667,71648,81207
34668,71659,81213
34669,71666,81226
34670,71665,81234
34671,71673,81243
34672,71679,81261
34673,71678,81270
34674,71693,81280
34675,71689,81300
34676,71695,81311
34677,71701,81323
34678,71706,81336
34679,71703,81337
34680,71708,81346
34681,71708,81358
34682,71708,81354
34683,71716,81376
34684,71714,81361
34685,71721,81360
34686,71692,81314
34687,71659,81251
34688,71618,81164
34689,71568,81063
34690,71524,80977
34691,71489,80900
34692,71464,80833
34693,71450,80780
34694,71446,80762
34695,71447,80754
34696,71455,80757
34697,71465,80781
34698,71476,80797
34699,71483,80823
34700,71501,80849
34701,71508,80865
34702,71517,80877
34703,71511,80885
34704,71517,80897
34705,71515,80885
34706,71517,80890
34707,71517,80883
34708,71514,80889
34709,71529,80905
34710,71540,80931
34711,71547,80954
34712,71556,80974
34713,71576,80994
34714,71579,81016
34715,71573,81022
34716,71578,81026
34717,71574,81024
34718,71579,81015
34719,71574,81014
34720,71568,81010
34721,71567,80996
34722,71565,80996
34723,71564,80993
34724,71567,81003
34725,71566,81010
34726,71574,81013
34727,71581,81022
34728,71582,81035
34729,71584,81053
34730,71595,81071
34731,71598,81085
34732,71599,81091
34733,71610,81109
34734,71616,81127
34735,71619,81145
34736,71623,81147
34737,71637,81162
34738,71624,81175
34739,71635,81183
34740,71644,81191
34741,71643,81201
34742,71642,81214
34743,71646,81211
34744,71648,81223
34745,71651,81226
34746,71652,81242
34747,71660,81245
34748,71655,81245
34749,71656,81259
34750,71661,81266
34751,71672,81284
34752,71667,81279
34753,71674,81285
34754,71670,81295
34755,71669,81295
34756,71670,81305
34757,71674,81315
34758,71676,81320
34759,71683,81336
34760,71681,81342
34761,71693,81344
34762,71700,81359
34763,71705,81376
34764,71709,81385
34765,71715,81404
34766,71715,81410
34767,71718,81423
34768,71721,81433
34769,71721,81439
34770,71731,81446
34771,71729,81455
34772,71726,81452
34773,71720,81451
34774,71706,81419
34775,71672,81353
34776,71627,81267
34777,71580,81168
34778,71541,81085
34779,71509,81007
34780,71474,80936
34781,71451,80885
34782,71440,80849
34783,71443,80837
34784,71448,80842
34785,71456,80860
34786,71467,80881
34787,71475,80889
34788,71490,80919
34789,71501,80952
34790,71510,80956
34791,71512,80980
34792,71515,80976
34793,71518,80979
34794,71516,80982
34795,71509,80980
34796,71516,80982
34797,71521,80993
34798,71523,81002
34799,71540,81021
34800,71543,81039
34801,71559,81063
34802,71559,81075
34803,71569,81096
34804,71563,81106
34805,71577,81111
34806,71568,81125
34807,71569,81115
34808,71556,81103
34809,71555,81095
34810,71558,81095
34811,71553,81087
34812,71558,81082
34813,71548,81089
34814,71555,81102
34815,71568,81109
34816,71565,81121
34817,71577,81145
34818,71582,81156
34819,71591,81174
34820,71596,81190
34821,71603,81200
34822,71617,81220
34823,71619,81235
34824,71630,81250
34825,71629,81247
34826,71631,81262
34827,71638,81275
34828,71641,81285
34829,71648,81286
34830,71645,81288
34831,71644,81304
34832,71661,81315
34833,71659,81320
34834,71655,81333
34835,71658,81336
34836,71667,81344
34837,71671,81358
34838,71675,81368
34839,71675,81370
34840,71673,81374
34841,71669,81382
34842,71679,81386
34843,71680,81396
34844,71686,81411
34845,71694,81419
34846,71694,81429
34847,71692,81440
34848,71695,81449
34849,71706,81467
34850,71708,81484
34851,71717,81488
34852,71725,81517
34853,71729,81527
34854,71727,81531
34855,71728,81543
34856,71735,81545
34857,71741,81558
34858,71746,81566
34859,71733,81549
34860,71716,81516
34861,71687,81444
34862,71633,81349
34863,71578,81243
34864,71533,81141
34865,71492,81039
34866,71464,80964
34867,71441,80913
34868,71429,80874
34869,71436,80870
34870,71432,80868
34871,71441,80881
34872,71453,80894
34873,71463,80916
34874,71482,80940
34875,71490,80971
34876,71496,80981
34877,71492,80985
34878,71495,80987
34879,71489,80974
34880,71495,80982
34881,71492,80971
34882,71490,80965
34883,71495,80964
34884,71497,80979
34885,71508,80993
34886,71521,81019
34887,71530,81034
34888,71548,81070
34889,71558,81095
34890,71563,81109
34891,71571,81124
34892,71567,81133
34893,71573,81141
34894,71568,81139
34895,71572,81137
34896,71567,81133
34897,71565,81123
34898,71558,81119
34899,71568,81127
34900,71563,81127
34901,71564,81133
34902,71572,81140
34903,71574,81156
34904,71590,81168
34905,71588,81181
34906,71602,81203
34907,71609,81207
34908,71612,81235
34909,71624,81242
34910,71620,81265
34911,71639,81274
34912,71643,81289
34913,71638,81307
34914,71647,81310
34915,71650,81317
34916,71653,81334
34917,71664,81350
34918,71664,81349
34919,71662,81369
34920,71655,81380
34921,71667,81392
34922,71673,81392
34923,71676,81403
34924,71676,81413
34925,71687,81421
34926,71692,81434
34927,71687,81437
34928,71699,81450
34929,71702,81458
34930,71705,81467
34931,71713,81468
34932,71714,81487
34933,71709,81494
34934,71706,81492
34935,71715,81510
34936,71723,81514
34937,71726,81520
34938,71726,81536
34939,71722,81542
34940,71745,81551
34941,71739,81563
34942,71757,81578
34943,71750,81605
34944,71766,81613
34945,71768,81633
34946,71784,81641
34947,71778,81645
34948,71781,81662
34949,71788,81672
34950,71786,81686
34951,71793,81701
34952,71788,81695
34953,71780,81672
34954,71762,81632
34955,71707,81547
34956,71655,81427
34957,71590,81311
34958,71533,81208
34959,71497,81107
34960,71472,81043
34961,71438,80988
34962,71434,80957
34963,71432,80936
34964,71430,80939
34965,71440,80943
34966,71441,80969
34967,71461,80990
34968,71470,81011
34969,71468,81028
34970,71484,81040
34971,71485,81047
34972,71488,81046
34973,71484,81043
34974,71481,81046
34975,71474,81041
34976,71485,81024
34977,71480,81025
34978,71485,81031
34979,71494,81045
34980,71514,81066
34981,71522,81100
34982,71539,81135
34983,71547,81153
34984,71555,81171
34985,71566,81185
34986,71565,81201
34987,71575,81205
34988,71573,81221
34989,71574,81208
34990,71569,81212
34991,71577,81207
34992,71569,81212
34993,71569,81202
34994,71578,81215
34995,71579,81219
34996,71578,81220
34997,71577,81222
34998,71587,81249
34999,71591,81261
35000,71603,81272
35001,71619,81289
35002,71611,81305
35003,71625,81324
35004,71631,81351
35005,71642,81371
35006,71648,81378
35007,71656,81386
35008,71649,81397
35009,71664,81408
35010,71659,81418
35011,71672,81437
35012,71671,81438
35013,71682,81457
35014,71679,81463
35015,71678,81464
35016,71682,81475
35017,71680,81493
35018,71694,81492
35019,71692,81505
35020,71696,81517
35021,71693,81514
35022,71701,81524
35023,71704,81541
35024,71702,81555
35025,71702,81555
35026,71713,81562
35027,71718,81577
35028,71725,81587
35029,71725,81605
35030,71736,81604
35031,71735,81622
35032,71740,81629
35033,71742,81639
35034,71742,81644
35035,71746,81659
35036,71750,81670
35037,71642,81371
35038,71766,81697
35039,71770,81699
35040,71770,81722
35041,71785,81732
35042,71786,81742
35043,71783,81763
35044,71797,81774
35045,71795,81785
35046,71804,81793
35047,71813,81815
35048,71822,81825
35049,71818,81821
35050,71821,81821
35051,71802,81791
35052,71762,81720
35053,71699,81611
35054,71651,81495
35055,71585,81366
35056,71521,81279
35057,71485,81190
35058,71462,81116
35059,71448,81075
35060,71440,81047
35061,71448,81040
35062,71442,81043
35063,71460,81054
35064,71475,81068
35065,71478,81098
35066,71488,81116
35067,71495,81140
35068,71503,81151
35069,71504,81149
35070,71507,81149
35071,71498,81142
35072,71498,81138
35073,71491,81135
35074,71493,81135
35075,71486,81128
35076,71501,81151
35077,71508,81174
35078,71520,81191
35079,71542,81220
35080,71551,81236
35081,71553,81265
35082,71559,81286
35083,71577,81301
35084,71565,81313
35085,71574,81313
35086,71578,81318
35087,71580,81298
35088,71570,81305
35089,71569,81301
35090,71569,81295
35091,71569,81289
35092,71567,81293
35093,71569,81300
35094,71578,81305
35095,71578,81316
35096,71588,81330
35097,71596,81345
35098,71599,81369
35099,71618,81383
35100,71622,81398
35101,71628,81410
35102,71623,81428
35103,71633,81438
35104,71640,81454
35105,71642,81463
35106,71642,81484
35107,71649,81483
35108,71651,81495
35109,71657,81503
35110,71668,81509
35111,71668,81509
35112,71670,81527
35113,71670,81529
35114,71670,81546
35115,71672,81549
35116,71681,81554
35117,71683,81569
35118,71682,81576
35119,71694,81589
35120,71691,81579
35121,71691,81585
35122,71699,81603
35123,71705,81610
35124,71700,81623
35125,71699,81630
35126,71703,81632
35127,71707,81642
35128,71712,81651
35129,71716,81662
35130,71716,81680
35131,71724,81701
35132,71735,81710
35133,71743,81714
35134,71742,81726
35135,71748,81734
35136,71755,81752
35137,71760,81768
35138,71760,81768
35139,71769,81766
35140,71769,81782
35141,71761,81769
35142,71737,81727
35143,71693,81642
35144,71635,81532
35145,71569,81430
35146,71521,81318
35147,71484,81231
35148,71453,81149
35149,71428,81102
35150,71414,81067
35151,71413,81050
35152,71423,81054
35153,71428,81062
35154,71437,81077
35155,71449,81109
35156,71455,81129
35157,71470,81138
35158,71479,81160
35159,71487,81178
35160,71480,81169
35161,71485,81174
35162,71479,81167
35163,71481,81165
35164,71475,81154
