n,red,ir
22881,69303,82394
22882,69315,82408
22883,69330,82422
22884,69332,82431
22885,69342,82453
22886,69343,82463
22887,69353,82477
22888,69366,82493
22889,69379,82507
22890,69378,82532
22891,69389,82540
22892,69399,82564
22893,69410,82583
22894,69418,82604
22895,69404,82606
22896,69414,82615
22897,69401,82587
22898,69352,82516
22899,69289,82411
22900,69221,82250
22901,69124,82103
22902,69051,81954
22903,69002,81824
22904,68948,81708
22905,68916,81625
22906,68899,81572
22907,68893,81538
22908,68892,81529
22909,68896,81545
22910,68921,81563
22911,68940,81601
22912,68953,81642
22913,68969,81679
22914,68994,81712
22915,69003,81735
22916,69012,81773
22917,69016,81784
22918,69013,81790
22919,69029,81810
22920,69037,81827
22921,69047,81849
22922,69062,81881
22923,69079,81907
22924,69088,81933
22925,69101,81954
22926,69106,81969
22927,69126,81983
22928,69129,81995
22929,69129,81992
22930,69126,81994
22931,69128,81979
22932,69124,81989
22933,69126,81972
22934,69122,81972
22935,69119,81965
22936,69112,81966
22937,69122,81960
22938,69126,81985
22939,69132,81981
22940,69134,82008
22941,69151,82028
22942,69165,82048
22943,69182,82072
22944,69192,82092
22945,69199,82112
22946,69211,82140
22947,69221,82164
22948,69231,82176
22949,69236,82199
22950,69255,82226
22951,69263,82233
22952,69259,82256
22953,69274,82268
22954,69278,82277
22955,69281,82305
22956,69288,82318
22957,69292,82326
22958,69304,82329
22959,69308,82349
22960,69309,82351
22961,69310,82370
22962,69316,82382
22963,69317,82386
22964,69317,82397
22965,69316,82396
22966,69327,82404
22967,69328,82422
22968,69328,82434
22969,69342,82442
22970,69350,82448
22971,69348,82470
22972,69358,82483
22973,69359,82491
22974,69372,82510
22975,69380,82525
22976,69395,82549
22977,69402,82566
22978,69409,82591
22979,69422,82599
22980,69428,82621
22981,69438,82629
22982,69438,82637
22983,69433,82624
22984,69405,82584
22985,69350,82481
22986,69262,82338
22987,69176,82170
22988,69097,82003
22989,69012,81842
22990,68964,81722
22991,68916,81609
22992,68884,81535
22993,68875,81500
22994,68877,81468
22995,68880,81466
22996,68889,81480
22997,68909,81521
22998,68934,81540
22999,68947,81581
23000,68963,81612
23001,68974,81645
23002,68993,81661
23003,68994,81669
23004,68992,81674
23005,68993,81672
23006,68993,81673
23007,68999,81677
23008,69008,81689
23009,69015,81710
23010,69034,81743
23011,69054,81779
23012,69069,81814
23013,69085,81834
23014,69089,81863
23015,69103,81879
23016,69119,81898
23017,69119,81906
23018,69116,81912
23019,69108,81911
23020,69117,81908
23021,69114,81901
23022,69109,81902
23023,69110,81894
23024,69106,81898
23025,69104,81906
23026,69112,81907
23027,69113,81926
23028,69123,81943
23029,69135,81963
23030,69146,81980
23031,69162,82000
23032,69175,82028
23033,69184,82053
23034,69197,82076
23035,69211,82105
23036,69218,82127
23037,69239,82146
23038,69241,82171
23039,69254,82186
23040,69257,82206
23041,69267,82227
23042,69269,82232
23043,69283,82256
23044,69285,82265
23045,69289,82275
23046,69291,82291
23047,69302,82304
23048,69310,82324
23049,69305,82334
23050,69317,82346
23051,69316,82356
23052,69319,82374
23053,69322,82387
23054,69331,82391
23055,69340,82395
23056,69332,82407
23057,69342,82414
23058,69338,82427
23059,69347,82446
23060,69363,82462
23061,69364,82474
23062,69367,82486
23063,69380,82506
23064,69397,82520
23065,69397,82544
23066,69406,82550
23067,69418,82568
23068,69436,82597
23069,69436,82618
23070,69453,82633
23071,69454,82661
23072,69463,82676
23073,69472,82690
23074,69481,82701
23075,69467,82688
23076,69437,82647
23077,69372,82542
23078,69287,82394
23079,69204,82231
23080,69128,82067
23081,69049,81927
23082,68999,81802
23083,68955,81702
23084,68929,81637
23085,68928,81589
23086,68927,81584
23087,68928,81587
23088,68948,81608
23089,68979,81651
23090,68995,81689
23091,69016,81738
23092,69041,81781
23093,69063,81812
23094,69063,81842
23095,69085,81870
23096,69081,81896
23097,69089,81897
23098,69097,81907
23099,69100,81919
23100,69112,81935
23101,69125,81960
23102,69141,81987
23103,69142,82004
23104,69154,82023
23105,69146,82029
23106,69153,82028
23107,69158,82022
23108,69150,82029
23109,69156,82035
23110,69158,82035
23111,69149,82019
23112,69154,82018
23113,69147,82005
23114,69141,82017
23115,69145,82015
23116,69162,82023
23117,69164,82025
23118,69167,82042
23119,69175,82053
23120,69186,82082
23121,69195,82094
23122,69204,82121
23123,69224,82140
23124,69229,82169
23125,69247,82202
23126,69255,82223
23127,69269,82247
23128,69276,82274
23129,69290,82290
23130,69299,82320
23131,69301,82330
23132,69305,82346
23133,69317,82378
23134,69310,82389
23135,69315,82404
23136,69322,82410
23137,69325,82422
23138,69333,82434
23139,69340,82434
23140,69331,82443
23141,69336,82445
23142,69346,82462
23143,69353,82465
23144,69347,82473
23145,69359,82493
23146,69358,82509
23147,69366,82518
23148,69373,82533
23149,69380,82543
23150,69399,82568
23151,69395,82579
23152,69407,82592
23153,69413,82604
23154,69420,82620
23155,69423,82623
23156,69425,82641
23157,69420,82643
23158,69419,82626
23159,69395,82591
23160,69342,82503
23161,69263,82367
23162,69175,82206
23163,69100,82045
23164,69024,81897
23165,68976,81765
23166,68930,81668
23167,68903,81595
23168,68882,81550
23169,68874,81536
23170,68881,81533
23171,68901,81548
23172,68913,81588
23173,68942,81617
23174,68968,81675
23175,68975,81708
23176,69000,81751
23177,69015,81781
23178,69024,81807
23179,69037,81829
23180,69044,81848
23181,69042,81859
23182,69055,81876
23183,69059,81892
23184,69070,81915
23185,69090,81935
23186,69101,81953
23187,69109,81964
23188,69102,81967
23189,69099,81971
23190,69110,81956
23191,69111,81958
23192,69095,81943
23193,69095,81944
23194,69095,81935
23195,69078,81930
23196,69089,81925
23197,69087,81919
23198,69097,81931
23199,69088,81938
23200,69104,81945
23201,69112,81962
23202,69124,81975
23203,69137,82003
23204,69142,82020
23205,69151,82040
23206,69166,82072
23207,69182,82104
23208,69188,82117
23209,69200,82148
23210,69212,82177
23211,69222,82190
23212,69231,82203
23213,69234,82220
23214,69237,82248
23215,69251,82260
23216,69257,82274
23217,69260,82286
23218,69266,82287
23219,69263,82296
23220,69263,82304
23221,69275,82307
23222,69267,82317
23223,69289,82330
23224,69282,82337
23225,69282,82353
23226,69297,82355
23227,69300,82376
23228,69308,82394
23229,69317,82407
23230,69311,82423
23231,69318,82441
23232,69344,82449
23233,69349,82465
23234,69357,82485
23235,69350,82500
23236,69355,82502
23237,69358,82491
23238,69336,82461
23239,69284,82387
23240,69215,82249
23241,69128,82088
23242,69049,81936
23243,68974,81785
23244,68924,81649
23245,68881,81537
23246,68845,81457
23247,68834,81404
23248,68821,81377
23249,68823,81377
23250,68821,81382
23251,68851,81408
23252,68859,81439
23253,68871,81465
23254,68881,81485
23255,68897,81516
23256,68908,81542
23257,68911,81538
23258,68906,81547
23259,68903,81543
23260,68903,81540
23261,68906,81540
23262,68912,81552
23263,68922,81562
23264,68942,81591
23265,68947,81621
23266,68967,81651
23267,68981,81680
23268,68998,81704
23269,69007,81725
23270,69009,81738
23271,69015,81747
23272,69025,81759
23273,69016,81751
23274,69021,81751
23275,69015,81756
23276,69020,81748
23277,69008,81740
23278,69014,81740
23279,69020,81748
23280,69020,81754
23281,69031,81772
23282,69035,81788
23283,69042,81801
23284,69061,81824
23285,69064,81850
23286,69072,81880
23287,69090,81901
23288,69098,81927
23289,69112,81949
23290,69125,81973
23291,69143,81996
23292,69142,82011
23293,69154,82036
23294,69156,82046
23295,69167,82062
23296,69176,82078
23297,69182,82092
23298,69189,82114
23299,69199,82126
23300,69189,82129
23301,69203,82146
23302,69203,82156
23303,69202,82155
23304,69214,82167
23305,69225,82177
23306,69222,82183
23307,69230,82209
23308,69233,82216
23309,69235,82234
23310,69243,82240
23311,69250,82263
23312,69259,82277
23313,69273,82291
23314,69273,82303
23315,69288,82320
23316,69283,82343
23317,69308,82363
23318,69313,82383
23319,69317,82404
23320,69323,82409
23321,69323,82422
23322,69322,82403
23323,69293,82374
23324,69252,82291
23325,69163,82149
23326,69074,81996
23327,69003,81837
23328,68929,81684
23329,68886,81556
23330,68834,81449
23331,68804,81382
23332,68794,81329
23333,68789,81295
23334,68788,81307
23335,68800,81319
23336,68817,81340
23337,68827,81365
23338,68842,81385
23339,68853,81410
23340,68867,81428
23341,68879,81442
23342,68876,81453
23343,68873,81455
23344,68869,81450
23345,68877,81445
23346,68878,81452
23347,68888,81477
23348,68893,81485
23349,68916,81518
23350,68931,81550
23351,68949,81587
23352,68975,81614
23353,68983,81649
23354,69001,81671
23355,69008,81692
23356,69009,81711
23357,69012,81714
23358,69007,81716
23359,69010,81719
23360,69010,81718
23361,69009,81711
23362,69015,81714
23363,69003,81705
23364,69016,81720
23365,69018,81723
23366,69025,81749
23367,69033,81759
23368,69047,81778
23369,69050,81802
23370,69069,81829
23371,69079,81853
23372,69090,81878
23373,69099,81903
23374,69115,81921
23375,69125,81950
23376,69127,81976
23377,69136,81986
23378,69152,82011
23379,69152,82028
23380,69170,82050
23381,69174,82069
23382,69190,82095
23383,69193,82105
23384,69183,82125
23385,69197,82131
23386,69207,82152
23387,69210,82164
23388,69226,82166
23389,69226,82182
23390,69238,82199
23391,69236,82210
23392,69243,82225
23393,69251,82234
23394,69251,82241
23395,69251,82260
23396,69257,82262
23397,69269,82279
23398,69280,82301
23399,69278,82312
23400,69287,82329
23401,69294,82338
23402,69303,82352
23403,69309,82379
23404,69330,82399
23405,69336,82425
23406,69341,82441
23407,69359,82454
23408,69353,82485
23409,69370,82505
23410,69380,82521
23411,69385,82529
23412,69391,82556
23413,69389,82556
23414,69363,82534
23415,69329,82464
23416,69254,82364
23417,69177,82209
23418,69099,82063
23419,69033,81932
23420,68970,81798
23421,68920,81700
23422,68894,81621
23423,68879,81570
23424,68871,81550
23425,68874,81548
23426,68890,81560
23427,68904,81582
23428,68929,81617
23429,68947,81647
23430,68963,81685
23431,68976,81704
23432,68988,81742
23433,68997,81744
23434,68985,81763
23435,68995,81763
23436,69001,81768
23437,69009,81777
23438,69013,81797
23439,69026,81824
23440,69039,81844
23441,69044,81861
23442,69066,81893
23443,69071,81912
23444,69073,81919
23445,69077,81937
23446,69078,81942
23447,69079,81938
23448,69084,81933
23449,69078,81935
23450,69075,81934
23451,69072,81936
23452,69057,81932
23453,69074,81935
23454,69075,81936
23455,69076,81943
23456,69079,81951
23457,69096,81967
23458,69095,81991
23459,69109,82004
23460,69123,82033
23461,69129,82059
23462,69144,82080
23463,69156,82104
23464,69169,82128
23465,69177,82151
23466,69182,82172
23467,69207,82195
23468,69201,82220
23469,69214,82243
23470,69223,82251
23471,69223,82274
23472,69238,82294
23473,69236,82298
23474,69244,82301
23475,69248,82313
23476,69258,82339
23477,69251,82345
23478,69263,82360
23479,69257,82369
23480,69253,82374
23481,69266,82385
23482,69262,82389
23483,69270,82397
23484,69273,82419
23485,69283,82433
23486,69293,82437
23487,69297,82450
23488,69301,82481
23489,69312,82489
23490,69328,82508
23491,69316,82536
23492,69332,82546
23493,69340,82560
23494,69345,82584
23495,69341,82593
23496,69349,82605
23497,69353,82619
23498,69354,82624
23499,69338,82602
23500,69297,82542
23501,69233,82447
23502,69165,82318
23503,69091,82196
23504,69041,82076
23505,68979,81969
23506,68937,81867
23507,68909,81799
23508,68897,81762
23509,68896,81747
23510,68892,81738
23511,68909,81745
23512,68924,81772
23513,68948,81808
23514,68967,81836
23515,68981,81870
23516,68998,81894
23517,69013,81928
23518,69019,81953
23519,69025,81966
23520,69038,81962
23521,69035,81986
23522,69051,81993
23523,69054,82020
23524,69064,82048
23525,69080,82063
23526,69091,82080
23527,69087,82100
23528,69094,82104
23529,69090,82112
23530,69085,82109
23531,69080,82095
23532,69079,82097
23533,69072,82089
23534,69070,82084
23535,69060,82085
23536,69066,82082
23537,69057,82068
23538,69073,82083
23539,69074,82092
23540,69078,82102
23541,69077,82109
23542,69093,82133
23543,69103,82154
23544,69110,82160
23545,69120,82193
23546,69127,82214
23547,69151,82240
23548,69148,82261
23549,69169,82269
23550,69179,82301
23551,69188,82323
23552,69201,82342
23553,69198,82354
23554,69203,82367
23555,69215,82382
23556,69213,82394
23557,69220,82398
23558,69226,82416
23559,69226,82425
23560,69234,82429
23561,69226,82444
23562,69235,82450
23563,69232,82457
23564,69240,82466
23565,69236,82480
23566,69237,82502
23567,69249,82518
23568,69262,82521
23569,69269,82534
23570,69267,82544
23571,69274,82569
23572,69285,82584
23573,69290,82597
23574,69295,82617
23575,69293,82610
23576,69294,82628
23577,69294,82631
23578,69288,82630
23579,69257,82582
23580,69211,82510
23581,69151,82400
23582,69083,82282
23583,69003,82152
23584,68943,82031
23585,68898,81916
23586,68858,81829
23587,68830,81772
23588,68814,81717
23589,68802,81695
23590,68816,81687
23591,68825,81700
23592,68840,81720
23593,68855,81750
23594,68868,81765
23595,68882,81790
23596,68900,81820
23597,68913,81836
23598,68912,81854
23599,68909,81867
23600,68920,81863
23601,68915,81858
23602,68920,81871
23603,68924,81888
23604,68933,81905
23605,68959,81926
23606,68964,81943
23607,68969,81958
23608,68975,81983
23609,68988,81996
23610,68994,82008
23611,68993,82005
23612,68986,82026
23613,68984,82007
23614,68973,82015
23615,68972,82004
23616,68975,82000
23617,68966,81999
23618,68965,81988
23619,68966,82002
23620,68966,82020
23621,68972,82029
23622,68989,82040
23623,69003,82056
23624,69013,82072
23625,69007,82096
23626,69027,82112
23627,69040,82142
23628,69045,82163
23629,69057,82178
23630,69063,82209
23631,69072,82222
23632,69084,82254
23633,69098,82268
23634,69097,82284
23635,69108,82304
23636,69111,82323
23637,69122,82335
23638,69135,82351
23639,69138,82355
23640,69138,82374
23641,69146,82378
23642,69141,82386
23643,69147,82391
23644,69157,82402
23645,69161,82415
23646,69156,82423
23647,69167,82437
23648,69165,82441
23649,69177,82465
23650,69183,82473
23651,69188,82491
23652,69187,82513
23653,69202,82525
23654,69205,82537
23655,69207,82552
23656,69217,82565
23657,69230,82573
23658,69235,82581
23659,69233,82595
23660,69238,82605
23661,69216,82583
23662,69176,82513
23663,69106,82412
23664,69026,82273
23665,68950,82136
23666,68882,81991
23667,68823,81861
23668,68773,81752
23669,68743,81663
23670,68715,81604
23671,68713,81564
23672,68711,81553
23673,68715,81549
23674,68726,81567
23675,68745,81581
23676,68753,81617
23677,68769,81626
23678,68785,81651
23679,68787,81674
23680,68787,81672
23681,68786,81672
23682,68791,81669
23683,68779,81661
23684,69187,82513
23685,69202,82525
23686,68799,81675
23687,68795,81701
23688,68821,81725
23689,68827,81743
23690,68835,81782
23691,68857,81804
23692,68868,81828
23693,68871,81847
23694,68871,81861
23695,68875,81865
23696,68885,81876
23697,68891,81862
23698,68873,81862
23699,68878,81866
23700,68872,81858
23701,68870,81853
23702,68873,81859
23703,68872,81872
23704,68878,81876
23705,68887,81888
23706,68891,81911
23707,68897,81933
23708,68916,81949
23709,68927,81974
23710,68941,81993
23711,68956,82026
23712,68960,82040
23713,68968,82068
23714,68974,82084
23715,68983,82097
23716,68993,82118
23717,69000,82139
23718,69010,82152
23719,69010,82178
23720,69019,82188
23721,69020,82209
23722,69040,82213
23723,69047,82238
23724,69047,82236
23725,69055,82264
23726,69057,82263
23727,69055,82276
23728,69064,82279
23729,69062,82292
23730,69072,82305
23731,69080,82308
23732,69075,82315
23733,69087,82334
23734,69093,82331
23735,69089,82346
23736,69091,82356
23737,69096,82363
23738,69099,82371
23739,69102,82397
23740,69111,82403
23741,69118,82423
23742,69125,82433
23743,69142,82454
23744,69150,82474
23745,69160,82503
23746,69172,82519
23747,69192,82537
23748,69194,82561
23749,69204,82581
23750,69210,82596
23751,69216,82610
23752,69213,82601
23753,69175,82557
23754,69106,82454
23755,69041,82319
23756,68934,82156
23757,68863,82001
23758,68777,81858
23759,68722,81724
23760,68676,81618
23761,68642,81532
23762,68624,81485
23763,68626,81462
23764,68633,81455
23765,68647,81471
23766,68655,81494
23767,68677,81523
23768,68692,81545
23769,68699,81578
23770,68719,81600
23771,68723,81621
23772,68725,81619
23773,68719,81623
23774,68716,81621
23775,68712,81618
23776,68712,81624
23777,68720,81630
23778,68723,81643
23779,68731,81667
23780,68743,81694
23781,68758,81714
23782,68763,81742
23783,68780,81770
23784,68799,81788
23785,68792,81807
23786,68794,81824
23787,68803,81824
23788,68808,81826
23789,68811,81828
23790,68813,81826
23791,68809,81827
23792,68806,81819
23793,68815,81814
23794,68810,81825
23795,68809,81821
23796,68819,81840
23797,68828,81855
23798,68845,81870
23799,68848,81884
23800,68865,81912
23801,68881,81934
23802,68886,81957
23803,68909,81984
23804,68920,82008
23805,68928,82037
23806,68947,82052
23807,68954,82073
23808,68961,82103
23809,68966,82117
23810,68977,82136
23811,68989,82147
23812,68984,82173
23813,68988,82186
23814,68997,82197
23815,69012,82219
23816,69008,82236
23817,69022,82247
23818,69019,82261
23819,69024,82266
23820,69035,82278
23821,69038,82287
23822,69045,82299
23823,69040,82317
23824,69051,82330
23825,69057,82345
23826,69073,82353
23827,69077,82372
23828,69079,82375
23829,69098,82402
23830,69096,82404
23831,69101,82419
23832,69117,82421
23833,69117,82448
23834,69116,82450
23835,69117,82456
23836,69141,82460
23837,69131,82484
23838,69147,82488
23839,69154,82496
23840,69158,82518
23841,69166,82536
23842,69171,82542
23843,69188,82556
23844,69188,82577
23845,69205,82600
23846,69214,82623
23847,69215,82644
23848,69225,82652
23849,69241,82681
23850,69256,82699
23851,69265,82722
23852,69287,82742
23853,69282,82754
23854,69282,82753
23855,69272,82735
23856,69216,82686
23857,69152,82571
23858,69044,82426
23859,68949,82254
23860,68859,82085
23861,68785,81932
23862,68712,81797
23863,68675,81706
23864,68643,81620
23865,68624,81579
23866,68636,81560
23867,68640,81562
23868,68663,81582
23869,68682,81617
23870,68715,81658
23871,68746,81700
23872,68768,81750
23873,68790,81796
23874,68802,81825
23875,68821,81842
23876,68828,81857
23877,68838,81874
23878,68842,81889
23879,68850,81895
23880,68861,81907
23881,68878,81941
23882,68883,81946
23883,68888,81965
23884,68894,81972
23885,68890,81975
23886,68899,81981
23887,68905,81983
23888,68894,81975
23889,68895,81973
23890,68894,81964
23891,68884,81965
23892,68874,81963
23893,68875,81951
23894,68881,81948
23895,68881,81948
23896,68887,81963
23897,68894,81963
23898,68893,81985
23899,68910,82001
23900,68916,82003
23901,68929,82028
23902,68937,82052
23903,68958,82075
23904,68974,82102
23905,68982,82126
23906,68995,82150
23907,69005,82173
23908,69011,82208
23909,69031,82220
23910,69042,82250
23911,69058,82268
23912,69062,82298
23913,69067,82299
23914,69080,82318
23915,69083,82326
23916,69086,82353
23917,69105,82353
23918,69102,82379
23919,69116,82377
23920,69119,82384
23921,69113,82397
23922,69118,82414
23923,69128,82414
23924,69134,82424
23925,69131,82424
23926,69133,82430
23927,69126,82427
23928,69142,82444
23929,69141,82455
23930,69147,82453
23931,68910,82001
23932,68916,82003
23933,69156,82494
23934,69164,82503
23935,69176,82524
23936,69190,82534
23937,69190,82561
23938,69203,82577
23939,69205,82597
23940,69215,82605
23941,69233,82634
23942,69238,82653
23943,69243,82669
23944,69254,82682
23945,69255,82674
23946,69220,82644
23947,69169,82563
23948,69089,82438
23949,69006,82294
23950,68920,82141
23951,68841,81995
23952,68785,81862
23953,68731,81751
23954,68695,81673
23955,68674,81600
23956,68670,81571
23957,68666,81551
23958,68678,81572
23959,68698,81600
23960,68723,81630
23961,68751,81678
23962,68775,81728
23963,68798,81777
23964,68821,81812
23965,68841,81862
23966,68857,81892
23967,68879,81916
23968,68892,81940
23969,68898,81960
23970,68912,81985
23971,68911,82002
23972,68922,82025
23973,68920,82032
23974,68924,82042
23975,68925,82037
23976,68916,82039
23977,68917,82031
23978,68906,82021
23979,68894,82000
23980,68892,81991
23981,68881,81980
23982,68879,81975
23983,68872,81968
23984,68876,81960
23985,68874,81967
23986,68880,81981
23987,68883,81982
23988,68896,81994
23989,68907,82005
23990,68914,82036
23991,68924,82053
23992,68939,82085
23993,68950,82102
23994,68970,82133
23995,68983,82164
23996,68993,82174
23997,69009,82212
23998,69016,82228
23999,69033,82245
24000,69043,82271
24001,69055,82289
24002,69064,82313
24003,69079,82329
24004,69084,82337
24005,69084,82358
24006,69091,82363
24007,69096,82380
24008,69101,82374
24009,69104,82383
24010,69106,82395
24011,69105,82403
24012,69109,82412
24013,69124,82421
24014,69120,82435
24015,69130,82448
24016,69137,82461
24017,69145,82469
24018,69154,82489
24019,69168,82514
24020,69169,82524
24021,69180,82532
24022,69180,82556
24023,69183,82559
24024,69180,82558
24025,69165,82545
24026,69138,82492
24027,69060,82388
24028,68978,82244
24029,68892,82075
24030,68804,81922
24031,68745,81790
24032,68685,81653
24033,68642,81554
24034,68623,81479
24035,68618,81435
24036,68613,81417
24037,68630,81404
24038,68629,81429
24039,68662,81466
24040,68686,81501
24041,68712,81539
24042,68726,81566
24043,68751,81621
24044,68759,81649
24045,68783,81687
24046,68793,81693
24047,68790,81704
24048,68799,81710
24049,68807,81726
24050,68815,81739
24051,68828,81758
24052,68842,81781
24053,68851,81804
24054,68857,81814
24055,68860,81826
24056,68870,81827
24057,68867,81841
24058,68871,81841
24059,68867,81847
24060,68867,81829
24061,68859,81838
24062,68846,81836
24063,68852,81826
24064,68844,81818
24065,68834,81816
24066,68847,81824
24067,68851,81829
24068,68861,81829
24069,68870,81856
24070,68889,81874
24071,68892,81901
24072,68905,81934
24073,68923,81954
24074,68946,81984
24075,68957,82001
24076,68975,82029
24077,68996,82060
24078,69002,82079
24079,69011,82098
24080,69025,82114
24081,69040,82123
24082,69044,82152
24083,69057,82167
24084,69062,82175
24085,69063,82185
24086,69076,82198
24087,69072,82212
24088,69063,82219
24089,69069,82210
24090,69075,82222
24091,69074,82238
24092,69078,82249
24093,69070,82249
24094,69073,82267
24095,69080,82277
24096,69082,82282
24097,69087,82297
24098,69092,82310
24099,69095,82329
24100,69101,82355
24101,69117,82375
24102,69133,82405
24103,69131,82423
24104,69148,82440
24105,69151,82460
24106,69166,82470
24107,69165,82485
24108,69150,82474
24109,69122,82415
24110,69056,82302
24111,68966,82151
24112,68875,81971
24113,68792,81809
24114,68728,81657
24115,68665,81520
24116,68618,81415
24117,68603,81337
24118,68574,81291
24119,68581,81266
24120,68584,81271
24121,68588,81287
24122,68624,81328
24123,68641,81366
24124,68654,81394
24125,68676,81441
24126,68696,81463
24127,68709,81478
24128,68710,81498
24129,68704,81509
24130,68706,81515
24131,68705,81516
24132,68706,81514
24133,68717,81539
24134,68731,81554
24135,68736,81580
24136,68765,81608
24137,68772,81633
24138,68784,81650
24139,68792,81665
24140,68807,81687
24141,68809,81704
24142,68815,81698
24143,68821,81711
24144,68825,81708
24145,68816,81696
24146,68823,81701
24147,68819,81703
24148,68821,81706
24149,68819,81702
24150,68818,81695
24151,68822,81712
24152,68838,81719
24153,68848,81718
24154,68861,81746
24155,68870,81763
24156,68889,81777
24157,68901,81815
24158,68918,81855
24159,68934,81868
24160,68945,81892
24161,68963,81917
24162,68974,81937
24163,68983,81962
24164,68996,81976
24165,69007,81996
24166,68731,81554
24167,69010,82031
24168,69022,82034
24169,69032,82054
24170,69035,82067
24171,69041,82072
24172,69046,82088
24173,69048,82086
24174,69049,82106
24175,69052,82122
24176,69058,82126
24177,69073,82138
24178,69076,82151
24179,69072,82159
24180,69086,82173
24181,69087,82181
24182,69090,82178
24183,69098,82195
24184,69107,82208
24185,69102,82225
24186,69121,82235
24187,69121,82253
24188,69138,82267
24189,69147,82294
24190,69158,82309
24191,69169,82344
24192,69175,82352
24193,69189,82360
24194,69198,82386
24195,69196,82392
24196,69197,82389
24197,69154,82347
24198,69104,82269
24199,69023,82129
24200,68939,81963
24201,68848,81780
24202,68762,81631
24203,68712,81492
24204,68656,81373
24205,68632,81295
24206,68620,81242
24207,68623,81218
24208,68625,81225
24209,68639,81238
24210,68659,81270
24211,68682,81310
24212,68704,81344
24213,68728,81381
24214,68742,81408
24215,68756,81438
24216,68754,81445
24217,68762,81449
24218,68765,81450
24219,68763,81448
24220,68753,81449
24221,68770,81457
24222,68780,81477
24223,68775,81488
24224,68798,81527
24225,68814,81557
24226,68826,81585
24227,68839,81614
24228,68861,81632
24229,68874,81651
24230,68876,81660
24231,68877,81666
24232,68881,81669
24233,68879,81665
24234,68884,81662
24235,68883,81667
24236,68887,81654
24237,68883,81664
24238,68884,81664
24239,68896,81670
24240,68896,81688
24241,68904,81693
24242,68905,81710
24243,68925,81737
24244,68932,81760
24245,68950,81784
24246,68963,81811
24247,68972,81841
24248,68989,81864
24249,68993,81885
24250,69009,81908
24251,69028,81929
24252,69034,81959
24253,69049,81970
24254,69047,81991
24255,69048,82003
24256,69067,82015
24257,69062,82027
24258,69067,82036
24259,69079,82045
24260,69091,82068
24261,69097,82080
24262,69092,82089
24263,69104,82101
24264,69116,82115
24265,69126,82134
24266,69129,82146
24267,69134,82150
24268,69140,82160
24269,69136,82166
24270,69147,82173
24271,69164,82192
24272,69170,82186
24273,69170,82200
24274,69177,82210
24275,69191,82214
24276,69188,82232
24277,69201,82249
24278,69198,82259
24279,69215,82290
24280,69223,82303
24281,69232,82326
24282,69244,82352
24283,69253,82371
24284,69258,82377
24285,69273,82407
24286,69280,82426
24287,69289,82434
24288,69282,82433
24289,69261,82405
24290,69214,82319
24291,69124,82207
24292,69043,82053
24293,68956,81877
24294,68887,81732
24295,68820,81586
24296,68780,81480
24297,68741,81404
24298,68741,81355
24299,68745,81338
24300,68756,81343
24301,68771,81376
24302,68801,81398
24303,68822,81439
24304,68861,81486
24305,68879,81538
24306,68911,81580
24307,68931,81613
24308,68939,81641
24309,68945,81654
24310,68955,81661
24311,68957,81678
24312,68957,81674
24313,68973,81703
24314,68979,81724
24315,68992,81751
24316,69005,81768
24317,69012,81773
24318,69028,81783
24319,69027,81795
24320,69029,81793
24321,69030,81787
24322,69029,81784
24323,69011,81781
24324,69013,81772
24325,69009,81765
24326,69010,81758
24327,69007,81765
24328,69001,81759
24329,69011,81765
24330,69014,81769
24331,69022,81779
24332,69043,81798
24333,69042,81817
24334,69058,81841
24335,69073,81877
24336,69092,81897
24337,69100,81919
24338,69115,81950
24339,69123,81964
24340,69130,81989
24341,69141,82019
24342,69159,82036
24343,69156,82060
24344,69169,82075
24345,69175,82086
24346,69175,82106
24347,69182,82109
24348,69187,82133
24349,69191,82141
24350,69196,82145
24351,69198,82154
24352,69199,82166
24353,69202,82170
24354,69204,82175
24355,69210,82183
24356,69209,82193
24357,69215,82210
24358,69232,82222
24359,69236,82225
24360,69237,82245
24361,69249,82269
24362,69264,82277
24363,69263,82276
24364,69271,82297
24365,69278,82318
24366,69282,82329
24367,69287,82336
24368,69290,82341
24369,69295,82352
24370,69289,82344
24371,69254,82303
24372,69209,82214
24373,69130,82088
24374,69061,81948
24375,68985,81783
24376,68924,81648
24377,68873,81531
24378,68833,81440
24379,68816,81382
24380,68800,81346
24381,68815,81339
24382,68823,81355
24383,68835,81380
24384,68866,81418
24385,68879,81463
24386,68919,81502
24387,68942,81561
24388,68963,81605
24389,68981,81624
24390,68999,81660
24391,69005,81678
24392,69006,81702
24393,69020,81715
24394,69033,81731
24395,69048,81753
24396,69058,81784
24397,69061,81799
24398,69075,81805
24399,69082,81806
24400,69079,81809
24401,69069,81801
24402,69062,81798
24403,69069,81785
24404,69061,81778
24405,69053,81763
24406,69061,81948
24407,69053,81759
24408,69052,81757
24409,69064,81751
24410,69066,81762
24411,69070,81771
24412,69077,81790
24413,69092,81802
24414,69099,81833
24415,69113,81858
24416,69130,81876
24417,69138,81893
24418,69150,81928
24419,69162,81948
24420,69184,81973
24421,69189,82002
24422,69201,82023
24423,69218,82044
24424,69216,82061
24425,69227,82075
24426,69235,82076
24427,69236,82109
24428,69251,82119
24429,69244,82124
24430,69244,82131
24431,69253,82143
24432,69262,82155
24433,69258,82158
24434,69265,82172
24435,69277,82167
24436,69275,82190
24437,69287,82206
24438,69294,82221
24439,69295,82242
24440,69305,82244
24441,69324,82258
24442,69330,82279
24443,69324,82285
24444,69331,82296
24445,69335,82296
24446,69337,82309
24447,69330,82300
24448,69303,82244
24449,69250,82159
24450,69166,82002
24451,69087,81849
24452,69012,81688
24453,68929,81536
24454,68890,81416
24455,68855,81318
24456,68830,81246
24457,68818,81210
24458,68817,81198
24459,68824,81204
24460,68835,81233
24461,68860,81258
24462,68875,81297
24463,68899,81342
24464,68919,81377
24465,68927,81392
24466,68943,81420
24467,68943,81432
24468,68946,81434
24469,68940,81437
24470,68944,81429
24471,68948,81434
24472,68955,81446
24473,68976,81472
24474,68979,81497
24475,69000,81520
24476,69009,81543
24477,69023,81561
24478,69027,81573
24479,69039,81592
24480,69046,81606
24481,69052,81598
24482,69044,81600
24483,69045,81593
24484,69033,81597
24485,69039,81592
24486,69044,81590
24487,69042,81586
24488,69047,81603
24489,69050,81607
24490,69064,81611
24491,69074,81637
24492,69086,81656
24493,69090,81670
24494,69110,81707
24495,69119,81733
24496,69138,81752
24497,69148,81783
24498,69162,81808
24499,69176,81834
24500,69183,81846
24501,69186,81870
24502,69211,81883
24503,69212,81898
24504,69214,81914
24505,69212,81923
24506,69225,81940
24507,69230,81946
24508,69224,81960
24509,69243,81960
24510,69237,81977
24511,69244,81986
24512,69255,81995
24513,69258,82004
24514,69256,82009
24515,69268,82024
24516,69266,82035
24517,69276,82049
24518,69293,82068
24519,69303,82091
24520,69309,82108
24521,69317,82125
24522,69329,82140
24523,69331,82152
24524,69342,82164
24525,69346,82171
24526,69354,82175
24527,69345,82177
24528,69325,82149
24529,69287,82074
24530,69216,81960
24531,69144,81815
24532,69062,81654
24533,68987,81501
24534,68935,81363
24535,68892,81264
24536,68862,81178
24537,68847,81121
24538,68843,81102
24539,68852,81102
24540,68857,81107
24541,68876,81121
24542,68885,81152
24543,68899,81189
24544,68927,81208
24545,68934,81222
24546,68934,81243
24547,68934,81248
24548,68943,81238
24549,68933,81233
24550,68929,81233
24551,68938,81239
24552,68942,81235
24553,68956,81267
24554,68973,81287
24555,68987,81325
24556,69004,81351
24557,69032,81383
24558,69031,81416
24559,69047,81436
24560,69055,81453
24561,69058,81464
24562,69060,81474
24563,69069,81474
24564,69059,81471
24565,69060,81463
24566,69061,81468
24567,69070,81461
24568,69054,81471
24569,69058,81465
24570,69069,81479
24571,69083,81491
24572,69094,81502
24573,69108,81526
24574,69117,81551
24575,69128,81566
24576,69137,81601
24577,69156,81622
24578,69165,81642
24579,69173,81668
24580,69189,81686
24581,69194,81708
24582,69199,81726
24583,69210,81741
24584,69212,81762
24585,69221,81782
24586,69234,81793
24587,69239,81805
24588,69242,81825
24589,69255,81839
24590,69264,81849
24591,69263,81872
24592,69267,81881
24593,69272,81895
24594,69276,81905
24595,69281,81911
24596,69290,81929
24597,69291,81923
24598,69294,81945
24599,69311,81960
24600,69305,81969
24601,69311,81988
24602,69319,81986
24603,69339,82006
24604,69328,82010
24605,69336,82034
24606,69344,82032
24607,69350,82049
24608,69364,82067
24609,69370,82084
24610,69379,82102
24611,69384,82124
24612,69397,82144
24613,69410,82168
24614,69412,82184
24615,69430,82211
24616,69439,82223
24617,69465,82250
24618,69454,82269
24619,69468,82284
24620,69474,82294
24621,69470,82306
24622,69459,82291
24623,69451,82268
24624,69386,82178
24625,69306,82040
24626,69236,81887
24627,69152,81721
24628,69085,81579
24629,69028,81448
24630,68996,81352
24631,68964,81277
24632,68950,81229
24633,68956,81206
24634,68955,81213
24635,68976,81227
24636,68985,81252
24637,69011,81291
24638,69028,81314
24639,69037,81348
24640,69050,81369
24641,69056,81383
24642,69055,81389
24643,69058,81391
24644,69060,81387
24645,69067,81381
24646,69056,81381
24647,69068,81398
24648,69078,81421
24649,69099,81448
24650,69114,81479
24651,69468,82284
24652,69474,82294
24653,69157,81561
24654,69163,81573
24655,69164,81592
24656,69173,81599
24657,69171,81604
24658,69174,81603
24659,69168,81597
24660,69170,81597
24661,69161,81593
24662,69167,81595
24663,69162,81598
24664,69159,81606
24665,69179,81612
24666,69174,81638
24667,69193,81657
24668,69202,81678
24669,69210,81687
24670,69224,81721
24671,69237,81738
24672,69248,81756
24673,69265,81781
24674,69276,81806
24675,69289,81821
24676,69284,81842
24677,69298,81850
24678,69303,81878
24679,69314,81897
24680,69314,81921
24681,69320,81922
24682,69331,81944
24683,69340,81950
24684,69343,81969
24685,69343,81975
24686,69347,81980
24687,69353,81992
24688,69366,82011
24689,69365,82027
24690,69382,82034
24691,69377,82041
24692,69390,82058
24693,69387,82058
24694,69384,82071
24695,69398,82091
24696,69395,82090
24697,69398,82102
24698,69397,82112
24699,69403,82119
24700,69413,82138
24701,69419,82157
24702,69422,82165
24703,69423,82183
24704,69436,82203
24705,69439,82220
24706,69457,82244
24707,69459,82258
24708,69477,82292
24709,69487,82307
24710,69497,82331
24711,69505,82347
24712,69514,82361
24713,69516,82367
24714,69517,82380
24715,69527,82388
24716,69518,82399
24717,69515,82379
24718,69478,82338
24719,69423,82246
24720,69351,82116
24721,69274,81976
24722,69202,81826
24723,69153,81696
24724,69109,81593
24725,69069,81507
24726,69054,81450
24727,69041,81424
24728,69054,81424
24729,69062,81430
24730,69081,81454
24731,69097,81503
24732,69120,81525
24733,69131,81567
24734,69163,81603
24735,69174,81640
24736,69182,81662
24737,69196,81683
24738,69192,81694
24739,69194,81700
24740,69203,81710
24741,69211,81729
24742,69228,81753
24743,69237,81767
24744,69246,81793
24745,69249,81806
24746,69244,81814
24747,69259,81814
24748,69252,81818
24749,69247,81821
24750,69253,81807
24751,69247,81798
24752,69239,81807
24753,69242,81799
24754,69238,81781
24755,69227,81779
24756,69243,81783
24757,69245,81785
24758,69246,81793
24759,69250,81792
24760,69258,81820
24761,69284,81839
24762,69289,81863
24763,69287,81884
24764,69298,81910
24765,69315,81928
24766,69329,81949
24767,69329,81968
24768,69343,81986
24769,69346,82017
24770,69350,82026
24771,69373,82043
24772,69375,82050
24773,69383,82076
24774,69376,82089
24775,69387,82099
24776,69391,82112
24777,69400,82125
24778,69400,82136
24779,69404,82150
24780,69407,82151
24781,69411,82161
24782,69416,82169
24783,69413,82176
24784,69422,82187
24785,69419,82195
24786,69426,82198
24787,69427,82215
24788,69424,82211
24789,69439,82222
24790,69434,82231
24791,69438,82246
24792,69447,82261
24793,69452,82276
24794,69465,82295
24795,69474,82307
24796,69483,82327
24797,69497,82356
24798,69501,82370
24799,69511,82388
24800,69511,82398
24801,69520,82417
24802,69514,82422
24803,69520,82435
24804,69512,82404
24805,69462,82335
24806,69411,82237
24807,69331,82097
24808,69258,81946
24809,69184,81812
24810,69129,81681
24811,69094,81571
24812,69063,81497
24813,69045,81450
24814,69038,81417
24815,69037,81404
24816,69046,81421
24817,69067,81449
24818,69076,81487
24819,69113,81510
24820,69123,81545
24821,69133,81585
24822,69142,81610
24823,69151,81621
24824,69151,81632
24825,69157,81634
24826,69161,81641
24827,69155,81656
24828,69157,81659
24829,69172,81691
24830,69185,81696
24831,69192,81738
24832,69210,81762
24833,69217,81771
24834,69224,81783
24835,69225,81790
24836,69224,81799
24837,69221,81800
24838,69218,81808
24839,69213,81794
24840,69219,81781
24841,69212,81783
24842,69213,81786
24843,69223,81784
24844,69218,81788
24845,69228,81796
24846,69231,81801
24847,69244,81817
24848,69244,81836
24849,69257,81854
24850,69276,81880
24851,69283,81906
24852,69296,81938
24853,69308,81960
24854,69327,81985
24855,69334,82002
24856,69341,82021
24857,69353,82047
24858,69354,82072
24859,69369,82088
24860,69371,82100
24861,69378,82123
24862,69386,82128
24863,69386,82147
24864,69394,82157
24865,69402,82176
24866,69411,82183
24867,69409,82198
24868,69413,82204
24869,69429,82218
24870,69426,82226
24871,69430,82241
24872,69437,82250
24873,69447,82251
24874,69439,82276
24875,69450,82283
24876,69456,82288
24877,69452,82300
24878,69462,82317
24879,69459,82321
24880,69460,82326
24881,69469,82348
24882,69479,82355
24883,69482,82365
24884,69496,82363
24885,69491,82391
24886,69495,82403
24887,69509,82424
24888,69523,82441
24889,69531,82460
24890,69536,82485
24891,69548,82501
24892,69567,82515
24893,69571,82548
24894,69576,82557
24895,69589,82584
24896,69592,82589
24897,69593,82603
24898,69588,82595
24899,69548,82545
24900,69481,82442
24901,69401,82294
24902,69317,82122
24903,69228,81956
24904,69157,81795
24905,69104,81667
24906,69054,81554
24907,69019,81481
24908,69016,81431
24909,69009,81400
24910,69011,81401
24911,69025,81415
24912,69041,81441
24913,69052,81468
24914,69068,81511
24915,69081,81547
24916,69090,81564
24917,69103,81578
24918,69109,81583
24919,69102,81589
24920,69097,81582
24921,69090,81571
24922,69104,81578
24923,69106,81573
24924,69113,81600
24925,69119,81613
24926,69139,81649
24927,69154,81669
24928,69166,81696
24929,69176,81716
24930,69190,81730
24931,69183,81755
24932,69196,81767
24933,69195,81774
24934,69203,81774
24935,69201,81776
24936,69198,81772
24937,69191,81767
24938,69197,81765
24939,69198,81774
24940,69200,81770
24941,69212,81776
24942,69212,81786
24943,69221,81815
24944,69231,81820
24945,69238,81834
24946,69249,81874
24947,69255,81884
24948,69272,81913
24949,69275,81939
24950,69295,81966
24951,69303,81987
24952,69310,82006
24953,69312,82024
24954,69322,82047
24955,69337,82068
24956,69345,82087
24957,69350,82099
24958,69352,82117
24959,69364,82140
24960,69367,82148
24961,69381,82162
24962,69375,82171
24963,69389,82187
24964,69391,82198
24965,69398,82203
24966,69412,82224
24967,69406,82233
24968,69413,82246
24969,69418,82259
24970,69414,82273
24971,69425,82271
24972,69429,82295
24973,69435,82302
24974,69435,82314
24975,69449,82332
24976,69456,82338
24977,69461,82363
24978,69468,82373
24979,69478,82392
24980,69493,82407
24981,69494,82425
24982,69498,82443
24983,69507,82443
24984,69515,82475
24985,69517,82488
24986,69511,82503
24987,69531,82511
24988,69529,82529
24989,69538,82535
24990,69550,82545
24991,69551,82557
24992,69562,82587
24993,69571,82604
24994,69575,82622
24995,69592,82634
24996,69606,82674
24997,69611,82689
24998,69623,82702
24999,69628,82718
25000,69629,82735
25001,69635,82745
25002,69646,82758
25003,69634,82755
25004,69599,82709
25005,69546,82623
25006,69456,82476
25007,69367,82297
25008,69272,82131
25009,69199,81963
25010,69133,81805
25011,69078,81690
25012,69044,81604
25013,69031,81539
25014,69013,81512
25015,69022,81495
25016,69031,81507
25017,69046,81537
25018,69063,81565
25019,69084,81598
25020,69099,81639
25021,69126,81677
25022,69138,81715
25023,69152,81737
25024,69151,81750
25025,69159,81753
25026,69148,81760
25027,69157,81755
25028,69156,81752
25029,69165,81781
25030,69175,81786
25031,69189,81809
25032,69196,81838
25033,69209,81869
25034,69220,81884
25035,69226,81891
25036,69225,81907
25037,69238,81911
25038,69231,81914
25039,69236,81916
25040,69237,81904
25041,69230,81909
25042,69217,81903
25043,69228,81902
25044,69230,81915
25045,69227,81909
25046,69239,81919
25047,69231,81919
25048,69242,81936
25049,69256,81952
25050,69262,81968
25051,69283,81992
25052,69287,82021
25053,69306,82044
25054,69321,82069
25055,69336,82092
25056,69346,82115
25057,69351,82136
25058,69362,82159
25059,69372,82179
25060,69386,82195
25061,69388,82221
25062,69403,82230
25063,69409,82251
25064,69412,82272
25065,69422,82280
25066,69428,82294
25067,69434,82300
25068,69445,82313
25069,69440,82322
25070,69449,82335
25071,69451,82353
25072,69452,82369
25073,69452,82377
25074,69456,82385
25075,69462,82406
25076,69468,82407
25077,69468,82417
25078,69478,82426
25079,69480,82427
25080,69477,82446
25081,69479,82452
25082,69481,82467
25083,69494,82489
25084,69493,82485
25085,69499,82502
25086,69507,82511
25087,69518,82526
25088,69525,82546
25089,69526,82567
25090,69548,82586
25091,69549,82606
25092,69564,82609
25093,69585,82653
25094,69587,82659
25095,69595,82681
25096,69606,82701
25097,69610,82722
25098,69627,82735
25099,69629,82761
25100,69621,82756
25101,69623,82747
25102,69578,82686
25103,69493,82575
25104,69416,82422
25105,69328,82258
25106,69237,82109
25107,69175,81956
25108,69113,81839
25109,69082,81749
25110,69058,81680
25111,69048,81632
25112,69035,81619
25113,69054,81626
25114,69074,81657
25115,69095,81692
25116,69117,81728
25117,69149,81793
25118,69160,81834
25119,69193,81877
25120,69221,81921
25121,69231,81960
25122,69245,81982
25123,69241,82007
25124,69258,82019
25125,69265,82037
25126,69279,82054
25127,69294,82073
25128,69298,82086
25129,69301,82092
25130,69296,82095
25131,69295,82090
25132,69285,82083
25133,69283,82073
25134,69282,82061
25135,69276,82056
25136,69263,82045
25137,69261,82036
25138,69256,82031
25139,69253,82019
25140,69258,82013
25141,69256,82022
25142,69264,82031
25143,69268,82040
25144,69276,82056
25145,69287,82078
25146,69300,82092
25147,69314,82122
25148,69326,82134
25149,69334,82167
25150,69356,82186
25151,69365,82214
25152,69379,82236
25153,69390,82271
25154,69404,82299
25155,69409,82309
25156,69421,82330
25157,69423,82345
25158,69443,82363
25159,69441,82386
25160,69447,82398
25161,69458,82409
25162,69448,82421
25163,69463,82439
25164,69461,82442
25165,69465,82445
25166,69467,82453
25167,69478,82449
25168,69471,82465
25169,69482,82472
25170,69469,82482
25171,69476,82475
25172,69470,82489
25173,69480,82494
25174,69492,82508
25175,69494,82516
25176,69500,82526
25177,69524,82538
25178,69514,82570
25179,69531,82577
25180,69539,82587
25181,69547,82611
25182,69558,82623
25183,69557,82638
25184,69556,82655
25185,69555,82663
25186,69557,82648
25187,69524,82596
25188,69456,82490
25189,69366,82359
25190,69283,82198
25191,69209,82034
25192,69130,81902
25193,69080,81772
25194,69037,81669
25195,69008,81599
25196,68999,81565
25197,68991,81545
25198,69006,81550
25199,69012,81563
25200,69034,81609
25201,69057,81647
25202,69081,81700
25203,69102,81736
25204,69130,81782
25205,69151,81830
25206,69164,81849
25207,69175,81873
25208,69185,81889
25209,69181,81909
25210,69188,81919
25211,69191,81932
25212,69209,81952
25213,69216,81972
25214,69225,81985
25215,69241,81994
25216,69228,81996
25217,69224,81992
25218,69227,81993
25219,69224,81983
25220,69220,81981
25221,69214,81971
25222,69214,81962
25223,69210,81960
25224,69208,81948
25225,69207,81952
25226,69212,81945
25227,69216,81947
25228,69214,81947
25229,69219,81963
25230,69235,81995
25231,69240,82010
25232,69257,82029
25233,69265,82060
25234,69279,82075
25235,69288,82101
25236,69300,82125
25237,69323,82147
25238,69323,82170
25239,69341,82189
25240,69352,82212
25241,69356,82239
25242,69369,82254
25243,69379,82269
25244,69386,82291
25245,69388,82310
25246,69391,82314
25247,69400,82321
25248,69402,82341
25249,69403,82341
25250,69399,82346
25251,69413,82343
25252,69419,82360
25253,69423,82373
25254,69421,82370
25255,69420,82382
25256,69428,82405
25257,69441,82411
25258,69443,82428
25259,69454,82433
25260,69457,82457
25261,69463,82465
25262,69474,82486
25263,69479,82494
25264,69476,82509
25265,69480,82500
25266,69471,82485
25267,69428,82431
25268,69362,82316
25269,69273,82164
25270,69186,81995
25271,69106,81836
25272,69044,81689
25273,68982,81566
25274,68949,81473
25275,68929,81406
25276,68918,81361
25277,68911,81356
25278,68925,81354
25279,68936,81387
25280,68956,81405
25281,68971,81451
25282,69000,81493
25283,69015,81527
25284,69040,81562
25285,69046,81590
25286,69053,81609
25287,69049,81619
25288,69060,81624
25289,69046,81627
25290,69060,81629
25291,69067,81635
25292,69071,81647
25293,69089,81680
25294,69103,81699
25295,69108,81728
25296,69121,81745
25297,69131,81754
25298,69139,81768
25299,69149,81779
25300,69143,81778
25301,69144,81770
25302,69145,81775
25303,69142,81771
25304,69134,81770
25305,69139,81754
25306,69137,81768
25307,69138,81760
25308,69146,81771
25309,69144,81777
25310,69153,81785
25311,69161,81802
25312,69176,81826
25313,69197,81848
25314,69195,81877
25315,69217,81907
25316,69226,81940
25317,69247,81958
25318,69259,81981
25319,69262,82002
25320,69277,82022
25321,69288,82042
25322,69295,82063
25323,69303,82076
25324,69303,82098
25325,69309,82111
25326,69314,82127
25327,69318,82136
25328,69334,82140
25329,69330,82169
25330,69339,82167
25331,69336,82184
25332,69341,82176
25333,69344,82197
25334,69340,82204
25335,69342,82206
25336,69347,82217
25337,69356,82219
25338,69362,82239
25339,69375,82248
25340,69377,82269
25341,69386,82293
25342,69394,82301
25343,69409,82318
25344,69420,82340
25345,69425,82359
25346,69433,82366
25347,69443,82396
25348,69450,82405
25349,69447,82401
25350,69429,82392
25351,69403,82330
25352,69332,82221
25353,69239,82066
25354,69145,81887
25355,69075,81721
25356,68997,81558
25357,68944,81437
25358,68905,81336
25359,68881,81272
25360,68876,81229
25361,68864,81216
25362,68880,81218
25363,68886,81244
25364,68908,81273
25365,68920,81310
25366,68941,81348
25367,68963,81381
25368,68973,81402
25369,68981,81416
25370,68987,81430
25371,68970,81424
25372,68977,81416
25373,68976,81422
25374,68973,81403
25375,68990,81416
25376,68989,81439
25377,69007,81456
25378,69022,81480
25379,69040,81515
25380,69057,81526
25381,69064,81554
25382,69076,81578
25383,69080,81590
25384,69089,81598
25385,69082,81595
25386,69082,81602
25387,69080,81602
25388,69086,81598
25389,69073,81600
25390,69073,81582
25391,69077,81596
25392,69085,81592
25393,69087,81598
25394,69093,81616
25395,69104,81629
25396,69107,81642
25397,69123,81660
25398,69134,81688
25399,69157,81725
25400,69160,81742
25401,69182,81774
25402,69188,81795
25403,69201,81821
25404,69207,81846
25405,69222,81856
25406,69234,81874
25407,69236,81896
25408,69233,81904
25409,69248,81932
25410,69249,81947
25411,69271,81955
25412,69267,81970
25413,69278,81983
25414,69280,81995
25415,69285,82006
25416,69288,82015
25417,69290,82023
25418,69293,82036
25419,69292,82045
25420,69303,82049
25421,69314,82060
25422,69316,82073
25423,69313,82079
25424,69316,82092
25425,69334,82103
25426,69341,82114
25427,69338,82128
25428,69351,82137
25429,69359,82152
25430,69364,82170
25431,69368,82189
25432,69381,82208
25433,69397,82224
25434,69403,82247
25435,69415,82276
25436,69428,82297
25437,69445,82307
25438,69448,82324
25439,69451,82331
25440,69453,82339
25441,69431,82324
25442,69390,82242
25443,69310,82130
25444,69220,81956
25445,69133,81795
25446,69050,81623
25447,68986,81471
25448,68937,81349
25449,68899,81257
25450,68881,81196
25451,68862,81174
25452,68878,81173
25453,68893,81187
25454,68907,81211
25455,68913,81242
25456,68946,81278
25457,68962,81311
25458,68970,81342
25459,68982,81368
25460,68993,81376
25461,68991,81379
25462,68985,81375
25463,68983,81375
25464,68990,81372
25465,68984,81391
25466,68997,81393
25467,69008,81417
25468,69033,81442
25469,69054,81470
25470,69058,81490
25471,69071,81519
25472,69080,81534
25473,69090,81549
25474,69089,81562
25475,69100,81575
25476,69097,81574
25477,69097,81568
25478,69095,81568
25479,69096,81557
25480,69094,81557
25481,69089,81559
25482,69089,81567
25483,69095,81570
25484,69105,81578
25485,69105,81589
25486,69120,81610
25487,69130,81628
25488,69141,81658
25489,69164,81676
25490,69165,81700
25491,69177,81722
25492,69195,81741
25493,69206,81769
25494,69209,81779
25495,69218,81811
25496,69224,81836
25497,69242,81860
25498,69251,81870
25499,69252,81889
25500,69263,81900
25501,69271,81920
25502,69274,81924
25503,69283,81945
25504,69278,81958
25505,69289,81964
25506,69301,81977
25507,69300,81979
25508,69294,81982
25509,69300,81999
25510,69303,81999
25511,69311,82007
25512,69305,82017
25513,69307,82014
25514,69316,82033
25515,69321,82043
25516,69324,82058
25517,69335,82078
25518,69341,82079
25519,69348,82097
25520,69360,82121
25521,69363,82142
25522,69373,82158
25523,69393,82186
25524,69407,82200
25525,69415,82229
25526,69418,82236
25527,69424,82262
25528,69432,82270
25529,69442,82286
25530,69425,82286
25531,69414,82260
25532,69372,82188
25533,69300,82070
25534,69214,81917
25535,69125,81757
25536,69064,81615
25537,69007,81478
25538,68969,81370
25539,68932,81298
25540,68926,81243
25541,68921,81238
25542,68937,81233
25543,68955,81269
25544,68972,81305
25545,68992,81347
25546,69016,81390
25547,69036,81426
25548,69056,81467
25549,69071,81504
25550,69082,81538
25551,69088,81549
25552,69098,81563
25553,69092,81579
25554,69108,81590
25555,69114,81606
25556,69130,81637
25557,69144,81650
25558,69153,81661
25559,69157,81676
25560,69169,81683
25561,69169,81690
25562,69172,81687
25563,69166,81677
25564,69153,81685
25565,69149,81676
25566,69152,81668
25567,69145,81663
25568,69148,81656
25569,69151,81648
25570,69145,81662
25571,69151,81663
25572,69158,81675
25573,69155,81689
25574,69179,81712
25575,69188,81718
25576,69200,81753
25577,69215,81774
25578,69220,81796
25579,69229,81824
25580,69240,81844
25581,69251,81866
25582,69259,81903
25583,69275,81928
25584,69277,81934
25585,69289,81952
25586,69300,81968
25587,69314,81985
25588,69311,81995
25589,69306,82005
25590,69313,82021
25591,69319,82030
25592,69320,82038
25593,69327,82054
25594,69324,82047
25595,69332,82057
25596,69329,82071
25597,69338,82073
25598,69347,82082
25599,69356,82097
25600,69356,82105
25601,69369,82128
25602,69369,82137
25603,69377,82159
25604,69389,82173
25605,69393,82188
25606,69409,82209
25607,69418,82212
25608,69414,82234
25609,69425,82251
25610,69433,82253
25611,69438,82265
25612,69424,82258
25613,69397,82228
25614,69352,82146
25615,69278,82018
25616,69198,81871
25617,69123,81711
25618,69051,81571
25619,69004,81450
25620,68970,81355
25621,68951,81283
25622,68940,81236
25623,68941,81238
25624,68952,81250
25625,68955,81276
25626,68978,81317
25627,69001,81346
25628,69025,81394
25629,69045,81434
25630,69073,81469
25631,69084,81509
25632,69092,81539
25633,69102,81546
25634,69095,81550
25635,69092,81550
25636,69111,81554
25637,69121,81576
25638,69138,81596
25639,69138,81622
25640,69148,81639
25641,69163,81652
25642,69160,81674
25643,69169,81671
25644,69167,81671
25645,69160,81671
25646,69160,81665
25647,69159,81656
25648,69153,81654
25649,69148,81653
25650,69148,81645
25651,69156,81644
25652,69161,81650
25653,69155,81657
25654,69167,81668
25655,69167,81690
25656,69184,81707
25657,69191,81730
25658,69200,81743
25659,69222,81777
25660,69231,81795
25661,69243,81826
25662,69248,81849
25663,69262,81881
25664,69282,81891
25665,69289,81921
25666,69303,81933
25667,69302,81950
25668,69311,81971
25669,69315,81988
25670,69323,81992
25671,69318,82016
25672,69333,82022
25673,69331,82032
25674,69339,82038
25675,69340,82040
25676,69350,82056
25677,69353,82073
25678,69356,82080
25679,69364,82089
25680,69363,82101
25681,69377,82120
25682,69382,82133
25683,69395,82145
25684,69397,82163
25685,69408,82169
25686,69413,82194
25687,69430,82217
25688,69433,82231
25689,69438,82242
25690,69442,82262
25691,69451,82263
25692,69442,82270
25693,69434,82265
25694,69400,82206
25695,69345,82094
25696,69264,81954
25697,69179,81790
25698,69105,81621
25699,69040,81485
25700,68982,81368
25701,68954,81270
25702,68928,81210
25703,68914,81173
25704,68913,81164
25705,68926,81180
25706,68946,81200
25707,68963,81234
25708,68976,81280
25709,68994,81306
25710,69008,81348
25711,69020,81367
25712,69032,81387
25713,69040,81393
25714,69031,81400
25715,69021,81405
25716,69036,81400
25717,69036,81402
25718,69047,81404
25719,69058,81432
25720,69065,81463
25721,69085,81487
25722,69098,81520
25723,69109,81539
25724,69123,81567
25725,69117,81581
25726,69132,81591
25727,69139,81601
25728,69136,81601
25729,69139,81601
25730,69125,81599
25731,69134,81596
25732,69123,81592
25733,69129,81585
25734,69124,81598
25735,69135,81602
25736,69137,81622
25737,69154,81627
25738,69160,81653
25739,69169,81673
25740,69180,81709
25741,69200,81731
25742,69217,81761
25743,69234,81788
25744,69243,81803
25745,69250,81832
25746,69254,81862
25747,69273,81889
25748,69275,81898
25749,69291,81924
25750,69293,81938
25751,69304,81953
25752,69313,81971
25753,69321,81989
25754,69319,82005
25755,69332,82006
25756,69334,82027
25757,69347,82034
25758,69340,82046
25759,69350,82057
25760,69357,82073
25761,69360,82081
25762,69362,82089
25763,69377,82102
25764,69381,82122
25765,69380,82116
25766,69386,82142
25767,69394,82146
25768,69398,82157
25769,69397,82171
25770,69395,82173
25771,69404,82191
25772,69420,82206
25773,69422,82223
25774,69427,82243
25775,69445,82259
25776,69458,82290
25777,69465,82311
25778,69481,82344
25779,69494,82365
25780,69506,82375
25781,69509,82396
25782,69522,82414
25783,69530,82427
25784,69525,82440
25785,69511,82431
25786,69481,82374
25787,69406,82262
25788,69319,82090
25789,69226,81922
25790,69127,81735
25791,69063,81577
25792,69002,81445
25793,68970,81338
25794,68942,81258
25795,68928,81224
25796,68930,81203
25797,68936,81216
25798,68948,81243
25799,68971,81271
25800,68983,81302
25801,69007,81341
25802,69017,81379
25803,69028,81393
25804,69041,81416
25805,69041,81419
25806,69042,81409
25807,69035,81413
25808,69035,81405
25809,69030,81403
25810,69030,81415
25811,69043,81435
25812,69048,81458
25813,69070,81496
25814,69084,81528
25815,69082,81575
25816,69097,81617
25817,69085,81648
25818,69088,81677
25819,69088,81704
25820,69075,81725
25821,69074,81737
25822,69075,81741
25823,69067,81743
25824,69056,81757
25825,69034,81760
25826,69007,81781
25827,68999,81809
25828,68994,81838
25829,68990,81875
25830,68982,81905
25831,68983,81962
25832,68973,82024
25833,68977,82083
25834,68983,82150
25835,68993,82217
25836,69008,82282
25837,69020,82342
25838,69019,82392
25839,69030,82454
25840,69044,82513
25841,69045,82577
25842,69048,82620
25843,69052,82685
25844,69069,82737
25845,69063,82786
25846,69077,82835
25847,69086,82883
25848,69098,82920
25849,69104,82955
25850,69110,82976
25851,69119,83009
25852,69122,83031
25853,69133,83060
25854,69125,83095
25855,69129,83128
25856,69132,83170
25857,69142,83220
25858,69138,83265
25859,69157,83314
25860,69157,83361
25861,69173,83403
25862,69176,83441
25863,69193,83482
25864,69195,83521
25865,69201,83550
25866,69205,83586
25867,69210,83621
25868,69224,83661
25869,69226,83690
25870,69237,83719
25871,69238,83745
25872,69246,83779
25873,69255,83814
25874,69270,83839
25875,69280,83875
25876,69285,83911
25877,69296,83934
25878,69295,83957
25879,69304,83986
25880,69315,84018
25881,69331,84064
25882,69332,84095
25883,69352,84128
25884,69359,84155
25885,69373,84186
25886,69382,84224
25887,69381,84249
25888,69391,84255
25889,69363,84265
25890,69330,84215
25891,69262,84140
25892,69185,83974
25893,69096,83786
25894,69006,83587
25895,68928,83393
25896,68858,83223
25897,69201,83550
25898,68776,82988
25899,68755,82934
25900,68753,82930
25901,68738,82926
25902,68759,82946
25903,68770,82982
25904,68788,83032
25905,68810,83091
25906,68826,83142
25907,68833,83181
25908,68845,83229
25909,68850,83259
25910,68856,83296
25911,68866,83301
25912,68863,83307
25913,68860,83332
25914,68858,83345
25915,68864,83373
25916,68882,83417
25917,68885,83455
25918,68906,83507
25919,68919,83551
25920,68929,83600
25921,68937,83635
25922,68946,83670
25923,68952,83698
25924,68962,83718
25925,68970,83739
25926,68961,83757
25927,68958,83759
25928,68962,83760
25929,68967,83762
25930,68963,83770
25931,68968,83768
25932,68971,83782
25933,68979,83800
25934,68977,83820
25935,68987,83829
25936,68994,83869
25937,69015,83876
25938,69026,83914
25939,69029,83942
25940,69041,83966
25941,69054,83981
25942,69058,83998
25943,69079,84030
25944,69084,84046
25945,69096,84051
25946,69094,84068
25947,69098,84081
25948,69103,84101
25949,69110,84106
25950,69114,84131
25951,69121,84138
25952,69127,84148
25953,69127,84162
25954,69135,84172
25955,69135,84182
25956,69135,84194
25957,69144,84207
25958,69152,84210
25959,69150,84219
25960,69159,84232
25961,69162,84242
25962,69160,84247
25963,69173,84267
25964,69177,84278
25965,69183,84283
25966,69189,84287
25967,69200,84289
25968,69208,84304
25969,69212,84283
25970,69216,84287
25971,69217,84291
25972,69225,84274
25973,69238,84278
25974,69255,84268
25975,69259,84261
25976,69268,84253
25977,69276,84240
25978,69289,84229
25979,69290,84220
25980,69309,84206
25981,69308,84197
25982,69318,84190
25983,69321,84175
25984,69327,84158
25985,69329,84150
25986,69334,84150
25987,69339,84141
25988,69340,84142
25989,69357,84148
25990,69361,84157
25991,69372,84155
25992,69365,84158
25993,69372,84159
25994,69374,84175
25995,69365,84165
25996,69352,84124
25997,69311,84052
25998,69239,83926
25999,69150,83733
26000,69067,83528
26001,68977,83314
26002,68901,83115
26003,68831,82937
26004,68772,82807
26005,68755,82714
26006,68733,82662
26007,68738,82635
26008,68736,82643
26009,68753,82661
26010,68762,82688
26011,68780,82740
26012,68799,82775
26013,68828,82829
26014,68832,82867
26015,68852,82894
26016,68857,82926
26017,68871,82936
26018,68863,82950
26019,68869,82957
26020,68870,82946
26021,68870,82960
26022,68879,82969
26023,68893,82987
26024,68898,83003
26025,68898,83007
26026,68903,83018
26027,68888,83029
26028,68894,83029
26029,68903,83041
26030,68897,83033
26031,68898,83038
26032,68899,83025
26033,68888,83021
26034,68883,83026
26035,68893,83021
26036,68889,83016
26037,68896,83019
26038,68894,83018
26039,68894,83030
26040,68898,83048
26041,68906,83051
26042,68914,83078
26043,68923,83099
26044,68941,83128
26045,68947,83144
26046,68957,83187
26047,68967,83208
26048,68987,83230
26049,68993,83258
26050,68999,83274
26051,69006,83307
26052,69018,83323
26053,69029,83348
26054,69036,83366
26055,69049,83387
26056,69048,83406
26057,69069,83425
26058,69064,83433
26059,69074,83460
26060,69076,83467
26061,69083,83472
26062,69092,83491
26063,69099,83496
26064,69090,83510
26065,69101,83528
26066,69107,83526
26067,69105,83544
26068,69110,83557
26069,69116,83569
26070,69117,83581
26071,69122,83588
26072,69120,83600
26073,69122,83612
26074,69132,83624
26075,69144,83644
26076,69139,83661
26077,69139,83670
26078,69161,83692
26079,69165,83705
26080,69170,83725
26081,69184,83745
26082,69179,83762
26083,69205,83789
26084,69213,83813
26085,69211,83833
26086,69224,83841
26087,69233,83866
26088,69232,83889
26089,69231,83872
26090,69211,83855
26091,69163,83772
26092,69108,83654
26093,69032,83474
26094,68947,83287
26095,68877,83106
26096,68804,82930
26097,68760,82792
26098,68728,82677
26099,68700,82611
26100,68691,82584
26101,68684,82576
26102,68706,82577
26103,68716,82610
26104,68743,82654
26105,68757,82708
26106,68783,82757
26107,68814,82804
26108,68834,82866
26109,68847,82896
26110,68868,82929
26111,68879,82953
26112,68896,82984
26113,68898,83000
26114,68900,83029
26115,68907,83041
26116,68920,83061
26117,68923,83070
26118,68927,83065
26119,68930,83065
26120,68922,83065
26121,68906,83038
26122,68897,83021
26123,68899,83003
26124,68883,82991
26125,68880,82969
26126,68879,82937
26127,68871,82944
26128,68878,82924
26129,68875,82924
26130,68870,82928
26131,68876,82930
26132,68882,82944
26133,68895,82961
26134,68903,82979
26135,68912,83002
26136,68918,83026
26137,68928,83046
26138,68941,83080
26139,68959,83101
26140,68973,83125
26141,68977,83164
26142,68993,83171
26143,69008,83201
26144,69013,83214
26145,69020,83242
26146,69031,83253
26147,69030,83253
26148,69040,83270
26149,69048,83272
26150,69036,83284
26151,262143,262143
26152,69058,83278
26153,69051,83277
26154,69056,83278
26155,68897,83021
26156,69053,83273
26157,69055,83294
26158,69054,83293
26159,69065,83305
26160,69063,83317
26161,69073,83323
26162,69084,83338
26163,69086,83350
26164,69084,83371
26165,69091,83389
26166,69110,83402
26167,69111,83425
26168,69117,83442
26169,69134,83452
26170,69123,83455
26171,69113,83448
26172,69085,83412
26173,69037,83308
26174,68981,83179
26175,68902,82992
26176,68832,82811
26177,68763,82630
26178,68701,82472
26179,68666,82355
26180,68624,82255
26181,68615,82197
26182,68609,82166
26183,68609,82171
26184,68625,82196
26185,68628,82217
26186,68655,82259
26187,68671,82304
26188,68692,82358
26189,68714,82396
26190,68725,82443
26191,68740,82474
26192,68747,82517
26193,68748,82528
26194,68765,82543
26195,68769,82552
26196,68768,82591
26197,68784,82599
26198,68773,82630
26199,68784,82656
26200,68794,82671
26201,68791,82693
26202,68804,82694
26203,68793,82699
26204,68783,82703
26205,68788,82706
26206,68779,82707
26207,68775,82724
26208,68770,82721
26209,68772,82734
26210,68774,82743
26211,68764,82757
26212,68765,82774
26213,68772,82784
26214,68777,82806
26215,68793,82826
26216,68795,82859
26217,68810,82880
26218,68821,82914
26219,68832,82945
26220,68836,82975
26221,68849,83007
26222,68861,83048
26223,68863,83063
26224,68882,83099
26225,68890,83128
26226,68889,83152
26227,68909,83167
26228,68918,83192
26229,68920,83192
26230,68920,83231
26231,68925,83237
26232,68931,83252
26233,68931,83264
26234,68934,83271
26235,68935,83286
26236,68946,83290
26237,68948,83300
26238,68950,83322
26239,68949,83333
26240,68960,83351
26241,68968,83362
26242,68964,83376
26243,68978,83403
26244,68981,83427
26245,68994,83447
26246,68997,83469
26247,69004,83487
26248,69016,83510
26249,69017,83527
26250,69011,83524
26251,68979,83469
26252,68934,83389
26253,68867,83250
26254,68801,83066
26255,68731,82888
26256,68648,82683
26257,68594,82516
26258,68547,82394
26259,68513,82321
26260,68493,82257
26261,68494,82226
26262,68493,82226
26263,68495,82245
26264,68511,82277
26265,68519,82301
26266,68540,82339
26267,68549,82372
26268,68565,82400
26269,68578,82417
26270,68585,82430
26271,68573,82435
26272,68583,82434
26273,68576,82419
26274,68573,82418
26275,68578,82421
26276,68585,82445
26277,68582,82469
26278,68599,82489
26279,68622,82524
26280,68622,82545
26281,68637,82566
26282,68635,82594
26283,68643,82607
26284,68648,82624
26285,68651,82635
26286,68656,82637
26287,68646,82637
26288,68653,82632
26289,68649,82633
26290,68648,82623
26291,68644,82627
26292,68644,82623
26293,68648,82636
26294,68659,82639
26295,68670,82665
26296,68668,82669
26297,68682,82691
26298,68693,82721
26299,68705,82749
26300,68707,82775
26301,68728,82801
26302,68735,82829
26303,68748,82866
26304,68757,82888
26305,68761,82914
26306,68767,82921
26307,68790,82936
26308,68800,82953
26309,68795,82977
26310,68799,82987
26311,68800,82998
26312,68810,83014
26313,68812,83028
26314,68829,83040
26315,68828,83057
26316,68829,83060
26317,68826,83061
26318,68835,83077
26319,68838,83079
26320,68842,83100
26321,68840,83102
26322,68849,83115
26323,68851,83124
26324,68855,83134
26325,68862,83150
26326,68869,83167
26327,68879,83181
26328,68892,83200
26329,68893,83223
26330,68908,83252
26331,68914,83264
26332,68933,83280
26333,68938,83299
26334,68950,83326
26335,68946,83345
26336,68952,83339
26337,68938,83329
26338,68897,83285
26339,68857,83167
26340,68779,83001
26341,68702,82806
26342,68628,82621
26343,68564,82442
26344,68513,82289
26345,68484,82185
26346,68454,82113
26347,68435,82065
26348,68443,82057
26349,68448,82067
26350,68459,82086
26351,68465,82109
26352,68485,82135
26353,68503,82157
26354,68509,82186
26355,68515,82207
26356,68527,82223
26357,68523,82218
26358,68522,82219
26359,68522,82208
26360,68521,82201
26361,68524,82201
26362,68518,82208
26363,68534,82225
26364,68547,82250
26365,68554,82288
26366,68567,82331
26367,68590,82344
26368,68599,82384
26369,68603,82410
26370,68615,82419
26371,68612,82440
26372,68620,82458
26373,68622,82454
26374,68619,82464
26375,68615,82453
26376,68620,82459
26377,68613,82459
26378,68618,82462
26379,68621,82463
26380,68628,82485
26381,68636,82505
26382,68643,82525
26383,68653,82548
26384,68656,82576
26385,68666,82616
26386,68681,82645
26387,68685,82685
26388,68700,82730
26389,68714,82760
26390,68711,82782
26391,68722,82820
26392,68737,82837
26393,68751,82862
26394,68750,82879
26395,68756,82909
26396,68767,82933
26397,68776,82944
26398,68775,82970
26399,68781,82981
26400,68781,82997
26401,68792,83021
26402,68793,83039
26403,68806,83065
26404,68812,83073
26405,68818,83095
26406,68821,83108
26407,68823,83121
26408,68831,83136
26409,68613,82459
26410,68618,82462
26411,68843,83173
26412,68843,83182
26413,68847,83203
26414,68855,83212
26415,68867,83240
26416,68861,83252
26417,68875,83268
26418,68881,83288
26419,68896,83300
26420,68889,83321
26421,68900,83340
26422,68903,83355
26423,68908,83373
26424,68912,83400
26425,68928,83416
26426,68932,83425
26427,68943,83450
26428,68947,83466
26429,68955,83492
26430,68975,83504
26431,68970,83536
26432,68979,83555
26433,68994,83581
26434,69006,83601
26435,69014,83623
26436,69015,83639
26437,69027,83657
26438,69033,83669
26439,69026,83654
26440,68992,83599
26441,68924,83487
26442,68852,83309
26443,68770,83106
26444,68686,82886
26445,68618,82685
26446,68562,82526
26447,68510,82405
26448,68493,82322
26449,68477,82270
26450,68487,82257
26451,68487,82263
26452,68501,82286
26453,68515,82313
26454,68527,82370
26455,68544,82400
26456,68558,82432
26457,68564,82454
26458,68585,82470
26459,68579,82488
26460,68583,82478
26461,68575,82479
26462,68569,82471
26463,68576,82461
26464,68570,82475
26465,68579,82482
26466,68581,82499
26467,68593,82516
26468,68603,82546
26469,68611,82584
26470,68623,82594
26471,68626,82608
26472,68630,82616
26473,68636,82633
26474,68637,82631
26475,68636,82629
26476,68628,82621
26477,68635,82614
26478,68628,82620
26479,68627,82613
26480,68626,82610
26481,68637,82616
26482,68641,82622
26483,68644,82631
26484,68651,82657
26485,68654,82662
26486,68666,82678
26487,68687,82700
26488,68693,82724
26489,68701,82747
26490,68706,82756
26491,68718,82782
26492,68731,82804
26493,68741,82811
26494,68748,82842
26495,68741,82861
26496,68755,82864
26497,68771,82895
26498,68765,82891
26499,68777,82923
26500,68777,82931
26501,68777,82940
26502,68786,82946
26503,68797,82970
26504,68791,82975
26505,68796,82976
26506,68803,82994
26507,68808,83008
26508,68815,83015
26509,68826,83038
26510,68824,83053
26511,68824,83051
26512,68828,83065
26513,68831,83075
26514,68842,83086
26515,68846,83105
26516,68856,83113
26517,68864,83124
26518,68864,83138
26519,68868,83150
26520,68873,83166
26521,68881,83186
26522,68882,83189
26523,68888,83205
26524,68893,83220
26525,68907,83223
26526,68905,83239
26527,68911,83258
26528,68918,83269
26529,68928,83282
26530,68932,83303
26531,68942,83317
26532,68947,83330
26533,68952,83356
26534,68957,83380
26535,68973,83393
26536,68977,83428
26537,68996,83445
26538,69006,83462
26539,69017,83490
26540,69020,83494
26541,69026,83520
26542,69027,83520
26543,69014,83500
26544,68977,83429
26545,68913,83301
26546,68838,83127
26547,68755,82913
26548,68671,82715
26549,68598,82513
26550,68543,82356
26551,68507,82254
26552,68487,82165
26553,68473,82122
26554,68467,82119
26555,68482,82130
26556,68492,82150
26557,68504,82182
26558,68525,82217
26559,68536,82261
26560,68558,82297
26561,68569,82319
26562,68576,82355
26563,68586,82360
26564,68574,82362
26565,68577,82356
26566,68578,82359
26567,68581,82358
26568,68591,82367
26569,68596,82380
26570,68597,82406
26571,68612,82426
26572,68622,82448
26573,68630,82450
26574,68629,82461
26575,68629,82467
26576,68634,82470
26577,68632,82477
26578,68630,82481
26579,68638,82468
26580,68633,82473
26581,68630,82462
26582,68629,82459
26583,68630,82460
26584,68628,82458
26585,68644,82462
26586,68628,82470
26587,68641,82486
26588,68639,82504
26589,68665,82536
26590,68660,82551
26591,68677,82576
26592,68681,82594
26593,68695,82620
26594,68698,82644
26595,68702,82670
26596,68723,82694
26597,68717,82716
26598,68736,82742
26599,68740,82757
26600,68752,82774
26601,68753,82786
26602,68756,82796
26603,68762,82819
26604,68758,82827
26605,68765,82843
26606,68765,82853
26607,68773,82871
26608,68785,82875
26609,68789,82890
26610,68787,82906
26611,68800,82907
26612,68801,82927
26613,68808,82945
26614,68814,82950
26615,68820,82963
26616,68819,82971
26617,68826,82986
26618,68823,82993
26619,68833,83007
26620,68838,83027
26621,68845,83046
26622,68847,83056
26623,68858,83066
26624,68857,83076
26625,68868,83100
26626,68864,83108
26627,68870,83124
26628,68872,83147
26629,68890,83158
26630,68891,83173
26631,68904,83193
26632,68910,83201
26633,68911,83220
26634,68925,83255
26635,68931,83275
26636,68936,83303
26637,68960,83321
26638,68972,83341
26639,68971,83364
26640,68985,83380
26641,68981,83398
26642,68992,83408
26643,68980,83391
26644,68955,83341
26645,68896,83239
26646,68824,83073
26647,68744,82870
26648,68669,82677
26649,68585,82488
26650,68537,82322
26651,68496,82209
26652,68466,82124
26653,68458,82080
26654,68454,82069
26655,68466,82065
26656,68471,82083
26657,68483,82123
26658,68500,82165
26659,68511,82214
26660,68532,82252
26661,68890,83158
26662,68553,82316
26663,68558,82338
26664,68566,82339
26665,68557,82348
26666,68556,82344
26667,68564,82346
26668,68562,82366
26669,68574,82384
26670,68579,82410
26671,68589,82432
26672,68593,82480
26673,68599,82485
26674,68614,82505
26675,68605,82534
26676,68612,82534
26677,68610,82538
26678,68613,82546
26679,68604,82547
26680,68600,82542
26681,68596,82531
26682,68596,82535
26683,68607,82531
26684,68615,82535
26685,68614,82539
26686,68614,82547
26687,68620,82564
26688,68630,82591
26689,68640,82598
26690,68643,82626
26691,68649,82649
26692,68659,82683
26693,68667,82697
26694,68681,82732
26695,68683,82754
26696,68690,82777
26697,68711,82794
26698,68712,82821
26699,68718,82826
26700,68723,82853
26701,68731,82866
26702,68732,82875
26703,68741,82893
26704,68739,82902
26705,68742,82918
26706,68746,82923
26707,68754,82943
26708,68759,82951
26709,68765,82956
26710,68772,82971
26711,68769,82980
26712,68766,82995
26713,68776,83008
26714,68772,83019
26715,68780,83032
26716,68783,83051
26717,68781,83073
26718,68790,83076
26719,68801,83089
26720,68794,83102
26721,68805,83114
26722,68799,83115
26723,68809,83131
26724,68809,83144
26725,68811,83157
26726,68821,83172
26727,68823,83184
26728,68836,83194
26729,68832,83209
26730,68838,83234
26731,68855,83264
26732,68863,83282
26733,68868,83304
26734,68880,83330
26735,68881,83348
26736,68893,83373
26737,68895,83386
26738,68905,83397
26739,68902,83401
26740,68889,83377
26741,68851,83308
26742,68797,83190
26743,68719,83018
26744,68659,82816
26745,68577,82635
26746,68515,82475
26747,68473,82337
26748,68438,82247
26749,68422,82186
26750,68415,82163
26751,68426,82163
26752,68429,82176
26753,68451,82200
26754,68450,82234
26755,68467,82275
26756,68484,82308
26757,68505,82343
26758,68515,82378
26759,68518,82396
26760,68530,82402
26761,68520,82395
26762,68524,82390
26763,68517,82393
26764,68530,82397
26765,68530,82407
26766,68530,82420
26767,68540,82449
26768,68550,82468
26769,68567,82486
26770,68565,82496
26771,68569,82512
26772,68571,82522
26773,68573,82529
26774,68575,82522
26775,68570,82531
26776,68570,82522
26777,68562,82520
26778,68564,82518
26779,68567,82512
26780,68572,82522
26781,68579,82526
26782,68576,82537
26783,68578,82542
26784,68590,82566
26785,68596,82590
26786,68607,82603
26787,68618,82634
26788,68628,82658
26789,68635,82677
26790,68642,82705
26791,68656,82736
26792,68666,82755
26793,68674,82768
26794,68672,82789
26795,68691,82806
26796,68695,82822
26797,68687,82834
26798,68686,82842
26799,68703,82864
26800,68705,82878
26801,68703,82883
26802,68704,82893
26803,68719,82902
26804,68721,82920
26805,68724,82924
26806,68728,82934
26807,68735,82952
26808,68737,82955
26809,68746,82966
26810,68751,82985
26811,68755,82993
26812,68754,82994
26813,68757,83007
26814,68754,83014
26815,68757,83022
26816,68767,83033
26817,68763,83047
26818,68771,83056
26819,68771,83068
26820,68781,83090
26821,68790,83097
26822,68793,83112
26823,68797,83134
26824,68809,83156
26825,68825,83177
26826,68834,83193
26827,68839,83219
26828,68847,83228
26829,68859,83245
26830,68858,83268
26831,68863,83273
26832,68861,83278
26833,68855,83266
26834,68833,83226
26835,68794,83129
26836,68737,82986
26837,68663,82806
26838,68591,82614
26839,68524,82434
26840,68472,82288
26841,68441,82177
26842,68412,82108
26843,68408,82066
26844,68399,82046
26845,68395,82049
26846,68412,82068
26847,68413,82101
26848,68431,82133
26849,68463,82167
26850,68471,82201
26851,68485,82233
26852,68478,82252
26853,68486,82267
26854,68487,82249
26855,68490,82252
26856,68490,82252
26857,68491,82248
26858,68490,82263
26859,68499,82280
26860,68505,82295
26861,68521,82321
26862,68532,82340
26863,68530,82352
26864,68543,82379
26865,68537,82382
26866,68554,82387
26867,68548,82382
26868,68539,82380
26869,68537,82374
26870,68545,82366
26871,68548,82364
26872,68545,82367
26873,68548,82372
26874,68550,82367
26875,68550,82374
26876,68556,82387
26877,68573,82404
26878,68573,82414
26879,68573,82441
26880,68590,82476
26881,68588,82489
26882,68602,82523
26883,68611,82544
26884,68619,82576
26885,68627,82591
26886,68645,82608
26887,68643,82624
26888,68652,82655
26889,68652,82663
26890,68660,82672
26891,68670,82697
26892,68667,82691
26893,68668,82709
26894,68677,82728
26895,68673,82732
26896,68677,82747
26897,68681,82759
26898,68683,82779
26899,68687,82770
26900,68699,82788
26901,68699,82804
26902,68693,82816
26903,68698,82826
26904,68707,82822
26905,68711,82852
26906,68716,82862
26907,68723,82869
26908,68721,82880
26909,68727,82886
26910,68730,82899
26911,68734,82906
26912,68745,82926
26913,68742,82954
26914,68754,82953
26915,68761,82977
26916,68764,83001
26917,68774,83020
26918,68784,83043
26919,68788,83058
26920,68792,83088
26921,68804,83107
26922,68809,83126
26923,68809,83142
26924,68813,83148
26925,68807,83155
26926,68798,83127
26927,68759,83052
26928,68709,82924
26929,68643,82756
26930,68573,82580
26931,68508,82413
26932,68457,82267
26933,68429,82160
26934,68399,82081
26935,68380,82041
26936,68381,82026
26937,68385,82024
26938,68389,82051
26939,68411,82073
26940,68412,82118
26941,68431,82144
26942,68439,82169
26943,68455,82190
26944,68455,82217
26945,68460,82216
26946,68461,82216
26947,68461,82225
26948,68451,82219
26949,68463,82214
26950,68465,82228
26951,68475,82238
26952,68476,82275
26953,68503,82307
26954,68499,82332
26955,68513,82364
26956,68517,82374
26957,68525,82392
26958,68525,82393
26959,68526,82404
26960,68529,82405
26961,68526,82400
26962,68523,82396
26963,68527,82398
26964,68524,82398
26965,68519,82407
26966,68525,82409
26967,68531,82425
26968,68532,82438
26969,68537,82455
26970,68548,82484
26971,68542,82502
26972,68557,82524
26973,68570,82554
26974,68574,82576
26975,68581,82612
26976,68595,82630
26977,68598,82659
26978,68599,82686
26979,68615,82703
26980,68614,82719
26981,68622,82736
26982,68633,82752
26983,68640,82766
26984,68645,82783
26985,68644,82799
26986,68646,82805
26987,68648,82825
26988,68648,82842
26989,68657,82856
26990,68659,82868
26991,68666,82882
26992,68676,82905
26993,68684,82922
26994,68679,82929
26995,68681,82944
26996,68684,82956
26997,68679,82971
26998,68686,82982
26999,68695,82997
27000,68703,83012
27001,68710,83022
27002,68710,83029
27003,68711,83045
27004,68712,83061
27005,68721,83070
27006,68719,83090
27007,68728,83096
27008,68743,83118
27009,68750,83138
27010,68755,83168
27011,68765,83187
27012,68777,83209
27013,68772,83225
27014,68786,83249
27015,68789,83254
27016,68800,83293
27017,68802,83301
27018,68800,83302
27019,68800,83313
27020,68786,83285
27021,68751,83223
27022,68705,83123
27023,68651,82978
27024,68592,82820
27025,68527,82653
27026,68472,82512
27027,68434,82392
27028,68408,82304
27029,68386,82255
27030,68378,82220
27031,68378,82217
27032,68392,82226
27033,68392,82251
27034,68402,82288
27035,68411,82320
27036,68439,82346
27037,68446,82372
27038,68456,82387
27039,68461,82404
27040,68453,82382
27041,68465,82391
27042,68458,82389
27043,68449,82379
27044,68457,82392
27045,68455,82397
27046,68471,82418
27047,68483,82450
27048,68495,82470
27049,68499,82493
27050,68503,82517
27051,68512,82539
27052,68508,82537
27053,68510,82562
27054,68516,82552
27055,68509,82560
27056,68507,82558
27057,68515,82543
27058,68514,82544
27059,68506,82545
27060,68510,82550
27061,68518,82550
27062,68513,82561
27063,68524,82571
27064,68528,82596
27065,68525,82613
27066,68538,82633
27067,68551,82655
27068,68560,82681
27069,68568,82705
27070,68583,82731
27071,68585,82756
27072,68593,82778
27073,68598,82802
27074,68603,82825
27075,68612,82831
27076,68612,82840
27077,68620,82848
27078,68624,82869
27079,68628,82891
27080,68619,82897
27081,68629,82902
27082,68637,82926
27083,68643,82931
27084,68653,82947
27085,68655,82964
27086,68663,82972
27087,68658,82988
27088,68665,82997
27089,68667,83012
27090,68671,83029
27091,68679,83033
27092,68681,83059
27093,68687,83051
27094,68697,83074
27095,68693,83081
27096,68695,83091
27097,68694,83106
27098,68699,83111
27099,68704,83126
27100,68699,83135
27101,68706,83146
27102,68707,83172
27103,68727,83183
27104,68725,83202
27105,68729,83222
27106,68740,83239
27107,68744,83259
27108,68750,83286
27109,68757,83311
27110,68761,83318
27111,68767,83330
27112,68782,83353
27113,68775,83358
27114,68770,83350
27115,68749,83315
27116,68713,83234
27117,68652,83119
27118,68602,82972
27119,68535,82815
27120,68480,82658
27121,68433,82540
27122,68395,82432
27123,68368,82375
27124,68363,82340
27125,68355,82325
27126,68350,82353
27127,68365,82393
27128,68376,82446
27129,68388,82508
27130,68410,82576
27131,68410,82640
27132,68431,82693
27133,68433,82735
27134,68435,82776
27135,68440,82792
27136,68449,82811
27137,68437,82819
27138,68442,82827
27139,68453,82828
27140,68455,82855
27141,68465,82861
27142,68472,82890
27143,68471,82908
27144,68478,82917
27145,68487,82942
27146,68490,82952
27147,68493,82959
27148,68490,82964
27149,68495,82959
27150,68485,82969
27151,68483,82944
27152,68483,82940
27153,68488,82927
27154,68488,82928
27155,68481,82923
27156,68479,82932
27157,68486,82938
27158,68497,82951
27159,68505,82971
27160,68511,83000
27161,68514,83023
27162,68527,83043
27163,68536,83075
27164,68532,83110
27165,68556,83142
27166,68567,83167
27167,68567,83191
27168,68577,83217
27169,68585,83237
27170,68586,83252
27171,68590,83282
27172,68602,83301
27173,68600,83323
27174,68609,83330
27175,68610,83364
27176,68615,83383
27177,68619,83402
27178,68620,83405
27179,68634,83428
27180,68627,83421
27181,68638,83456
27182,68640,83470
27183,68646,83477
27184,68652,83482
27185,68651,83498
27186,68656,83506
27187,68658,83510
27188,68660,83523
27189,68668,83549
27190,68666,83544
27191,68676,83544
27192,68676,83563
27193,68675,83568
27194,68680,83582
27195,68687,83597
27196,68692,83613
27197,68693,83625
27198,68694,83641
27199,68711,83671
27200,68715,83686
27201,68723,83714
27202,68725,83730
27203,68735,83737
27204,68733,83755
27205,68738,83787
27206,68750,83795
27207,68756,83824
27208,68773,83832
27209,68764,83847
27210,68760,83859
27211,68750,83852
27212,68731,83818
27213,68691,83731
27214,68633,83607
27215,68568,83451
27216,68511,83279
27217,68451,83134
27218,68400,82989
27219,68366,82878
27220,68340,82803
27221,68327,82763
27222,68321,82749
27223,68326,82751
27224,68676,83563
27225,68675,83568
27226,68353,82831
27227,68363,82859
27228,68376,82886
27229,68390,82912
27230,68386,82919
27231,68389,82934
27232,68387,82940
27233,68390,82924
27234,68389,82921
27235,68394,82905
27236,68388,82927
27237,68397,82934
27238,68406,82960
27239,68411,82981
27240,68423,82992
27241,68425,83008
27242,68432,83017
27243,68440,83030
27244,68428,83039
27245,68436,83034
27246,68429,83038
27247,68434,83027
27248,68419,83017
27249,68431,83027
27250,68425,83014
27251,68413,83017
27252,68430,83017
27253,68433,83031
27254,68438,83039
27255,68441,83055
27256,68437,83064
27257,68450,83082
27258,68463,83107
27259,68470,83139
27260,68480,83162
27261,68486,83181
27262,68493,83201
27263,68507,83236
27264,68511,83245
27265,68517,83269
27266,68518,83280
27267,68522,83301
27268,68534,83313
27269,68535,83327
27270,68533,83345
27271,68547,83351
27272,68543,83365
27273,68544,83368
27274,68551,83378
27275,68551,83389
27276,68554,83393
27277,68558,83397
27278,68557,83420
27279,68556,83413
27280,68560,83426
27281,68563,83439
27282,68562,83432
27283,68567,83443
27284,68573,83461
27285,68586,83474
27286,68581,83479
27287,68594,83483
27288,68604,83497
27289,68595,83500
27290,68611,83505
27291,68613,83512
27292,68611,83521
27293,68625,83531
27294,68618,83539
27295,68634,83546
27296,68630,83559
27297,68641,83584
27298,68641,83582
27299,68662,83604
27300,68663,83628
27301,68669,83649
27302,68680,83656
27303,68685,83669
27304,68687,83691
27305,68696,83708
27306,68698,83721
27307,68700,83733
27308,68705,83731
27309,68698,83704
27310,68663,83657
27311,68623,83561
27312,68555,83418
27313,68492,83255
27314,68434,83075
27315,68368,82919
27316,68318,82777
27317,68291,82678
27318,68268,82612
27319,68255,82579
27320,68248,82557
27321,68252,82572
27322,68261,82591
27323,68280,82620
27324,68289,82656
27325,68301,82688
27326,68312,82717
27327,68333,82742
27328,68333,82743
27329,68321,82760
27330,68321,82747
27331,68318,82736
27332,68314,82729
27333,68321,82748
27334,68324,82744
27335,68338,82751
27336,68345,82781
27337,68349,82812
27338,68364,82832
27339,68365,82847
27340,68362,82855
27341,68365,82867
27342,68376,82872
27343,68365,82872
27344,68364,82864
27345,68366,82871
27346,68364,82858
27347,68360,82858
27348,68363,82844
27349,68357,82843
27350,68370,82852
27351,68363,82856
27352,68366,82873
27353,68371,82877
27354,68380,82892
27355,68392,82915
27356,68395,82929
27357,68408,82954
27358,68406,82978
27359,68417,83001
27360,68429,83015
27361,68437,83048
27362,68445,83051
27363,68449,83080
27364,68450,83099
27365,68456,83121
27366,68456,83131
27367,68457,83130
27368,68463,83148
27369,68473,83153
27370,68473,83176
27371,68483,83189
27372,68485,83189
27373,68482,83205
27374,68483,83211
27375,68496,83221
27376,68492,83233
27377,68495,83244
27378,68507,83252
27379,68507,83264
27380,68506,83271
27381,68518,83282
27382,68519,83297
27383,68524,83299
27384,68527,83309
27385,68528,83322
27386,68532,83326
27387,68541,83341
27388,68546,83351
27389,68545,83371
27390,68550,83381
27391,68566,83400
27392,68573,83416
27393,68583,83431
27394,68588,83447
27395,68587,83472
27396,68607,83489
27397,68606,83499
27398,68610,83528
27399,68626,83545
27400,68630,83558
27401,68639,83573
27402,68643,83582
27403,68640,83597
27404,68628,83585
27405,68598,83547
27406,68567,83474
27407,68524,83341
27408,68453,83198
27409,68391,83027
27410,68339,82879
27411,68286,82741
27412,68256,82639
27413,68235,82573
27414,68225,82538
27415,68223,82525
27416,68238,82536
27417,68243,82559
27418,68258,82601
27419,68277,82638
27420,68289,82680
27421,68308,82718
27422,68316,82748
27423,68326,82771
27424,68334,82788
27425,68330,82798
27426,68331,82803
27427,68344,82807
27428,68343,82827
27429,68354,82829
27430,68355,82856
27431,68371,82873
27432,68369,82891
27433,68374,82894
27434,68372,82905
27435,68376,82906
27436,68380,82910
27437,68377,82901
27438,68379,82898
27439,68372,82895
27440,68365,82879
27441,68375,82875
27442,68370,82864
27443,68364,82870
27444,68365,82861
27445,68374,82870
27446,68373,82889
27447,68387,82895
27448,68387,82921
27449,68405,82947
27450,68407,82962
27451,68425,82990
27452,68426,83015
27453,68433,83035
27454,68438,83059
27455,68452,83081
27456,68462,83110
27457,68469,83124
27458,68473,83133
27459,68485,83153
27460,68487,83168
27461,68497,83182
27462,68492,83190
27463,68504,83210
27464,68505,83219
27465,68512,83221
27466,68513,83234
27467,68513,83247
27468,68522,83263
27469,68529,83255
27470,68529,83272
27471,68532,83283
27472,68538,83277
27473,68537,83288
27474,68545,83299
27475,68552,83309
27476,68543,83318
27477,68555,83328
27478,68373,82889
27479,68560,83363
27480,68567,83372
27481,68580,83398
27482,68579,83416
27483,68591,83436
27484,68603,83451
27485,68604,83475
27486,68612,83496
27487,68623,83512
27488,68622,83525
27489,68646,83556
27490,68653,83561
27491,68652,83576
27492,68650,83575
27493,68629,83562
27494,68603,83503
27495,68551,83383
27496,68494,83237
27497,68421,83067
27498,68367,82899
27499,68315,82753
27500,68273,82649
27501,68247,82566
27502,68241,82515
27503,68228,82500
27504,68238,82507
27505,68255,82533
27506,68268,82563
27507,68278,82600
27508,68298,82638
27509,68311,82681
27510,68324,82715
27511,68341,82747
27512,68345,82764
27513,68347,82777
27514,68347,82776
27515,68344,82771
27516,68352,82777
27517,68359,82783
27518,68371,82807
27519,68372,82818
27520,68386,82838
27521,68395,82863
27522,68380,82865
27523,68390,82876
27524,68403,82880
27525,68403,82881
27526,68401,82886
27527,68393,82868
27528,68388,82863
27529,68387,82862
27530,68386,82837
27531,68382,82833
27532,68381,82832
27533,68391,82837
27534,68393,82702
27535,68395,82849
27536,68404,82861
27537,68400,82886
27538,68409,82905
27539,68427,82925
27540,68436,82961
27541,68447,82985
27542,68458,83007
27543,68463,83036
27544,68479,83051
27545,68479,83086
27546,68486,83103
27547,68488,83117
27548,68489,83142
27549,68504,83147
27550,68511,83158
27551,68520,83169
27552,68531,83181
27553,68517,83192
27554,68522,83193
27555,68522,83208
27556,68531,83220
27557,68539,83215
27558,68528,83225
27559,68538,83222
27560,68548,83236
27561,68537,83242
27562,68551,83249
27563,68559,83270
27564,68560,83282
27565,68561,83293
27566,68574,83310
27567,68578,83323
27568,68590,83352
27569,68598,83360
27570,68607,83380
27571,68620,83396
27572,68619,83413
27573,68619,83427
27574,68631,83440
27575,68626,83447
27576,68613,83422
27577,68592,83373
27578,68542,83277
27579,68487,83120
27580,68428,82958
27581,68363,82774
27582,68299,82615
27583,68262,82496
27584,68231,82386
27585,68213,82327
27586,68206,82284
27587,68205,82295
27588,68214,82294
27589,68222,82314
27590,68226,82359
27591,68252,82398
27592,68268,82424
27593,68273,82447
27594,68277,82471
27595,68289,82477
27596,68300,82494
27597,68287,82494
27598,68299,82493
27599,68289,82497
27600,68302,82512
27601,68301,82522
27602,68320,82547
27603,68330,82584
27604,68340,82614
27605,68347,82632
27606,68360,82662
27607,68368,82691
27608,68368,82702
27609,68370,82709
27610,68369,82711
27611,68371,82706
27612,68371,82708
27613,68375,82698
27614,68371,82698
27615,68371,82685
27616,68364,82685
27617,68368,82680
27618,68374,82692
27619,68366,82702
27620,68380,82711
27621,68389,82751
27622,68393,82769
27623,68397,82798
27624,68418,82823
27625,68417,82846
27626,68431,82867
27627,68442,82889
27628,68447,82915
27629,68466,82940
27630,68465,82961
27631,68471,82981
27632,68484,82993
27633,68490,83013
27634,68489,83026
27635,68488,83048
27636,68505,83061
27637,68509,83067
27638,68508,83080
27639,68512,83101
27640,68515,83120
27641,68523,83134
27642,68523,83139
27643,68530,83148
27644,68528,83161
27645,68536,83172
27646,68532,83178
27647,68540,83187
27648,68543,83203
27649,68543,83215
27650,68559,83232
27651,68563,83249
27652,68569,83264
27653,68576,83289
27654,68586,83309
27655,68593,83324
27656,68606,83352
27657,68621,83381
27658,68621,83393
27659,68625,83411
27660,68625,83422
27661,68631,83424
27662,68610,83389
27663,68561,83304
27664,68514,83162
27665,68438,82980
27666,68374,82773
27667,68303,82588
27668,68248,82423
27669,68208,82305
27670,68192,82224
27671,68166,82173
27672,68168,82162
27673,68170,82158
27674,68185,82180
27675,68193,82205
27676,68202,82232
27677,68218,82257
27678,68236,82280
27679,68229,82293
27680,68231,82286
27681,68230,82293
27682,68233,82279
27683,68225,82259
27684,68226,82253
27685,68221,82248
27686,68225,82251
27687,68231,82261
27688,68244,82286
27689,68255,82302
27690,68276,82362
27691,68288,82394
27692,68303,82435
27693,68313,82476
27694,68332,82491
27695,68333,82516
27696,68333,82523
27697,68328,82522
27698,68340,82528
27699,68334,82513
27700,68323,82502
27701,68326,82498
27702,68329,82492
27703,68321,82501
27704,68333,82499
27705,68330,82522
27706,68340,82536
27707,68347,82548
27708,68359,82575
27709,68362,82600
27710,68368,82632
27711,68384,82651
27712,68397,82692
27713,68407,82711
27714,68416,82736
27715,68428,82769
27716,68438,82799
27717,68438,82801
27718,68446,82829
27719,68460,82837
27720,68457,82869
27721,68461,82888
27722,68459,82894
27723,68477,82910
27724,68473,82922
27725,68481,82932
27726,68484,82954
27727,68490,82957
27728,68489,82964
27729,68500,82979
27730,68506,83001
27731,68507,83006
27732,68510,83019
27733,68511,83033
27734,68511,83047
27735,68514,83065
27736,68522,83067
27737,68533,83086
27738,68526,83097
27739,68548,83110
27740,68545,83124
27741,68556,83141
27742,68557,83162
27743,68565,83177
27744,68575,83201
27745,68586,83211
27746,68584,83240
27747,68603,83258
27748,68602,83293
27749,68612,83308
27750,68626,83334
27751,68632,83348
27752,68638,83362
27753,68641,83361
27754,68624,83326
27755,68578,83234
27756,68511,83094
27757,68447,82908
27758,68384,82712
27759,68314,82529
27760,68268,82391
27761,68234,82266
27762,68217,82204
27763,68208,82165
27764,68207,82169
27765,68212,82178
27766,68221,82204
27767,68231,82240
27768,68255,82263
27769,68267,82310
27770,68273,82332
27771,68290,82357
27772,68291,82383
27773,68292,82373
27774,68290,82360
27775,68296,82361
27776,68288,82352
27777,68291,82350
27778,68290,82347
27779,68295,82369
27780,68311,82395
27781,68323,82433
27782,68333,82467
27783,68344,82497
27784,68343,82521
27785,68356,82548
27786,68356,82566
27787,68371,82579
27788,68365,82591
27789,68364,82594
27790,68362,82593
27791,68363,82588
27792,68355,82584
27793,68349,82591
27794,68358,82605
27795,68360,82614
27796,68367,82620
27797,68375,82637
27798,68380,82655
27799,68383,82668
27800,68389,82701
27801,68395,82735
27802,68418,82764
27803,68434,82783
27804,68433,82818
27805,68451,82860
27806,68452,82874
27807,68463,82915
27808,68468,82942
27809,68472,82963
27810,68483,83000
27811,68481,83021
27812,68500,83048
27813,68495,83075
27814,68512,83107
27815,68513,83136
27816,68521,83167
27817,68537,83188
27818,68538,83202
27819,68550,83238
27820,68560,83250
27821,68563,83272
27822,68565,83284
27823,68561,83315
27824,68576,83319
27825,68583,83335
27826,68591,83344
27827,68593,83366
27828,68595,83368
27829,68603,83382
27830,68616,83401
27831,68616,83414
27832,68611,83429
27833,68619,83448
27834,68629,83453
27835,68632,83472
27836,68631,83485
27837,68638,83497
27838,68646,83518
27839,68656,83534
27840,68662,83551
27841,68664,83571
27842,68677,83587
27843,68683,83629
27844,68706,83638
27845,68701,83665
27846,68714,83686
27847,68726,83704
27848,68736,83730
27849,68750,83753
27850,68764,83771
27851,68775,83787
27852,68777,83801
27853,68790,83818
27854,68793,83825
27855,68804,83845
27856,68799,83843
27857,68796,83840
27858,68782,83792
27859,68727,83697
27860,68660,83534
27861,68579,83337
27862,68499,83133
27863,68430,82935
27864,68371,82766
27865,68328,82644
27866,68298,82561
27867,68278,82526
27868,68272,82513
27869,68282,82535
27870,68290,82570
27871,68305,82617
27872,68327,82666
27873,68337,82711
27874,68353,82760
27875,68374,82796
27876,68378,82832
27877,68378,82836
27878,68382,82857
27879,68387,82845
27880,68380,82836
27881,68379,82846
27882,68386,82847
27883,68386,82847
27884,68382,82871
27885,68400,82890
27886,68418,82918
27887,68414,82946
27888,68434,82967
27889,68435,82986
27890,68441,83002
27891,68443,83016
27892,68448,83024
27893,68444,83035
27894,68435,83033
27895,68451,83030
27896,68443,83031
27897,68446,83032
27898,68448,83035
27899,68442,83040
27900,68442,83050
27901,68458,83060
27902,68460,83088
27903,68481,83105
27904,68485,83122
27905,68490,83147
27906,68503,83179
27907,68513,83207
27908,68519,83225
27909,68526,83257
27910,68539,83283
27911,68549,83321
27912,68548,83342
27913,68558,83367
27914,68568,83395
27915,68571,83419
27916,68579,83449
27917,68582,83454
27918,68585,83476
27919,68590,83478
27920,68596,83508
27921,68612,83523
27922,68619,83527
27923,68615,83544
27924,68618,83560
27925,68629,83562
27926,68631,83574
27927,68634,83571
27928,68639,83574
27929,68645,83578
27930,68648,83586
27931,68647,83597
27932,68649,83599
27933,68656,83611
27934,68659,83621
27935,68662,83625
27936,68661,83640
27937,68674,83647
27938,68683,83666
27939,68682,83673
27940,68693,83690
27941,68699,83706
27942,68709,83717
27943,68708,83732
27944,68711,83748
27945,68726,83773
27946,68733,83790
27947,68743,83808
27948,68745,83835
27949,68748,83854
27950,68761,83872
27951,68773,83904
27952,68788,83927
27953,68790,83944
27954,68801,83957
27955,68802,83964
27956,68793,83962
27957,68756,83911
27958,68698,83812
27959,68636,83662
27960,68562,83476
27961,68488,83286
27962,68417,83103
27963,68362,82941
27964,68316,82819
27965,68290,82747
27966,68287,82709
27967,68283,82699
27968,68279,82702
27969,68289,82734
27970,68303,82773
27971,68322,82831
27972,68341,82883
27973,68354,82939
27974,68370,82983
27975,68392,83032
27976,68394,83042
27977,68391,83060
27978,68397,83074
27979,68401,83087
27980,68403,83093
27981,68409,83091
27982,68413,83119
27983,68410,83136
27984,68425,83152
27985,68433,83174
27986,68432,83187
27987,68446,83202
27988,68448,83197
27989,68447,83195
27990,68441,83176
27991,68447,83169
27992,68441,83152
27993,68432,83134
27994,68428,83113
27995,68421,83088
27996,68427,83083
27997,68417,83059
27998,68420,83063
27999,68426,83068
28000,68429,83070
28001,68429,83087
28002,68447,83100
28003,68456,83122
28004,68460,83150
28005,68466,83158
28006,68473,83184
28007,68486,83200
28008,68502,83240
28009,68507,83259
28010,68513,83286
28011,68520,83302
28012,68529,83330
28013,68532,83353
28014,68543,83361
28015,68545,83387
28016,68558,83409
28017,68562,83433
28018,68571,83442
28019,68575,83454
28020,68586,83481
28021,68592,83490
28022,68597,83510
28023,68608,83519
28024,68610,83524
28025,68618,83531
28026,68622,83538
28027,68628,83542
28028,68629,83545
28029,68624,83541
28030,68621,83542
28031,68619,83538
28032,68618,83545
28033,68621,83552
28034,68622,83565
28035,68617,83567
28036,68618,83581
28037,68621,83594
28038,68625,83613
28039,68644,83641
28040,68647,83662
28041,68657,83701
28042,68665,83722
28043,68684,83754
28044,68685,83777
28045,68698,83815
28046,68706,83827
28047,68716,83851
28048,68713,83855
28049,68692,83826
28050,68647,83758
28051,68590,83643
28052,68518,83490
28053,68449,83315
28054,68389,83143
28055,68333,82993
28056,68280,82870
28057,68254,82763
28058,68240,82697
28059,68223,82660
28060,68228,82651
28061,68238,82650
28062,68236,82665
28063,68255,82684
28064,68273,82720
28065,68280,82759
28066,68294,82789
28067,68302,82825
28068,68310,82848
28069,68306,82873
28070,68310,82880
28071,68307,82900
28072,68305,82906
28073,68311,82920
28074,68311,82937
28075,68319,82966
28076,68334,82994
28077,68343,83021
28078,68351,83053
28079,68360,83063
28080,68366,83085
28081,68370,83100
28082,68378,83098
28083,68367,83095
28084,68369,83081
28085,68358,83080
28086,68356,83074
28087,68361,83068
28088,68363,83054
28089,68347,83055
28090,68355,83058
28091,68358,83068
28092,68364,83079
28093,68374,83090
28094,68379,83100
28095,68389,83123
28096,68389,83140
28097,68396,83179
28098,68396,83200
28099,68410,83225
28100,68420,83269
28101,68434,83304
28102,68441,83336
28103,68451,83371
28104,68463,83409
28105,68477,83447
28106,68473,83470
28107,68488,83498
28108,68334,82994
28109,68496,83521
28110,68507,83529
28111,68519,83556
28112,68544,83571
28113,68537,83578
28114,68546,83585
28115,68553,83586
28116,68564,83582
28117,68561,83584
28118,68561,83591
28119,68558,83584
28120,68556,83583
28121,68556,83590
28122,68547,83604
28123,68554,83609
28124,68551,83619
28125,68550,83633
28126,68561,83647
28127,68557,83659
28128,68561,83674
28129,68564,83685
28130,68571,83711
28131,68582,83716
28132,68591,83745
28133,68604,83741
28134,68603,83767
28135,68619,83786
28136,68627,83808
28137,68633,83828
28138,68653,83843
28139,68661,83859
28140,68671,83875
28141,68678,83896
28142,68692,83901
28143,68690,83909
28144,68690,83910
28145,68680,83894
28146,68652,83844
28147,68597,83726
28148,68531,83558
28149,68449,83359
28150,68362,83151
28151,68293,82964
28152,68233,82797
28153,68190,82663
28154,68153,82576
28155,68131,82528
28156,68133,82510
28157,68132,82508
28158,68141,82533
28159,68149,82565
28160,68171,82598
28161,68176,82657
28162,68196,82703
28163,68214,82741
28164,68222,82774
28165,68231,82804
28166,68244,82820
28167,68244,82828
28168,68239,82839
28169,68246,82837
28170,68245,82855
28171,68252,82857
28172,68262,82877
28173,68271,82889
28174,68275,82900
28175,68273,82913
28176,68276,82923
28177,68279,82918
28178,68280,82909
28179,68276,82908
28180,68276,82907
28181,68275,82901
28182,68264,82886
28183,68265,82877
28184,68269,82864
28185,68269,82862
28186,68265,82855
28187,68266,82853
28188,68268,82851
28189,68273,82863
28190,68283,82880
28191,68286,82888
28192,68288,82910
28193,68305,82939
28194,68315,82953
28195,68327,82981
28196,68347,82997
28197,68348,83023
28198,68363,83056
28199,68375,83071
28200,68385,83098
28201,68393,83114
28202,68393,83120
28203,68409,83150
28204,68417,83159
28205,68421,83171
28206,68426,83186
28207,68431,83187
28208,68429,83185
28209,68435,83195
28210,68429,83206
28211,68436,83222
28212,68443,83236
28213,68438,83257
28214,68439,83263
28215,68448,83270
28216,68446,83297
28217,68449,83302
28218,68455,83317
28219,68467,83341
28220,68471,83358
28221,68465,83367
28222,68476,83389
28223,68481,83410
28224,68501,83435
28225,68501,83454
28226,68518,83479
28227,68525,83481
28228,68533,83505
28229,68543,83525
28230,68545,83537
28231,68548,83555
28232,68559,83564
28233,68558,83548
28234,68517,83493
28235,68476,83404
28236,68408,83260
28237,68338,83092
28238,68265,82907
28239,68197,82751
28240,68143,82607
28241,68108,82518
28242,68080,82455
28243,68075,82419
28244,68078,82411
28245,68087,82433
28246,68092,82463
28247,68106,82492
28248,68125,82547
28249,68148,82584
28250,68160,82634
28251,68180,82668
28252,68192,82711
28253,68196,82734
28254,68208,82758
28255,68214,82767
28256,68223,82793
28257,68226,82810
28258,68231,82826
28259,68234,82844
28260,68242,82877
28261,68255,82895
28262,68249,82897
28263,68248,82891
28264,68250,82904
28265,68241,82887
28266,68238,82886
28267,68236,82881
28268,68229,82855
28269,68229,82843
28270,68226,82837
28271,68224,82832
28272,68229,82831
28273,68231,82835
28274,68229,82834
28275,68225,82845
28276,68244,82857
28277,68239,82869
28278,68248,82888
28279,68262,82906
28280,68272,82936
28281,68283,82967
28282,68293,82995
28283,68298,83022
28284,68305,83042
28285,68330,83076
28286,68330,83099
28287,68335,83123
28288,68349,83140
28289,68354,83158
28290,68360,83173
28291,68365,83188
28292,68365,83201
28293,68376,83213
28294,68377,83233
28295,68389,83240
28296,68385,83244
28297,68395,83257
28298,68392,83270
28299,68403,83283
28300,68402,83289
28301,68400,83299
28302,68408,83305
28303,68403,83308
28304,68418,83327
28305,68410,83329
28306,68426,83341
28307,68426,83358
28308,68443,83392
28309,68446,83404
28310,68455,83418
28311,68465,83427
28312,68466,83444
28313,68465,83463
28314,68473,83482
28315,68467,83497
28316,68463,83480
28317,68442,83429
28318,68382,83347
28319,68322,83206
28320,68252,83026
28321,68174,82853
28322,68120,82682
28323,68061,82546
28324,68038,82449
28325,68015,82388
28326,68001,82344
28327,67997,82342
28328,68003,82334
28329,68019,82364
28330,68031,82397
28331,68044,82440
28332,68063,82477
28333,68080,82513
28334,68102,82549
28335,68101,82573
28336,68111,82601
28337,68123,82602
28338,68124,82599
28339,68123,82608
28340,68134,82623
28341,68138,82629
28342,68136,82638
28343,68150,82646
28344,68155,82667
28345,68152,82672
28346,68142,82691
28347,68158,82688
28348,68152,82686
28349,68145,82684
28350,68153,82691
28351,68146,82680
28352,68143,82674
28353,68136,82670
28354,68140,82668
28355,68142,82667
28356,68139,82668
28357,68147,82672
28358,68151,82688
28359,68161,82705
28360,68162,82731
28361,68169,82738
28362,68182,82776
28363,68198,82790
28364,68201,82832
28365,68213,82856
28366,68226,82897
28367,68239,82913
28368,68242,82942
28369,68256,82975
28370,68266,82998
28371,68282,83023
28372,68288,83037
28373,68295,83054
28374,68301,83071
28375,68298,83086
28376,68313,83098
28377,68319,83116
28378,68328,83131
28379,68329,83137
28380,68329,83147
28381,68334,83151
28382,68334,83159
28383,68332,83166
28384,68338,83173
28385,68342,83183
28386,68336,83191
28387,68350,83185
28388,68355,83213
28389,68355,83228
28390,68375,83236
28391,68365,83257
28392,68383,83272
28393,68379,83293
28394,68391,83313
28395,68405,83333
28396,68410,83349
28397,68410,83363
28398,68413,83375
28399,68408,83364
28400,68386,83325
28401,68343,83228
28402,68272,83093
28403,68192,82921
28404,68131,82733
28405,68055,82563
28406,67995,82411
28407,67968,82311
28408,67949,82235
28409,67926,82180
28410,67918,82166
28411,67932,82175
28412,67937,82191
28413,67954,82217
28414,67965,82243
28415,67975,82272
28416,67994,82317
28417,67998,82350
28418,68011,82371
28419,68017,82384
28420,68027,82375
28421,68019,82374
28422,68014,82383
28423,68011,82384
28424,68020,82390
28425,68022,82399
28426,68034,82415
28427,68035,82444
28428,68044,82468
28429,68059,82490
28430,68064,82499
28431,68075,82513
28432,68084,82535
28433,68073,82533
28434,68078,82539
28435,68073,82538
28436,68070,82529
28437,68076,82535
28438,68071,82513
28439,68073,82515
28440,68079,82512
28441,68071,82523
28442,68080,82536
28443,68085,82556
28444,68092,82568
28445,68101,82574
28446,68105,82609
28447,68114,82623
28448,68124,82655
28449,68133,82682
28450,68145,82706
28451,68158,82732
28452,68166,82762
28453,68172,82787
28454,68180,82804
28455,68180,82826
28456,68192,82842
28457,68192,82862
28458,68208,82876
28459,68206,82885
28460,68200,82901
28461,68210,82905
28462,68222,82918
28463,68219,82930
28464,68218,82947
28465,68225,82945
28466,68231,82958
28467,68230,82966
28468,68231,82973
28469,68240,82997
28470,68245,82991
28471,68253,83007
28472,68259,83027
28473,68260,83035
28474,68271,83048
28475,68275,83065
28476,68279,83092
28477,68288,83113
28478,68297,83125
28479,68298,83149
28480,68314,83174
28481,68318,83188
28482,68325,83210
28483,68325,83220
28484,68328,83213
28485,68302,83198
28486,68262,83103
28487,68206,82981
28488,68130,82799
28489,68063,82621
28490,68001,82442
28491,67949,82297
28492,67906,82179
28493,67881,82113
28494,67867,82062
28495,67863,82052
28496,67870,82041
28497,67872,82067
28498,67887,82087
28499,67901,82121
28500,67917,82158
28501,67926,82190
28502,67938,82208
28503,67949,82235
28504,67946,82245
28505,67954,82249
28506,67953,82242
28507,67941,82245
28508,67950,82236
28509,67953,82244
28510,67954,82252
28511,67963,82265
28512,67977,82302
28513,67990,82332
28514,68002,82359
28515,68011,82388
28516,68018,82401
28517,68018,82421
28518,68018,82430
28519,68021,82447
28520,68026,82448
28521,68023,82450
28522,68030,82447
28523,68024,82442
28524,68026,82449
28525,68019,82448
28526,68025,82444
28527,68023,82457
28528,68033,82468
28529,68047,82481
28530,68045,82492
28531,68047,82516
28532,68063,82544
28533,68069,82569
28534,68080,82585
28535,68082,82609
28536,68093,82641
28537,68108,82668
28538,68106,82684
28539,68116,82704
28540,68124,82727
28541,68129,82738
28542,68136,82767
28543,68144,82781
28544,68144,82803
28545,68147,82817
28546,68147,82829
28547,68164,82838
28548,68163,82857
28549,68166,82871
28550,68173,82877
28551,68186,82901
28552,68180,82903
28553,68181,82912
28554,68196,82921
28555,68197,82921
28556,68198,82939
28557,68199,82947
28558,68206,82950
28559,68205,82965
28560,68204,82968
28561,68212,82980
28562,68217,82987
28563,68224,83009
28564,68237,83030
28565,68243,83048
28566,68251,83063
28567,68257,83087
28568,68269,83106
28569,68276,83122
28570,68291,83141
28571,68289,83165
28572,68296,83179
28573,68298,83192
28574,68299,83202
28575,68282,83169
28576,68259,83110
28577,68196,82976
28578,68123,82811
28579,68055,82623
28580,67988,82432
28581,67920,82278
28582,67881,82148
28583,67854,82061
28584,67841,82003
28585,67836,81985
28586,67829,81980
28587,67839,81994
28588,67850,82018
28589,67867,82043
28590,67871,82082
28591,67890,82112
28592,67911,82148
28593,67914,82165
28594,67925,82187
28595,67914,82189
28596,67919,82193
28597,67922,82177
28598,67924,82180
28599,67923,82181
28600,67930,82188
28601,67943,82213
28602,67949,82234
28603,67959,82259
28604,67969,82295
28605,67976,82310
28606,67977,82333
28607,67975,82336
28608,67990,82351
28609,67991,82348
28610,67992,82352
28611,67997,82349
28612,67990,82346
28613,67993,82352
28614,67990,82342
28615,68000,82343
28616,67993,82346
28617,67991,82349
28618,67995,82369
28619,67998,82386
28620,68013,82415
28621,68025,82435
28622,68032,82456
28623,68036,82484
28624,68043,82510
28625,68064,82544
28626,68069,82565
28627,68078,82587
28628,68086,82611
28629,68094,82631
28630,68103,82654
28631,68106,82676
28632,68116,82687
28633,68116,82707
28634,68127,82726
28635,68133,82734
28636,68140,82751
28637,68136,82761
28638,68136,82775
28639,68144,82778
28640,68149,82790
28641,68154,82801
28642,68156,82802
28643,68167,82820
28644,68158,82829
28645,68167,82836
28646,68164,82852
28647,68180,82865
28648,68184,82873
28649,68185,82879
28650,68198,82917
28651,68194,82928
28652,68202,82952
28653,68219,82981
28654,68231,82997
28655,68229,83011
28656,68238,83014
28657,68241,83031
28658,68223,83036
28659,68222,83010
28660,68181,82955
28661,68134,82832
28662,68073,82688
28663,68014,82536
28664,67963,82375
28665,67906,82241
28666,67865,82128
28667,67841,82051
28668,67831,82005
28669,67817,81983
28670,67826,81982
28671,67844,82000
28672,67846,82033
28673,67865,82065
28674,67878,82089
28675,67879,82119
28676,67904,82142
28677,67910,82169
28678,67910,82180
28679,67914,82183
28680,67918,82184
28681,67917,82185
28682,67927,82181
28683,67925,82196
28684,67941,82209
28685,67946,82239
28686,67948,82256
28687,67972,82281
28688,67979,82302
28689,67980,82323
28690,67987,82343
28691,68000,82338
28692,67998,82359
28693,68009,82361
28694,68003,82359
28695,68006,82349
28696,67993,82358
28697,67990,82348
28698,67994,82358
28699,67997,82350
28700,68007,82363
28701,68005,82367
28702,68013,82387
28703,68013,82398
28704,68022,82421
28705,68038,82444
28706,68047,82473
28707,68055,82494
28708,68060,82518
28709,68068,82545
28710,68068,82567
28711,68087,82579
28712,68084,82609
28713,68099,82629
28714,68107,82643
28715,68111,82649
28716,68121,82668
28717,68116,82684
28718,68121,82687
28719,68129,82703
28720,68131,82714
28721,68136,82729
28722,68135,82734
28723,68141,82748
28724,68142,82759
28725,68138,82772
28726,68148,82785
28727,68154,82798
28728,67993,82358
28729,68172,82848
28730,68181,82860
28731,68187,82873
28732,68199,82899
28733,68207,82909
28734,68204,82934
28735,68223,82954
28736,68226,82964
28737,68227,82967
28738,68225,82975
28739,68218,82961
28740,68196,82925
28741,68160,82848
28742,68109,82739
28743,68049,82590
28744,67998,82445
28745,67947,82309
28746,67903,82188
28747,67878,82097
28748,67860,82042
28749,67845,82015
28750,67851,82007
28751,67842,82014
28752,67858,82034
28753,67872,82065
28754,67889,82103
28755,67901,82136
28756,67918,82176
28757,67924,82196
28758,67937,82214
28759,67929,82239
28760,67941,82235
28761,67946,82240
28762,67947,82245
28763,67943,82250
28764,67955,82267
28765,67958,82279
28766,67976,82302
28767,67990,82341
28768,67997,82350
28769,67994,82375
28770,68004,82382
28771,68009,82397
28772,68012,82404
28773,68009,82402
28774,68008,82399
28775,68011,82403
28776,68013,82389
28777,68021,82389
28778,68007,82387
28779,68005,82394
28780,68008,82400
28781,68010,82405
28782,68017,82425
28783,68021,82440
28784,68032,82460
28785,68038,82485
28786,68046,82508
28787,68048,82526
28788,68057,82551
28789,68063,82573
28790,68078,82598
28791,68080,82623
28792,68095,82649
28793,68106,82670
28794,68104,82683
28795,68115,82712
28796,68119,82726
28797,68139,82745
28798,68131,82756
28799,68141,82767
28800,68142,82783
28801,68149,82795
28802,68152,82809
28803,68160,82823
28804,68171,82836
28805,68171,82844
28806,68180,82851
28807,68182,82867
28808,68182,82870
28809,68183,82880
28810,68191,82884
28811,68198,82910
28812,68205,82924
28813,68205,82919
28814,68207,82937
28815,68211,82947
28816,68223,82968
28817,68232,82985
28818,68239,83003
28819,68237,83019
28820,68247,83041
28821,68254,83068
28822,68267,83092
28823,68276,83096
28824,68287,83116
28825,68294,83125
28826,68285,83141
28827,68281,83128
28828,68270,83101
28829,68221,83024
28830,68168,82900
28831,68095,82753
28832,68034,82578
28833,67969,82430
28834,67922,82288
28835,67895,82188
28836,67866,82117
28837,67853,82065
28838,67857,82052
28839,67865,82066
28840,67878,82094
28841,67894,82122
28842,67911,82159
28843,67925,82193
28844,67936,82236
28845,67947,82267
28846,67954,82283
28847,67971,82299
28848,67964,82306
28849,67968,82303
28850,67959,82306
28851,67969,82311
28852,67972,82318
28853,67982,82341
28854,67986,82352
28855,68002,82379
28856,67996,82407
28857,68010,82426
28858,68014,82431
28859,68018,82446
28860,68017,82451
28861,68015,82446
28862,68018,82454
28863,68019,82455
28864,68017,82451
28865,68019,82452
28866,68017,82451
28867,68015,82450
28868,68020,82449
28869,68026,82469
28870,68022,82479
28871,68032,82483
28872,68036,82492
28873,68046,82522
28874,68052,82538
28875,68062,82574
28876,68063,82597
28877,68079,82624
28878,68094,82648
28879,68101,82666
28880,68107,82697
28881,68116,82708
28882,68116,82734
28883,68132,82748
28884,68133,82755
28885,68143,82779
28886,68145,82790
28887,68159,82806
28888,68166,82820
28889,68177,82846
28890,68178,82847
28891,68184,82875
28892,68190,82886
28893,68193,82891
28894,68205,82905
28895,68205,82921
